seed,candidate_id,source,candidate_kind,path,declared_label_idx,declared_label_name,visual_label_idx,visual_label_name,known_drift,label_source,generator_id,prompt,gate_mode,gate_decision,gate_reason,prototype_pred_idx,prototype_pred_name,prototype_confidence,prototype_distance,quality_mean,quality_std,external_gate_decision,external_filter_reason,metadata_json
0,7f341115d76053,procedural_proxy,useful,,0,red_square,0,red_square,0,direct_label_preservation,procedural_proxy_generator_v1,proxy candidate for red_square,prototype_gate,retain,retain,0,red_square,0.7045270768411647,35.57252532856964,0.16912785947712417,0.22336447387324324,,,"{""source_low_shot_index"": 0}"
0,dd49f2cde4daa7,procedural_proxy,label_drift,,0,red_square,4,purple_diamond,1,direct_label_preservation,procedural_proxy_generator_v1,proxy candidate for red_square,prototype_gate,reject,prototype_label_mismatch,4,purple_diamond,0.929733442075923,50.92824620297705,0.31196001838235293,0.2678438129098389,,,"{""source_low_shot_index"": 0}"
0,2019ded3c5b667,procedural_proxy,label_drift,,0,red_square,1,green_circle,1,direct_label_preservation,procedural_proxy_generator_v1,proxy candidate for red_square,prototype_gate,retain,retain,0,red_square,0.8736112382470144,46.64626822339822,0.27524765114379085,0.2429984751523022,,,"{""source_low_shot_index"": 0}"
0,748758f13ccbcb,procedural_proxy,useful,,0,red_square,0,red_square,0,direct_label_preservation,procedural_proxy_generator_v1,proxy candidate for red_square,prototype_gate,retain,retain,0,red_square,0.9973117397729173,19.90354516544062,0.19270705678104574,0.2419821190817703,,,"{""source_low_shot_index"": 0}"
0,04a2dffb8b966e,procedural_proxy,label_drift,,0,red_square,2,blue_x,1,direct_label_preservation,procedural_proxy_generator_v1,proxy candidate for red_square,prototype_gate,reject,low_confidence+prototype_label_mismatch,2,blue_x,0.3225704471249058,50.15002562410246,0.20574448529411762,0.2170907624681211,,,"{""source_low_shot_index"": 0}"
0,2bf248faf8aa27,procedural_proxy,label_drift,,0,red_square,3,yellow_triangle,1,direct_label_preservation,procedural_proxy_generator_v1,proxy candidate for red_square,prototype_gate,reject,prototype_label_mismatch,3,yellow_triangle,0.9652903978650652,29.448080988116786,0.2267846200980392,0.21296799908005654,,,"{""source_low_shot_index"": 0}"
0,a2f6ba24691989,procedural_proxy,useful,,0,red_square,0,red_square,0,direct_label_preservation,procedural_proxy_generator_v1,proxy candidate for red_square,prototype_gate,retain,retain,0,red_square,0.9908981655443405,38.920529017259206,0.2246923508986928,0.20443780646995535,,,"{""source_low_shot_index"": 0}"
0,df8c6b4342cd07,procedural_proxy,useful,,0,red_square,0,red_square,0,direct_label_preservation,procedural_proxy_generator_v1,proxy candidate for red_square,prototype_gate,retain,retain,0,red_square,0.8804020748788806,57.33987755751249,0.28343673406862746,0.17660149074828058,,,"{""source_low_shot_index"": 0}"
0,d198a271c43115,procedural_proxy,label_drift,,0,red_square,3,yellow_triangle,1,direct_label_preservation,procedural_proxy_generator_v1,proxy candidate for red_square,prototype_gate,reject,prototype_label_mismatch,3,yellow_triangle,0.8227023669448762,34.7794739984355,0.23906122344771244,0.24796412724356195,,,"{""source_low_shot_index"": 0}"
0,2bd8dadd93a05c,procedural_proxy,label_drift,,0,red_square,4,purple_diamond,1,direct_label_preservation,procedural_proxy_generator_v1,proxy candidate for red_square,prototype_gate,reject,prototype_label_mismatch,4,purple_diamond,0.9057341407871468,46.62635840385648,0.27466681985294117,0.2836547192197851,,,"{""source_low_shot_index"": 0}"
0,6ae86ba0bc9fee,procedural_proxy,useful,,0,red_square,0,red_square,0,direct_label_preservation,procedural_proxy_generator_v1,proxy candidate for red_square,prototype_gate,retain,retain,0,red_square,0.987567903545431,50.49150701117599,0.27785054125816994,0.24327184871081078,,,"{""source_low_shot_index"": 0}"
0,18f1e7796d694e,procedural_proxy,artifact,,0,red_square,0,red_square,1,direct_label_preservation,procedural_proxy_generator_v1,proxy candidate for red_square,prototype_gate,reject,low_confidence+far_from_real_prototype+prototype_label_mismatch,2,blue_x,0.4211256012204002,156.19600374118878,0.5750893586601308,0.3005470912294113,,,"{""source_low_shot_index"": 0}"
0,1974a358828e5e,procedural_proxy,artifact,,0,red_square,0,red_square,1,direct_label_preservation,procedural_proxy_generator_v1,proxy candidate for red_square,prototype_gate,reject,low_confidence+far_from_real_prototype+prototype_label_mismatch,2,blue_x,0.3841449980629491,147.57166435840628,0.49616779003267975,0.29014470477260823,,,"{""source_low_shot_index"": 0}"
0,dbe4d2cb8c0fef,procedural_proxy,useful,,0,red_square,0,red_square,0,direct_label_preservation,procedural_proxy_generator_v1,proxy candidate for red_square,prototype_gate,retain,retain,0,red_square,0.9566975905622382,47.000030080847445,0.19751838235294117,0.1898145964699137,,,"{""source_low_shot_index"": 0}"
0,7077052e70125a,procedural_proxy,label_drift,,0,red_square,1,green_circle,1,direct_label_preservation,procedural_proxy_generator_v1,proxy candidate for red_square,prototype_gate,reject,prototype_label_mismatch,3,yellow_triangle,0.8713872866545911,39.81543989446497,0.24341043709150326,0.1666810999800929,,,"{""source_low_shot_index"": 0}"
0,8b5620a674c2b4,procedural_proxy,label_drift,,0,red_square,2,blue_x,1,direct_label_preservation,procedural_proxy_generator_v1,proxy candidate for red_square,prototype_gate,reject,prototype_label_mismatch,2,blue_x,0.7352768407357706,63.87810878958023,0.25493642769607844,0.14715432565329387,,,"{""source_low_shot_index"": 0}"
0,a29e4df2f7be7d,procedural_proxy,label_drift,,0,red_square,4,purple_diamond,1,direct_label_preservation,procedural_proxy_generator_v1,proxy candidate for red_square,prototype_gate,reject,low_confidence+prototype_label_mismatch,4,purple_diamond,0.38043707823971784,69.98864255989929,0.21255106209150323,0.3068017457679473,,,"{""source_low_shot_index"": 0}"
0,f92c2051effe9d,procedural_proxy,label_drift,,0,red_square,3,yellow_triangle,1,direct_label_preservation,procedural_proxy_generator_v1,proxy candidate for red_square,prototype_gate,reject,prototype_label_mismatch,4,purple_diamond,0.7383477127713357,43.11626159894903,0.21609860089869282,0.23779747080325167,,,"{""source_low_shot_index"": 0}"
0,8d1c087608e5e6,procedural_proxy,useful,,0,red_square,0,red_square,0,direct_label_preservation,procedural_proxy_generator_v1,proxy candidate for red_square,prototype_gate,retain,retain,0,red_square,0.7864556955875583,37.57683107826139,0.13087724673202614,0.16461131427048975,,,"{""source_low_shot_index"": 0}"
0,5d7b16d1373e9c,procedural_proxy,label_drift,,0,red_square,3,yellow_triangle,1,direct_label_preservation,procedural_proxy_generator_v1,proxy candidate for red_square,prototype_gate,reject,prototype_label_mismatch,3,yellow_triangle,0.9929029292811835,23.447583329766665,0.24523335375816993,0.22988038459504329,,,"{""source_low_shot_index"": 0}"
0,f6e948e00d905d,procedural_proxy,label_drift,,0,red_square,4,purple_diamond,1,direct_label_preservation,procedural_proxy_generator_v1,proxy candidate for red_square,prototype_gate,retain,retain,0,red_square,0.5501837795836924,41.40226695521826,0.24607843137254903,0.2780878579762386,,,"{""source_low_shot_index"": 1}"
0,23380b941c40e2,procedural_proxy,label_drift,,0,red_square,3,yellow_triangle,1,direct_label_preservation,procedural_proxy_generator_v1,proxy candidate for red_square,prototype_gate,reject,prototype_label_mismatch,3,yellow_triangle,0.9786943367936588,57.38666230587131,0.25823503880718957,0.2907593523123525,,,"{""source_low_shot_index"": 1}"
0,a9e9d1c6312843,procedural_proxy,label_drift,,0,red_square,3,yellow_triangle,1,direct_label_preservation,procedural_proxy_generator_v1,proxy candidate for red_square,prototype_gate,reject,prototype_label_mismatch,3,yellow_triangle,0.8552097122058008,52.16555800646255,0.2951593137254902,0.18868069944780902,,,"{""source_low_shot_index"": 1}"
0,679a33534936ef,procedural_proxy,label_drift,,0,red_square,4,purple_diamond,1,direct_label_preservation,procedural_proxy_generator_v1,proxy candidate for red_square,prototype_gate,reject,prototype_label_mismatch,2,blue_x,0.8193223407953389,46.63796885783191,0.20640701593137256,0.2410519280121746,,,"{""source_low_shot_index"": 1}"
0,1f2b298d6cc42c,procedural_proxy,artifact,,0,red_square,0,red_square,1,direct_label_preservation,procedural_proxy_generator_v1,proxy candidate for red_square,prototype_gate,reject,low_confidence+far_from_real_prototype+prototype_label_mismatch,2,blue_x,0.41908906193295475,148.02847586432233,0.5061440461601308,0.2926701626097519,,,"{""source_low_shot_index"": 1}"
0,90a28b72156ec8,procedural_proxy,label_drift,,0,red_square,3,yellow_triangle,1,direct_label_preservation,procedural_proxy_generator_v1,proxy candidate for red_square,prototype_gate,reject,prototype_label_mismatch,3,yellow_triangle,0.9768187696533374,24.785352496835955,0.24527292687908497,0.2807986974831675,,,"{""source_low_shot_index"": 1}"
0,fb2d256336de78,procedural_proxy,label_drift,,0,red_square,3,yellow_triangle,1,direct_label_preservation,procedural_proxy_generator_v1,proxy candidate for red_square,prototype_gate,reject,prototype_label_mismatch,2,blue_x,0.5360309908210386,47.620985790212565,0.1922219669117647,0.21374451060326718,,,"{""source_low_shot_index"": 1}"
0,a75897ae4810bf,procedural_proxy,label_drift,,0,red_square,3,yellow_triangle,1,direct_label_preservation,procedural_proxy_generator_v1,proxy candidate for red_square,prototype_gate,reject,prototype_label_mismatch,3,yellow_triangle,0.9301444046841343,35.1511575155024,0.24513250612745097,0.22566806358140262,,,"{""source_low_shot_index"": 1}"
0,534a4d5cc0d49a,procedural_proxy,label_drift,,0,red_square,3,yellow_triangle,1,direct_label_preservation,procedural_proxy_generator_v1,proxy candidate for red_square,prototype_gate,reject,prototype_label_mismatch,3,yellow_triangle,0.566251411727095,43.25789133591235,0.21796364379084968,0.18568135236044694,,,"{""source_low_shot_index"": 1}"
0,41f5c0f1e1f3e7,procedural_proxy,useful,,0,red_square,0,red_square,0,direct_label_preservation,procedural_proxy_generator_v1,proxy candidate for red_square,prototype_gate,retain,retain,0,red_square,0.9731624249271158,29.448222344640374,0.18554815155228757,0.19997232204387957,,,"{""source_low_shot_index"": 1}"
0,123cab9a67e8d5,procedural_proxy,label_drift,,0,red_square,4,purple_diamond,1,direct_label_preservation,procedural_proxy_generator_v1,proxy candidate for red_square,prototype_gate,reject,prototype_label_mismatch,2,blue_x,0.8645956380129011,62.64804571591204,0.2974800857843137,0.15238364156087136,,,"{""source_low_shot_index"": 1}"
0,87c11d8c84b031,procedural_proxy,useful,,0,red_square,0,red_square,0,direct_label_preservation,procedural_proxy_generator_v1,proxy candidate for red_square,prototype_gate,reject,low_confidence+prototype_label_mismatch,2,blue_x,0.31809980576617397,50.05331694265926,0.2403658598856209,0.17141856681400927,,,"{""source_low_shot_index"": 1}"
0,a24ad5f1e5722a,procedural_proxy,label_drift,,0,red_square,3,yellow_triangle,1,direct_label_preservation,procedural_proxy_generator_v1,proxy candidate for red_square,prototype_gate,reject,prototype_label_mismatch,3,yellow_triangle,0.5739487858208066,27.74156233061817,0.15893331290849674,0.13757308024016257,,,"{""source_low_shot_index"": 1}"
0,0ba217faf0fbdd,procedural_proxy,label_drift,,0,red_square,1,green_circle,1,direct_label_preservation,procedural_proxy_generator_v1,proxy candidate for red_square,prototype_gate,reject,prototype_label_mismatch,3,yellow_triangle,0.8476204948932443,41.25328552089742,0.24917534722222223,0.17324029730603147,,,"{""source_low_shot_index"": 1}"
0,97eed845d592b3,procedural_proxy,label_drift,,0,red_square,2,blue_x,1,direct_label_preservation,procedural_proxy_generator_v1,proxy candidate for red_square,prototype_gate,reject,prototype_label_mismatch,3,yellow_triangle,0.8011910134625544,45.59254887194438,0.24781837214052285,0.21041058501512505,,,"{""source_low_shot_index"": 1}"
0,32fd5dbf876939,procedural_proxy,label_drift,,0,red_square,2,blue_x,1,direct_label_preservation,procedural_proxy_generator_v1,proxy candidate for red_square,prototype_gate,reject,prototype_label_mismatch,2,blue_x,0.8852217295106852,35.53826742993831,0.2211971507352941,0.13452110176423815,,,"{""source_low_shot_index"": 1}"
0,3485140016fd59,procedural_proxy,label_drift,,0,red_square,4,purple_diamond,1,direct_label_preservation,procedural_proxy_generator_v1,proxy candidate for red_square,prototype_gate,reject,prototype_label_mismatch,2,blue_x,0.6683816940018663,36.84887808845234,0.2376123366013072,0.18107128750357332,,,"{""source_low_shot_index"": 1}"
0,5cce395097ebbe,procedural_proxy,label_drift,,0,red_square,1,green_circle,1,direct_label_preservation,procedural_proxy_generator_v1,proxy candidate for red_square,prototype_gate,reject,prototype_label_mismatch,1,green_circle,0.7144295989245483,42.807333940761495,0.20330371732026142,0.16537416557419055,,,"{""source_low_shot_index"": 1}"
0,5571c7cbbb5dc2,procedural_proxy,label_drift,,0,red_square,1,green_circle,1,direct_label_preservation,procedural_proxy_generator_v1,proxy candidate for red_square,prototype_gate,reject,prototype_label_mismatch,1,green_circle,0.9427336231416579,24.090783418349734,0.20361647263071894,0.1862460795663669,,,"{""source_low_shot_index"": 1}"
0,4131e4fedfccf4,procedural_proxy,label_drift,,0,red_square,2,blue_x,1,direct_label_preservation,procedural_proxy_generator_v1,proxy candidate for red_square,prototype_gate,reject,prototype_label_mismatch,2,blue_x,0.8788861486632437,50.48052535866331,0.19375255310457518,0.16149278637534226,,,"{""source_low_shot_index"": 1}"
0,82e0d1bf6453f9,procedural_proxy,label_drift,,0,red_square,2,blue_x,1,direct_label_preservation,procedural_proxy_generator_v1,proxy candidate for red_square,prototype_gate,reject,prototype_label_mismatch,2,blue_x,0.7939822515335653,57.880790753685396,0.26086345996732024,0.1642879917866545,,,"{""source_low_shot_index"": 2}"
0,09817781fc41c7,procedural_proxy,label_drift,,0,red_square,3,yellow_triangle,1,direct_label_preservation,procedural_proxy_generator_v1,proxy candidate for red_square,prototype_gate,reject,prototype_label_mismatch,2,blue_x,0.8247536073191555,37.80541671401631,0.18891952614379084,0.12640526887319217,,,"{""source_low_shot_index"": 2}"
0,593ce49575adad,procedural_proxy,artifact,,0,red_square,0,red_square,1,direct_label_preservation,procedural_proxy_generator_v1,proxy candidate for red_square,prototype_gate,reject,low_confidence+far_from_real_prototype+prototype_label_mismatch,2,blue_x,0.41239213369194955,146.22194402729377,0.5011437908496732,0.29219826351430883,,,"{""source_low_shot_index"": 2}"
0,dc4a4891b07e43,procedural_proxy,artifact,,0,red_square,0,red_square,1,direct_label_preservation,procedural_proxy_generator_v1,proxy candidate for red_square,prototype_gate,reject,low_confidence+far_from_real_prototype+prototype_label_mismatch,2,blue_x,0.4909822601320137,147.4725503039766,0.5454810049019608,0.32873471431337603,,,"{""source_low_shot_index"": 2}"
0,7e842309427c7b,procedural_proxy,label_drift,,0,red_square,3,yellow_triangle,1,direct_label_preservation,procedural_proxy_generator_v1,proxy candidate for red_square,prototype_gate,reject,low_confidence+prototype_label_mismatch,3,yellow_triangle,0.3711959622591458,44.11441428187031,0.25673891952614375,0.13331123470433856,,,"{""source_low_shot_index"": 2}"
0,04b0d138ca3c75,procedural_proxy,useful,,0,red_square,0,red_square,0,direct_label_preservation,procedural_proxy_generator_v1,proxy candidate for red_square,prototype_gate,reject,prototype_label_mismatch,3,yellow_triangle,0.789778902363569,28.594712222704388,0.18168785743464053,0.16083262304265664,,,"{""source_low_shot_index"": 2}"
0,7581ab636eef33,procedural_proxy,label_drift,,0,red_square,1,green_circle,1,direct_label_preservation,procedural_proxy_generator_v1,proxy candidate for red_square,prototype_gate,reject,prototype_label_mismatch,2,blue_x,0.6795083981005196,59.91951623448119,0.2395756740196078,0.2224551098039192,,,"{""source_low_shot_index"": 2}"
0,943db1d453f43b,procedural_proxy,label_drift,,0,red_square,2,blue_x,1,direct_label_preservation,procedural_proxy_generator_v1,proxy candidate for red_square,prototype_gate,reject,prototype_label_mismatch,2,blue_x,0.904855287720728,32.66467395141205,0.15432751225490196,0.15819944158925575,,,"{""source_low_shot_index"": 2}"
0,d45a0debdf9930,procedural_proxy,useful,,0,red_square,0,red_square,0,direct_label_preservation,procedural_proxy_generator_v1,proxy candidate for red_square,prototype_gate,reject,prototype_label_mismatch,3,yellow_triangle,0.7317329850961428,34.551216389882256,0.20153696895424836,0.18665281984891072,,,"{""source_low_shot_index"": 2}"
0,695e4361f6606d,procedural_proxy,label_drift,,0,red_square,2,blue_x,1,direct_label_preservation,procedural_proxy_generator_v1,proxy candidate for red_square,prototype_gate,reject,prototype_label_mismatch,2,blue_x,0.9009601896424367,44.24686927683632,0.21969081903594775,0.15615133089715177,,,"{""source_low_shot_index"": 2}"
0,07b04e64408a02,procedural_proxy,label_drift,,0,red_square,3,yellow_triangle,1,direct_label_preservation,procedural_proxy_generator_v1,proxy candidate for red_square,prototype_gate,reject,prototype_label_mismatch,3,yellow_triangle,0.741239187940062,58.07074404738751,0.2765535641339869,0.27688940228283526,,,"{""source_low_shot_index"": 2}"
0,cb7f478971b9b3,procedural_proxy,label_drift,,0,red_square,2,blue_x,1,direct_label_preservation,procedural_proxy_generator_v1,proxy candidate for red_square,prototype_gate,reject,prototype_label_mismatch,2,blue_x,0.5119814979296431,33.6922246544312,0.14274918300653597,0.16136738683671897,,,"{""source_low_shot_index"": 2}"
0,8d0d794ae8cc1f,procedural_proxy,label_drift,,0,red_square,2,blue_x,1,direct_label_preservation,procedural_proxy_generator_v1,proxy candidate for red_square,prototype_gate,reject,prototype_label_mismatch,2,blue_x,0.8973121075842747,35.77941479087078,0.18878548815359478,0.16422703433201816,,,"{""source_low_shot_index"": 2}"
0,102ffd9fc3369c,procedural_proxy,label_drift,,0,red_square,1,green_circle,1,direct_label_preservation,procedural_proxy_generator_v1,proxy candidate for red_square,prototype_gate,reject,prototype_label_mismatch,2,blue_x,0.5255300049225535,37.04165346856244,0.17206648284313728,0.15239802897359286,,,"{""source_low_shot_index"": 2}"
0,69fc5106378983,procedural_proxy,artifact,,0,red_square,0,red_square,1,direct_label_preservation,procedural_proxy_generator_v1,proxy candidate for red_square,prototype_gate,reject,low_confidence+far_from_real_prototype+prototype_label_mismatch,2,blue_x,0.4491115055820438,146.38410146849012,0.496194597630719,0.2872870301082433,,,"{""source_low_shot_index"": 2}"
0,43d415b7cf534e,procedural_proxy,label_drift,,0,red_square,2,blue_x,1,direct_label_preservation,procedural_proxy_generator_v1,proxy candidate for red_square,prototype_gate,reject,prototype_label_mismatch,2,blue_x,0.8914820071821886,42.533714400529256,0.2015356924019608,0.20911588780701018,,,"{""source_low_shot_index"": 2}"
0,6c9b34e2ebdb59,procedural_proxy,useful,,0,red_square,0,red_square,0,direct_label_preservation,procedural_proxy_generator_v1,proxy candidate for red_square,prototype_gate,reject,low_confidence+prototype_label_mismatch,3,yellow_triangle,0.4192728457949834,50.70830565253631,0.2577869689542484,0.15369046714986817,,,"{""source_low_shot_index"": 2}"
0,772e203a190106,procedural_proxy,label_drift,,0,red_square,3,yellow_triangle,1,direct_label_preservation,procedural_proxy_generator_v1,proxy candidate for red_square,prototype_gate,reject,prototype_label_mismatch,2,blue_x,0.6348516393349247,27.715371615859496,0.19731030433006533,0.1542103005883455,,,"{""source_low_shot_index"": 2}"
0,0be9456cc81dbf,procedural_proxy,artifact,,0,red_square,0,red_square,1,direct_label_preservation,procedural_proxy_generator_v1,proxy candidate for red_square,prototype_gate,reject,low_confidence+far_from_real_prototype+prototype_label_mismatch,2,blue_x,0.45647377051650917,145.64050861171657,0.496789470996732,0.286909380293352,,,"{""source_low_shot_index"": 2}"
0,54f308e7323e45,procedural_proxy,label_drift,,0,red_square,4,purple_diamond,1,direct_label_preservation,procedural_proxy_generator_v1,proxy candidate for red_square,prototype_gate,retain,retain,0,red_square,0.7030968805849107,43.37158477213587,0.2244612949346405,0.21790663676306782,,,"{""source_low_shot_index"": 2}"
0,fb534e9a9001d8,procedural_proxy,useful,,0,red_square,0,red_square,0,direct_label_preservation,procedural_proxy_generator_v1,proxy candidate for red_square,prototype_gate,reject,low_confidence,0,red_square,0.43610583724722357,51.71721257843696,0.23731489991830065,0.19530347881799212,,,"{""source_low_shot_index"": 3}"
0,f8e9c5a5455ee3,procedural_proxy,label_drift,,0,red_square,4,purple_diamond,1,direct_label_preservation,procedural_proxy_generator_v1,proxy candidate for red_square,prototype_gate,reject,prototype_label_mismatch,2,blue_x,0.5129964969660977,56.0831467938694,0.25317095588235294,0.2140243862135907,,,"{""source_low_shot_index"": 3}"
0,5c17368c5c28b1,procedural_proxy,label_drift,,0,red_square,1,green_circle,1,direct_label_preservation,procedural_proxy_generator_v1,proxy candidate for red_square,prototype_gate,reject,prototype_label_mismatch,2,blue_x,0.7365267965553268,28.679630435527727,0.17677568423202614,0.13563219262808424,,,"{""source_low_shot_index"": 3}"
0,d27d678399ef39,procedural_proxy,useful,,0,red_square,0,red_square,0,direct_label_preservation,procedural_proxy_generator_v1,proxy candidate for red_square,prototype_gate,retain,retain,0,red_square,0.7653877686685999,29.516124830867003,0.20871885212418304,0.2070103467194494,,,"{""source_low_shot_index"": 3}"
0,7f3878a289c253,procedural_proxy,useful,,0,red_square,0,red_square,0,direct_label_preservation,procedural_proxy_generator_v1,proxy candidate for red_square,prototype_gate,retain,retain,0,red_square,0.9233275130364176,38.350712855794775,0.2502974366830066,0.21839956583599687,,,"{""source_low_shot_index"": 3}"
0,8ef24a332bf72c,procedural_proxy,label_drift,,0,red_square,2,blue_x,1,direct_label_preservation,procedural_proxy_generator_v1,proxy candidate for red_square,prototype_gate,retain,retain,0,red_square,0.6619160854882636,30.027923836633935,0.2164751838235294,0.18987110480327526,,,"{""source_low_shot_index"": 3}"
0,fdd2fb7d4ad523,procedural_proxy,artifact,,0,red_square,0,red_square,1,direct_label_preservation,procedural_proxy_generator_v1,proxy candidate for red_square,prototype_gate,reject,low_confidence+far_from_real_prototype+prototype_label_mismatch,2,blue_x,0.4232401586553628,146.05681334027898,0.49673840890522875,0.28649744360832596,,,"{""source_low_shot_index"": 3}"
0,b6a1ad4ac8aac6,procedural_proxy,artifact,,0,red_square,0,red_square,1,direct_label_preservation,procedural_proxy_generator_v1,proxy candidate for red_square,prototype_gate,reject,low_confidence+far_from_real_prototype+prototype_label_mismatch,2,blue_x,0.3894017024184293,144.79367803166352,0.4942874285130719,0.2898766717879928,,,"{""source_low_shot_index"": 3}"
0,8d7975a2b4b3ab,procedural_proxy,label_drift,,0,red_square,3,yellow_triangle,1,direct_label_preservation,procedural_proxy_generator_v1,proxy candidate for red_square,prototype_gate,reject,low_confidence+prototype_label_mismatch,3,yellow_triangle,0.4879678509290705,48.131361791913186,0.27610804738562095,0.17742129623201386,,,"{""source_low_shot_index"": 3}"
0,36682ef5c2bcdc,procedural_proxy,artifact,,0,red_square,0,red_square,1,direct_label_preservation,procedural_proxy_generator_v1,proxy candidate for red_square,prototype_gate,reject,far_from_real_prototype+prototype_label_mismatch,2,blue_x,0.5775810660229928,133.9275877898165,0.4557649101307189,0.294841779842901,,,"{""source_low_shot_index"": 3}"
0,b83f6a4e1ce177,procedural_proxy,label_drift,,0,red_square,2,blue_x,1,direct_label_preservation,procedural_proxy_generator_v1,proxy candidate for red_square,prototype_gate,reject,prototype_label_mismatch,2,blue_x,0.9414794912810409,25.77352419113008,0.20513301674836604,0.13786933251714809,,,"{""source_low_shot_index"": 3}"
0,5e62486ab7b1c7,procedural_proxy,label_drift,,0,red_square,3,yellow_triangle,1,direct_label_preservation,procedural_proxy_generator_v1,proxy candidate for red_square,prototype_gate,reject,prototype_label_mismatch,3,yellow_triangle,0.9480804416402643,28.974256122415216,0.26151833129084967,0.26260942813778904,,,"{""source_low_shot_index"": 3}"
0,faa4301667a24e,procedural_proxy,label_drift,,0,red_square,4,purple_diamond,1,direct_label_preservation,procedural_proxy_generator_v1,proxy candidate for red_square,prototype_gate,reject,low_confidence+prototype_label_mismatch,2,blue_x,0.3664615213750463,39.77157871305267,0.2689785028594771,0.2005870705769946,,,"{""source_low_shot_index"": 3}"
0,6285e42c2d4e4e,procedural_proxy,useful,,0,red_square,0,red_square,0,direct_label_preservation,procedural_proxy_generator_v1,proxy candidate for red_square,prototype_gate,retain,retain,0,red_square,0.9832796347084333,34.536808244241044,0.201522926879085,0.24505477255774114,,,"{""source_low_shot_index"": 3}"
0,4b9305640313a8,procedural_proxy,label_drift,,0,red_square,1,green_circle,1,direct_label_preservation,procedural_proxy_generator_v1,proxy candidate for red_square,prototype_gate,reject,prototype_label_mismatch,2,blue_x,0.5985432133085787,48.433279709241404,0.2591222426470588,0.19208473932136233,,,"{""source_low_shot_index"": 3}"
0,5b57549c2cd71c,procedural_proxy,useful,,0,red_square,0,red_square,0,direct_label_preservation,procedural_proxy_generator_v1,proxy candidate for red_square,prototype_gate,reject,prototype_label_mismatch,3,yellow_triangle,0.8376097062723855,31.894154917003412,0.21787428513071894,0.23339380281896485,,,"{""source_low_shot_index"": 3}"
0,88aced064a0139,procedural_proxy,label_drift,,0,red_square,3,yellow_triangle,1,direct_label_preservation,procedural_proxy_generator_v1,proxy candidate for red_square,prototype_gate,retain,retain,0,red_square,0.9650020619416871,42.012495876386275,0.19970894607843137,0.17059831650373106,,,"{""source_low_shot_index"": 3}"
0,7fc88f2d420805,procedural_proxy,label_drift,,0,red_square,3,yellow_triangle,1,direct_label_preservation,procedural_proxy_generator_v1,proxy candidate for red_square,prototype_gate,reject,prototype_label_mismatch,3,yellow_triangle,0.8349819840409313,26.938242088394787,0.1873519199346405,0.188057238832895,,,"{""source_low_shot_index"": 3}"
0,de130867415bf7,procedural_proxy,label_drift,,0,red_square,3,yellow_triangle,1,direct_label_preservation,procedural_proxy_generator_v1,proxy candidate for red_square,prototype_gate,reject,prototype_label_mismatch,3,yellow_triangle,0.9542474766860679,50.83526325644438,0.29864685457516343,0.23081601955318284,,,"{""source_low_shot_index"": 3}"
0,2a5393d0e225cb,procedural_proxy,label_drift,,0,red_square,4,purple_diamond,1,direct_label_preservation,procedural_proxy_generator_v1,proxy candidate for red_square,prototype_gate,reject,low_confidence,0,red_square,0.48792846365306913,47.93767177121385,0.24212750204248365,0.19483952105458113,,,"{""source_low_shot_index"": 3}"
0,0092b4648abf7b,procedural_proxy,label_drift,,1,green_circle,4,purple_diamond,1,direct_label_preservation,procedural_proxy_generator_v1,proxy candidate for green_circle,prototype_gate,reject,low_confidence+prototype_label_mismatch,2,blue_x,0.4430433042934666,40.847708497220836,0.26728834763071896,0.2398992534196921,,,"{""source_low_shot_index"": 4}"
0,d2260f31b63ffc,procedural_proxy,useful,,1,green_circle,1,green_circle,0,direct_label_preservation,procedural_proxy_generator_v1,proxy candidate for green_circle,prototype_gate,reject,low_confidence+prototype_label_mismatch,2,blue_x,0.4736783611549343,46.56437196509584,0.2213362949346405,0.15837795843407113,,,"{""source_low_shot_index"": 4}"
0,f4f54732420c6e,procedural_proxy,useful,,1,green_circle,1,green_circle,0,direct_label_preservation,procedural_proxy_generator_v1,proxy candidate for green_circle,prototype_gate,retain,retain,1,green_circle,0.6770113357369786,38.786407790038716,0.20297947303921568,0.165771678879629,,,"{""source_low_shot_index"": 4}"
0,75b1bec951a40e,procedural_proxy,label_drift,,1,green_circle,3,yellow_triangle,1,direct_label_preservation,procedural_proxy_generator_v1,proxy candidate for green_circle,prototype_gate,reject,prototype_label_mismatch,3,yellow_triangle,0.9518918677352873,27.578616072581102,0.2109426062091503,0.24595592300713168,,,"{""source_low_shot_index"": 4}"
0,698ab494767f1e,procedural_proxy,label_drift,,1,green_circle,2,blue_x,1,direct_label_preservation,procedural_proxy_generator_v1,proxy candidate for green_circle,prototype_gate,reject,prototype_label_mismatch,2,blue_x,0.9918119106260818,24.834911046884656,0.20259650735294119,0.17219983778494732,,,"{""source_low_shot_index"": 4}"
0,9f2a7d11144f9c,procedural_proxy,artifact,,1,green_circle,1,green_circle,1,direct_label_preservation,procedural_proxy_generator_v1,proxy candidate for green_circle,prototype_gate,reject,low_confidence+far_from_real_prototype+prototype_label_mismatch,2,blue_x,0.3988621443514637,151.52454632724857,0.5315053104575164,0.27307407208599943,,,"{""source_low_shot_index"": 4}"
0,e8f3729f8b0ca8,procedural_proxy,label_drift,,1,green_circle,3,yellow_triangle,1,direct_label_preservation,procedural_proxy_generator_v1,proxy candidate for green_circle,prototype_gate,reject,prototype_label_mismatch,2,blue_x,0.648041729685352,51.98084489138087,0.24628395629084968,0.1523753874924293,,,"{""source_low_shot_index"": 4}"
0,8385258802e06b,procedural_proxy,label_drift,,1,green_circle,3,yellow_triangle,1,direct_label_preservation,procedural_proxy_generator_v1,proxy candidate for green_circle,prototype_gate,reject,prototype_label_mismatch,3,yellow_triangle,0.9811428333476494,58.35415963106501,0.23198401756535944,0.32231777841319015,,,"{""source_low_shot_index"": 4}"
0,074fdb74f27c57,procedural_proxy,artifact,,1,green_circle,1,green_circle,1,direct_label_preservation,procedural_proxy_generator_v1,proxy candidate for green_circle,prototype_gate,reject,low_confidence+far_from_real_prototype+prototype_label_mismatch,2,blue_x,0.41034598110960746,146.88610710399234,0.4978196486928104,0.2867864598630979,,,"{""source_low_shot_index"": 4}"
0,80fd00563e108e,procedural_proxy,label_drift,,1,green_circle,0,red_square,1,direct_label_preservation,procedural_proxy_generator_v1,proxy candidate for green_circle,prototype_gate,reject,low_confidence+prototype_label_mismatch,3,yellow_triangle,0.3238757140391384,45.96463233809532,0.23013556985294115,0.1957285909509489,,,"{""source_low_shot_index"": 4}"
0,4a8f61463880f5,procedural_proxy,label_drift,,1,green_circle,2,blue_x,1,direct_label_preservation,procedural_proxy_generator_v1,proxy candidate for green_circle,prototype_gate,reject,low_confidence+prototype_label_mismatch,2,blue_x,0.4961600012074636,55.06911562963732,0.2628944546568628,0.1086988974520912,,,"{""source_low_shot_index"": 4}"
0,ff29101bfbc398,procedural_proxy,artifact,,1,green_circle,1,green_circle,1,direct_label_preservation,procedural_proxy_generator_v1,proxy candidate for green_circle,prototype_gate,reject,low_confidence+far_from_real_prototype+prototype_label_mismatch,2,blue_x,0.4257879399048092,144.33154550100113,0.4912211499183006,0.2891543109280359,,,"{""source_low_shot_index"": 4}"
0,9c52a4cf8a8fb4,procedural_proxy,label_drift,,1,green_circle,4,purple_diamond,1,direct_label_preservation,procedural_proxy_generator_v1,proxy candidate for green_circle,prototype_gate,reject,low_confidence+prototype_label_mismatch,0,red_square,0.3895682623702648,49.74068199318623,0.2584329044117647,0.17199272862558912,,,"{""source_low_shot_index"": 4}"
0,718fe68ff07ff3,procedural_proxy,label_drift,,1,green_circle,0,red_square,1,direct_label_preservation,procedural_proxy_generator_v1,proxy candidate for green_circle,prototype_gate,reject,prototype_label_mismatch,4,purple_diamond,0.9644073358961861,50.831444757927976,0.2726192299836601,0.31711352421014394,,,"{""source_low_shot_index"": 4}"
0,cdf525ef11783a,procedural_proxy,label_drift,,1,green_circle,3,yellow_triangle,1,direct_label_preservation,procedural_proxy_generator_v1,proxy candidate for green_circle,prototype_gate,reject,prototype_label_mismatch,3,yellow_triangle,0.721662248827503,25.1553834738189,0.15266033496732026,0.11925113734387537,,,"{""source_low_shot_index"": 4}"
0,71863b1b1c96e6,procedural_proxy,artifact,,1,green_circle,1,green_circle,1,direct_label_preservation,procedural_proxy_generator_v1,proxy candidate for green_circle,prototype_gate,reject,low_confidence+far_from_real_prototype+prototype_label_mismatch,2,blue_x,0.4641175870739328,147.9575130518173,0.4986634497549019,0.2900167809649736,,,"{""source_low_shot_index"": 4}"
0,cbe1b122761692,procedural_proxy,label_drift,,1,green_circle,4,purple_diamond,1,direct_label_preservation,procedural_proxy_generator_v1,proxy candidate for green_circle,prototype_gate,reject,low_confidence+prototype_label_mismatch,0,red_square,0.3382561199275469,64.30465257511771,0.28220230800653595,0.2721418669577931,,,"{""source_low_shot_index"": 4}"
0,21948c5d808a01,procedural_proxy,label_drift,,1,green_circle,4,purple_diamond,1,direct_label_preservation,procedural_proxy_generator_v1,proxy candidate for green_circle,prototype_gate,reject,prototype_label_mismatch,4,purple_diamond,0.777647036134699,31.474264332210673,0.2256025326797386,0.20152789733387377,,,"{""source_low_shot_index"": 4}"
0,9207a92fb23d5f,procedural_proxy,useful,,1,green_circle,1,green_circle,0,direct_label_preservation,procedural_proxy_generator_v1,proxy candidate for green_circle,prototype_gate,reject,prototype_label_mismatch,2,blue_x,0.7858401896060234,26.71856676913667,0.18071129493464055,0.12769477795752576,,,"{""source_low_shot_index"": 4}"
0,5cffefdef15406,procedural_proxy,useful,,1,green_circle,1,green_circle,0,direct_label_preservation,procedural_proxy_generator_v1,proxy candidate for green_circle,prototype_gate,retain,retain,1,green_circle,0.687831139578886,34.31853968574858,0.19604779411764706,0.18327302935920836,,,"{""source_low_shot_index"": 4}"
0,46f7aa9d24eb7a,procedural_proxy,artifact,,1,green_circle,1,green_circle,1,direct_label_preservation,procedural_proxy_generator_v1,proxy candidate for green_circle,prototype_gate,reject,low_confidence+far_from_real_prototype+prototype_label_mismatch,2,blue_x,0.4279514568881796,144.72146067429887,0.4989149305555556,0.2910028318696357,,,"{""source_low_shot_index"": 5}"
0,9a6b085b5ba4ee,procedural_proxy,label_drift,,1,green_circle,2,blue_x,1,direct_label_preservation,procedural_proxy_generator_v1,proxy candidate for green_circle,prototype_gate,reject,prototype_label_mismatch,2,blue_x,0.8095532694361841,50.33294095118852,0.22140395220588238,0.19726520678060638,,,"{""source_low_shot_index"": 5}"
0,1d8271256f815f,procedural_proxy,useful,,1,green_circle,1,green_circle,0,direct_label_preservation,procedural_proxy_generator_v1,proxy candidate for green_circle,prototype_gate,reject,low_confidence+prototype_label_mismatch,2,blue_x,0.4003320318349424,60.62287578460365,0.2294730392156863,0.23665091737946628,,,"{""source_low_shot_index"": 5}"
0,5c05d13ddf050a,procedural_proxy,artifact,,1,green_circle,1,green_circle,1,direct_label_preservation,procedural_proxy_generator_v1,proxy candidate for green_circle,prototype_gate,reject,far_from_real_prototype+prototype_label_mismatch,2,blue_x,0.6423615899928045,131.97160622526596,0.45352711397058826,0.3207954571385271,,,"{""source_low_shot_index"": 5}"
0,e896c761c1ab97,procedural_proxy,label_drift,,1,green_circle,3,yellow_triangle,1,direct_label_preservation,procedural_proxy_generator_v1,proxy candidate for green_circle,prototype_gate,reject,prototype_label_mismatch,3,yellow_triangle,0.5250769429710627,52.48868052796622,0.2532641441993464,0.19534117886635308,,,"{""source_low_shot_index"": 5}"
0,da57a41bd3376b,procedural_proxy,label_drift,,1,green_circle,2,blue_x,1,direct_label_preservation,procedural_proxy_generator_v1,proxy candidate for green_circle,prototype_gate,reject,low_confidence+prototype_label_mismatch,2,blue_x,0.40304904484847165,46.211808475801824,0.164007608251634,0.21911133675852232,,,"{""source_low_shot_index"": 5}"
0,d9a967b205dc1f,procedural_proxy,label_drift,,1,green_circle,2,blue_x,1,direct_label_preservation,procedural_proxy_generator_v1,proxy candidate for green_circle,prototype_gate,reject,prototype_label_mismatch,2,blue_x,0.8607925643651491,30.95765775398766,0.1443487030228758,0.1450847354752004,,,"{""source_low_shot_index"": 5}"
0,5025d271c310d1,procedural_proxy,label_drift,,1,green_circle,3,yellow_triangle,1,direct_label_preservation,procedural_proxy_generator_v1,proxy candidate for green_circle,prototype_gate,reject,prototype_label_mismatch,0,red_square,0.6824491845394711,44.543152159751614,0.24129646650326797,0.24303794277336335,,,"{""source_low_shot_index"": 5}"
0,b0310bdb4a6160,procedural_proxy,label_drift,,1,green_circle,4,purple_diamond,1,direct_label_preservation,procedural_proxy_generator_v1,proxy candidate for green_circle,prototype_gate,reject,prototype_label_mismatch,3,yellow_triangle,0.671531783451397,37.85752513410626,0.21834405637254903,0.21731539655246707,,,"{""source_low_shot_index"": 5}"
0,1a2af002ff4679,procedural_proxy,useful,,1,green_circle,1,green_circle,0,direct_label_preservation,procedural_proxy_generator_v1,proxy candidate for green_circle,prototype_gate,retain,retain,1,green_circle,0.7542832937439488,50.15061848653729,0.22634548611111113,0.15140169449439475,,,"{""source_low_shot_index"": 5}"
0,daeaa7e4599f09,procedural_proxy,label_drift,,1,green_circle,4,purple_diamond,1,direct_label_preservation,procedural_proxy_generator_v1,proxy candidate for green_circle,prototype_gate,reject,prototype_label_mismatch,2,blue_x,0.6595134685436554,46.50177395118499,0.22683695874183007,0.20170580476920427,,,"{""source_low_shot_index"": 5}"
0,53cf24c265cbc6,procedural_proxy,label_drift,,1,green_circle,0,red_square,1,direct_label_preservation,procedural_proxy_generator_v1,proxy candidate for green_circle,prototype_gate,reject,prototype_label_mismatch,3,yellow_triangle,0.8064976037271937,35.65751801164625,0.21546287785947713,0.18108959655394388,,,"{""source_low_shot_index"": 5}"
0,32d36532fd6584,procedural_proxy,useful,,1,green_circle,1,green_circle,0,direct_label_preservation,procedural_proxy_generator_v1,proxy candidate for green_circle,prototype_gate,retain,retain,1,green_circle,0.6654764766345964,41.69319367949121,0.13917228349673202,0.19451268777204744,,,"{""source_low_shot_index"": 5}"
0,545446d82e2f6c,procedural_proxy,label_drift,,1,green_circle,3,yellow_triangle,1,direct_label_preservation,procedural_proxy_generator_v1,proxy candidate for green_circle,prototype_gate,reject,prototype_label_mismatch,3,yellow_triangle,0.9649548266361173,47.76475942064698,0.2608838848039216,0.17906700178108337,,,"{""source_low_shot_index"": 5}"
0,c5358e5d433fb7,procedural_proxy,label_drift,,1,green_circle,4,purple_diamond,1,direct_label_preservation,procedural_proxy_generator_v1,proxy candidate for green_circle,prototype_gate,reject,prototype_label_mismatch,2,blue_x,0.6717830332825951,55.942616031691685,0.28724724264705886,0.1295629862552327,,,"{""source_low_shot_index"": 5}"
0,ec824928de4bcb,procedural_proxy,label_drift,,1,green_circle,0,red_square,1,direct_label_preservation,procedural_proxy_generator_v1,proxy candidate for green_circle,prototype_gate,reject,prototype_label_mismatch,4,purple_diamond,0.9144365476181535,30.68176325255679,0.23020960988562092,0.21919607494422863,,,"{""source_low_shot_index"": 5}"
0,1b7bf731e7f0c8,procedural_proxy,artifact,,1,green_circle,1,green_circle,1,direct_label_preservation,procedural_proxy_generator_v1,proxy candidate for green_circle,prototype_gate,reject,low_confidence+far_from_real_prototype+prototype_label_mismatch,2,blue_x,0.4194882115321271,145.2662662318279,0.4982919730392157,0.2862321814318193,,,"{""source_low_shot_index"": 5}"
0,4b2bbb9d176284,procedural_proxy,label_drift,,1,green_circle,4,purple_diamond,1,direct_label_preservation,procedural_proxy_generator_v1,proxy candidate for green_circle,prototype_gate,reject,prototype_label_mismatch,0,red_square,0.9748805165752996,29.677287267886328,0.20230800653594772,0.16690324539209353,,,"{""source_low_shot_index"": 5}"
0,1b18d17cb83ba6,procedural_proxy,artifact,,1,green_circle,1,green_circle,1,direct_label_preservation,procedural_proxy_generator_v1,proxy candidate for green_circle,prototype_gate,reject,low_confidence+far_from_real_prototype+prototype_label_mismatch,2,blue_x,0.4017215798777517,155.84169670127883,0.5610830269607844,0.2736676487292036,,,"{""source_low_shot_index"": 5}"
0,9b5fb99aa3ac75,procedural_proxy,useful,,1,green_circle,1,green_circle,0,direct_label_preservation,procedural_proxy_generator_v1,proxy candidate for green_circle,prototype_gate,retain,retain,1,green_circle,0.5301397361547455,32.42022117424852,0.20843673406862742,0.16733990643818866,,,"{""source_low_shot_index"": 5}"
0,168a3413324474,procedural_proxy,label_drift,,1,green_circle,3,yellow_triangle,1,direct_label_preservation,procedural_proxy_generator_v1,proxy candidate for green_circle,prototype_gate,reject,prototype_label_mismatch,3,yellow_triangle,0.9992150237183953,36.974600768610635,0.234554993872549,0.26707899221964837,,,"{""source_low_shot_index"": 6}"
0,f1544018049cf8,procedural_proxy,label_drift,,1,green_circle,0,red_square,1,direct_label_preservation,procedural_proxy_generator_v1,proxy candidate for green_circle,prototype_gate,reject,prototype_label_mismatch,0,red_square,0.9922773561703803,31.365426448744333,0.18067427491830065,0.23514070158955985,,,"{""source_low_shot_index"": 6}"
0,4acd9da52c61a3,procedural_proxy,label_drift,,1,green_circle,4,purple_diamond,1,direct_label_preservation,procedural_proxy_generator_v1,proxy candidate for green_circle,prototype_gate,reject,prototype_label_mismatch,0,red_square,0.9582899953094198,30.84385848688569,0.13213848039215687,0.12657130299125843,,,"{""source_low_shot_index"": 6}"
0,2c5ccf0654b3d2,procedural_proxy,label_drift,,1,green_circle,3,yellow_triangle,1,direct_label_preservation,procedural_proxy_generator_v1,proxy candidate for green_circle,prototype_gate,reject,prototype_label_mismatch,3,yellow_triangle,0.7860027634416634,42.85895460459931,0.20284926470588235,0.239549285819577,,,"{""source_low_shot_index"": 6}"
0,421bf043fe4ab3,procedural_proxy,label_drift,,1,green_circle,0,red_square,1,direct_label_preservation,procedural_proxy_generator_v1,proxy candidate for green_circle,prototype_gate,reject,prototype_label_mismatch,0,red_square,0.52605279354794,45.114388718496976,0.24590992647058826,0.2680762565649838,,,"{""source_low_shot_index"": 6}"
0,f2bcb640d37fcf,procedural_proxy,label_drift,,1,green_circle,2,blue_x,1,direct_label_preservation,procedural_proxy_generator_v1,proxy candidate for green_circle,prototype_gate,retain,retain,1,green_circle,0.5723942009468909,50.59616739174521,0.22520424836601305,0.18714991007575835,,,"{""source_low_shot_index"": 6}"
0,2d15f34bd4a35a,procedural_proxy,useful,,1,green_circle,1,green_circle,0,direct_label_preservation,procedural_proxy_generator_v1,proxy candidate for green_circle,prototype_gate,reject,prototype_label_mismatch,3,yellow_triangle,0.8444050978843843,41.29966622227864,0.23814465890522873,0.17821312902585412,,,"{""source_low_shot_index"": 6}"
0,639ba8002accf3,procedural_proxy,label_drift,,1,green_circle,3,yellow_triangle,1,direct_label_preservation,procedural_proxy_generator_v1,proxy candidate for green_circle,prototype_gate,reject,prototype_label_mismatch,3,yellow_triangle,0.9968543628872145,45.07768987615954,0.21108430351307192,0.25649745496584386,,,"{""source_low_shot_index"": 6}"
0,6fd39747e3a752,procedural_proxy,label_drift,,1,green_circle,3,yellow_triangle,1,direct_label_preservation,procedural_proxy_generator_v1,proxy candidate for green_circle,prototype_gate,reject,low_confidence+prototype_label_mismatch,0,red_square,0.34658286572323127,50.747037701794255,0.14696818831699346,0.22253748376435484,,,"{""source_low_shot_index"": 6}"
0,38eb3e354a3f36,procedural_proxy,label_drift,,1,green_circle,3,yellow_triangle,1,direct_label_preservation,procedural_proxy_generator_v1,proxy candidate for green_circle,prototype_gate,reject,prototype_label_mismatch,3,yellow_triangle,0.9719252638178644,41.211884154589214,0.23823657066993464,0.25960922979015627,,,"{""source_low_shot_index"": 6}"
0,55cb0b8b5414f0,procedural_proxy,useful,,1,green_circle,1,green_circle,0,direct_label_preservation,procedural_proxy_generator_v1,proxy candidate for green_circle,prototype_gate,reject,prototype_label_mismatch,2,blue_x,0.8355217510061979,47.29262031882726,0.21200597426470588,0.16135310721459395,,,"{""source_low_shot_index"": 6}"
0,34d1eb84fbf73f,procedural_proxy,artifact,,1,green_circle,1,green_circle,1,direct_label_preservation,procedural_proxy_generator_v1,proxy candidate for green_circle,prototype_gate,reject,far_from_real_prototype+prototype_label_mismatch,2,blue_x,0.5126883075215038,145.92434674907605,0.49573759191176475,0.2592082091039122,,,"{""source_low_shot_index"": 6}"
0,1689f2f2af01e1,procedural_proxy,label_drift,,1,green_circle,4,purple_diamond,1,direct_label_preservation,procedural_proxy_generator_v1,proxy candidate for green_circle,prototype_gate,reject,prototype_label_mismatch,4,purple_diamond,0.6813586542149264,44.54544152020017,0.24893152573529412,0.22854121127411867,,,"{""source_low_shot_index"": 6}"
0,e54a76d774bde4,procedural_proxy,useful,,1,green_circle,1,green_circle,0,direct_label_preservation,procedural_proxy_generator_v1,proxy candidate for green_circle,prototype_gate,retain,retain,1,green_circle,0.9407506111504019,30.46107969315044,0.1645284415849673,0.20608760182554736,,,"{""source_low_shot_index"": 6}"
0,3e70a8fb9f1999,procedural_proxy,useful,,1,green_circle,1,green_circle,0,direct_label_preservation,procedural_proxy_generator_v1,proxy candidate for green_circle,prototype_gate,retain,retain,1,green_circle,0.7708503326325016,28.11300502475024,0.1893229166666667,0.14010134415405037,,,"{""source_low_shot_index"": 6}"
0,9af4d6528d2baf,procedural_proxy,artifact,,1,green_circle,1,green_circle,1,direct_label_preservation,procedural_proxy_generator_v1,proxy candidate for green_circle,prototype_gate,reject,low_confidence+far_from_real_prototype+prototype_label_mismatch,2,blue_x,0.46550357717131735,145.48712368854217,0.4958895016339869,0.2923323819667583,,,"{""source_low_shot_index"": 6}"
0,fadce583f6dc50,procedural_proxy,useful,,1,green_circle,1,green_circle,0,direct_label_preservation,procedural_proxy_generator_v1,proxy candidate for green_circle,prototype_gate,retain,retain,1,green_circle,0.5694304672066363,30.849532945662542,0.20320669934640523,0.19207881980927732,,,"{""source_low_shot_index"": 6}"
0,e398bb063cc422,procedural_proxy,label_drift,,1,green_circle,3,yellow_triangle,1,direct_label_preservation,procedural_proxy_generator_v1,proxy candidate for green_circle,prototype_gate,reject,prototype_label_mismatch,0,red_square,0.6335928498921319,47.85014856280503,0.23844081903594772,0.17756600296320502,,,"{""source_low_shot_index"": 6}"
0,b035331e071f50,procedural_proxy,useful,,1,green_circle,1,green_circle,0,direct_label_preservation,procedural_proxy_generator_v1,proxy candidate for green_circle,prototype_gate,reject,prototype_label_mismatch,3,yellow_triangle,0.8649582406030528,40.51109447804908,0.1827499489379085,0.17213358946820115,,,"{""source_low_shot_index"": 6}"
0,6ce19f0ea3a1cf,procedural_proxy,label_drift,,1,green_circle,0,red_square,1,direct_label_preservation,procedural_proxy_generator_v1,proxy candidate for green_circle,prototype_gate,reject,prototype_label_mismatch,0,red_square,0.9984661128201404,18.923568990634745,0.228656045751634,0.23145516308398806,,,"{""source_low_shot_index"": 6}"
0,eedacc2ed79a60,procedural_proxy,label_drift,,1,green_circle,3,yellow_triangle,1,direct_label_preservation,procedural_proxy_generator_v1,proxy candidate for green_circle,prototype_gate,reject,prototype_label_mismatch,3,yellow_triangle,0.9325487284273161,38.83012821100539,0.23476051879084966,0.291054249429622,,,"{""source_low_shot_index"": 7}"
0,559d98581df183,procedural_proxy,label_drift,,1,green_circle,0,red_square,1,direct_label_preservation,procedural_proxy_generator_v1,proxy candidate for green_circle,prototype_gate,reject,prototype_label_mismatch,0,red_square,0.9395371781821381,37.1226321966816,0.2239596098856209,0.17638330764905885,,,"{""source_low_shot_index"": 7}"
0,0dc91678182d2a,procedural_proxy,useful,,1,green_circle,1,green_circle,0,direct_label_preservation,procedural_proxy_generator_v1,proxy candidate for green_circle,prototype_gate,retain,retain,1,green_circle,0.9098633775301306,25.564807374106476,0.15571001838235296,0.13766027554924712,,,"{""source_low_shot_index"": 7}"
0,eaf9f689e9c86e,procedural_proxy,label_drift,,1,green_circle,3,yellow_triangle,1,direct_label_preservation,procedural_proxy_generator_v1,proxy candidate for green_circle,prototype_gate,reject,prototype_label_mismatch,3,yellow_triangle,0.6905103422677935,40.62233378327242,0.20101485906862746,0.2974008207238977,,,"{""source_low_shot_index"": 7}"
0,8069348b0a9427,procedural_proxy,label_drift,,1,green_circle,2,blue_x,1,direct_label_preservation,procedural_proxy_generator_v1,proxy candidate for green_circle,prototype_gate,reject,prototype_label_mismatch,2,blue_x,0.8387762410458471,42.73882288159327,0.2058363970588235,0.14066840303263875,,,"{""source_low_shot_index"": 7}"
0,c65ecca47a183b,procedural_proxy,label_drift,,1,green_circle,2,blue_x,1,direct_label_preservation,procedural_proxy_generator_v1,proxy candidate for green_circle,prototype_gate,reject,low_confidence+prototype_label_mismatch,2,blue_x,0.3621623261754631,35.920625955742665,0.16133833741830064,0.19392445222272553,,,"{""source_low_shot_index"": 7}"
0,573838fc7b1f6b,procedural_proxy,label_drift,,1,green_circle,3,yellow_triangle,1,direct_label_preservation,procedural_proxy_generator_v1,proxy candidate for green_circle,prototype_gate,reject,prototype_label_mismatch,3,yellow_triangle,0.6793826121458975,34.601595305538616,0.2134689031862745,0.27219889861551533,,,"{""source_low_shot_index"": 7}"
0,ed1c41800787d9,procedural_proxy,useful,,1,green_circle,1,green_circle,0,direct_label_preservation,procedural_proxy_generator_v1,proxy candidate for green_circle,prototype_gate,retain,retain,1,green_circle,0.964568446952509,32.004770215630835,0.2146956699346405,0.20335027198630318,,,"{""source_low_shot_index"": 7}"
0,ea0019475b0f46,procedural_proxy,label_drift,,1,green_circle,0,red_square,1,direct_label_preservation,procedural_proxy_generator_v1,proxy candidate for green_circle,prototype_gate,reject,prototype_label_mismatch,0,red_square,0.6477362481808713,55.92913633046283,0.28655535130718957,0.1884010432214005,,,"{""source_low_shot_index"": 7}"
0,1a2275b4cdc1c0,procedural_proxy,useful,,1,green_circle,1,green_circle,0,direct_label_preservation,procedural_proxy_generator_v1,proxy candidate for green_circle,prototype_gate,reject,low_confidence+prototype_label_mismatch,2,blue_x,0.4751244399269477,36.39439363816691,0.22221073325163399,0.11031262644942903,,,"{""source_low_shot_index"": 7}"
0,2bae89c0a3e21e,procedural_proxy,label_drift,,1,green_circle,2,blue_x,1,direct_label_preservation,procedural_proxy_generator_v1,proxy candidate for green_circle,prototype_gate,reject,low_confidence+prototype_label_mismatch,4,purple_diamond,0.4534121300808516,45.14697830039506,0.1561121323529412,0.20269765231235556,,,"{""source_low_shot_index"": 7}"
0,af710742cdbcad,procedural_proxy,label_drift,,1,green_circle,0,red_square,1,direct_label_preservation,procedural_proxy_generator_v1,proxy candidate for green_circle,prototype_gate,reject,prototype_label_mismatch,0,red_square,0.7530597454378977,45.09683631364623,0.20508067810457517,0.19008428302491634,,,"{""source_low_shot_index"": 7}"
0,770eff9f5eb219,procedural_proxy,artifact,,1,green_circle,1,green_circle,1,direct_label_preservation,procedural_proxy_generator_v1,proxy candidate for green_circle,prototype_gate,reject,low_confidence+far_from_real_prototype+prototype_label_mismatch,3,yellow_triangle,0.3032764670439168,145.7918797939508,0.5014859068627451,0.2943655762722568,,,"{""source_low_shot_index"": 7}"
0,46171633cb8c70,procedural_proxy,label_drift,,1,green_circle,0,red_square,1,direct_label_preservation,procedural_proxy_generator_v1,proxy candidate for green_circle,prototype_gate,reject,prototype_label_mismatch,3,yellow_triangle,0.6739890635946862,39.581790964886615,0.23416564542483656,0.15241327219930031,,,"{""source_low_shot_index"": 7}"
0,7607abfaeb8f03,procedural_proxy,useful,,1,green_circle,1,green_circle,0,direct_label_preservation,procedural_proxy_generator_v1,proxy candidate for green_circle,prototype_gate,reject,prototype_label_mismatch,2,blue_x,0.7058238366403068,49.57047432351705,0.2366293913398693,0.13200036709830437,,,"{""source_low_shot_index"": 7}"
0,abf481abcbdcf4,procedural_proxy,label_drift,,1,green_circle,4,purple_diamond,1,direct_label_preservation,procedural_proxy_generator_v1,proxy candidate for green_circle,prototype_gate,reject,prototype_label_mismatch,4,purple_diamond,0.7740512693414636,41.47330884911642,0.27011846405228757,0.2508649963844479,,,"{""source_low_shot_index"": 7}"
0,e3381a27a409d4,procedural_proxy,artifact,,1,green_circle,1,green_circle,1,direct_label_preservation,procedural_proxy_generator_v1,proxy candidate for green_circle,prototype_gate,reject,low_confidence+far_from_real_prototype+prototype_label_mismatch,2,blue_x,0.4539079291966635,146.06390153266887,0.49968852124183005,0.29023410184357706,,,"{""source_low_shot_index"": 7}"
0,d3dcd0b3ee5e57,procedural_proxy,label_drift,,1,green_circle,2,blue_x,1,direct_label_preservation,procedural_proxy_generator_v1,proxy candidate for green_circle,prototype_gate,reject,prototype_label_mismatch,3,yellow_triangle,0.5328851250287712,36.40750822878674,0.1944840175653595,0.1597550947897779,,,"{""source_low_shot_index"": 7}"
0,0f0a70c417aafc,procedural_proxy,artifact,,1,green_circle,1,green_circle,1,direct_label_preservation,procedural_proxy_generator_v1,proxy candidate for green_circle,prototype_gate,reject,low_confidence+far_from_real_prototype+prototype_label_mismatch,2,blue_x,0.3600732063292425,155.65010124341114,0.5430989583333333,0.26622351979031367,,,"{""source_low_shot_index"": 7}"
0,2aca6c6e42cce5,procedural_proxy,useful,,1,green_circle,1,green_circle,0,direct_label_preservation,procedural_proxy_generator_v1,proxy candidate for green_circle,prototype_gate,retain,retain,1,green_circle,0.9704823562520388,32.2965706685726,0.13789956086601307,0.16109082975405928,,,"{""source_low_shot_index"": 7}"
0,37255eb5f84faf,procedural_proxy,artifact,,2,blue_x,2,blue_x,1,direct_label_preservation,procedural_proxy_generator_v1,proxy candidate for blue_x,prototype_gate,reject,low_confidence+far_from_real_prototype,2,blue_x,0.3223346698767785,145.40361180946056,0.500008935866013,0.2755329321344786,,,"{""source_low_shot_index"": 8}"
0,db0be5b817f288,procedural_proxy,label_drift,,2,blue_x,4,purple_diamond,1,direct_label_preservation,procedural_proxy_generator_v1,proxy candidate for blue_x,prototype_gate,reject,low_confidence+prototype_label_mismatch,1,green_circle,0.4574152022696303,36.5869604820424,0.2341056474673203,0.17307830850470174,,,"{""source_low_shot_index"": 8}"
0,ef50af4167ff26,procedural_proxy,label_drift,,2,blue_x,3,yellow_triangle,1,direct_label_preservation,procedural_proxy_generator_v1,proxy candidate for blue_x,prototype_gate,reject,prototype_label_mismatch,3,yellow_triangle,0.6508402634720396,44.45398213593559,0.2616919424019608,0.1779182384405571,,,"{""source_low_shot_index"": 8}"
0,1176002825e664,procedural_proxy,label_drift,,2,blue_x,1,green_circle,1,direct_label_preservation,procedural_proxy_generator_v1,proxy candidate for blue_x,prototype_gate,reject,prototype_label_mismatch,1,green_circle,0.7365504776120975,33.73160528253691,0.15234630310457517,0.15364045922573347,,,"{""source_low_shot_index"": 8}"
0,235894246f0d47,procedural_proxy,label_drift,,2,blue_x,4,purple_diamond,1,direct_label_preservation,procedural_proxy_generator_v1,proxy candidate for blue_x,prototype_gate,retain,retain,2,blue_x,0.6501368275682515,58.78951259044168,0.27112694035947715,0.23968192718689313,,,"{""source_low_shot_index"": 8}"
0,f4666ffc7caa40,procedural_proxy,artifact,,2,blue_x,2,blue_x,1,direct_label_preservation,procedural_proxy_generator_v1,proxy candidate for blue_x,prototype_gate,reject,low_confidence+far_from_real_prototype,2,blue_x,0.42474737480106073,153.95534577899923,0.551031454248366,0.2709529491343787,,,"{""source_low_shot_index"": 8}"
0,c70e5f57a47a68,procedural_proxy,useful,,2,blue_x,2,blue_x,0,direct_label_preservation,procedural_proxy_generator_v1,proxy candidate for blue_x,prototype_gate,reject,low_confidence+prototype_label_mismatch,1,green_circle,0.46966364700069047,33.782711623644296,0.17792841094771242,0.12948372421119064,,,"{""source_low_shot_index"": 8}"
0,885e5c535ae034,procedural_proxy,label_drift,,2,blue_x,1,green_circle,1,direct_label_preservation,procedural_proxy_generator_v1,proxy candidate for blue_x,prototype_gate,reject,prototype_label_mismatch,1,green_circle,0.9389923257615501,33.976810453715295,0.19681244893790847,0.1913124748583445,,,"{""source_low_shot_index"": 8}"
0,173b622b350715,procedural_proxy,label_drift,,2,blue_x,3,yellow_triangle,1,direct_label_preservation,procedural_proxy_generator_v1,proxy candidate for blue_x,prototype_gate,retain,retain,2,blue_x,0.6446838147424875,54.5737100040503,0.2730609170751634,0.1802239850639472,,,"{""source_low_shot_index"": 8}"
0,4f8d0d289d7351,procedural_proxy,label_drift,,2,blue_x,4,purple_diamond,1,direct_label_preservation,procedural_proxy_generator_v1,proxy candidate for blue_x,prototype_gate,retain,retain,2,blue_x,0.511163512089533,39.2075072584449,0.207382301879085,0.21694041041094034,,,"{""source_low_shot_index"": 8}"
0,bacca97cc4ca5f,procedural_proxy,label_drift,,2,blue_x,0,red_square,1,direct_label_preservation,procedural_proxy_generator_v1,proxy candidate for blue_x,prototype_gate,reject,low_confidence+far_from_real_prototype+prototype_label_mismatch,1,green_circle,0.48753091228085205,73.97209311067124,0.29689159517973857,0.3308449802918004,,,"{""source_low_shot_index"": 8}"
0,810511cc643884,procedural_proxy,useful,,2,blue_x,2,blue_x,0,direct_label_preservation,procedural_proxy_generator_v1,proxy candidate for blue_x,prototype_gate,reject,low_confidence,2,blue_x,0.4374881327963409,41.647038067380635,0.20204248366013075,0.15431772778926972,,,"{""source_low_shot_index"": 8}"
0,31d4c199b2bbfd,procedural_proxy,label_drift,,2,blue_x,1,green_circle,1,direct_label_preservation,procedural_proxy_generator_v1,proxy candidate for blue_x,prototype_gate,retain,retain,2,blue_x,0.6370207241004509,57.86363216253378,0.23507327410130718,0.20500912964844706,,,"{""source_low_shot_index"": 8}"
0,a30db321a68c68,procedural_proxy,label_drift,,2,blue_x,0,red_square,1,direct_label_preservation,procedural_proxy_generator_v1,proxy candidate for blue_x,prototype_gate,reject,prototype_label_mismatch,0,red_square,0.9912335352682637,31.558716146149788,0.26973805147058827,0.25282263331364874,,,"{""source_low_shot_index"": 8}"
0,9868a14539cfe5,procedural_proxy,label_drift,,2,blue_x,4,purple_diamond,1,direct_label_preservation,procedural_proxy_generator_v1,proxy candidate for blue_x,prototype_gate,reject,prototype_label_mismatch,0,red_square,0.654599737960551,43.791136548223946,0.2646765216503268,0.18012779769812806,,,"{""source_low_shot_index"": 8}"
0,4715894b7c8fe3,procedural_proxy,artifact,,2,blue_x,2,blue_x,1,direct_label_preservation,procedural_proxy_generator_v1,proxy candidate for blue_x,prototype_gate,reject,low_confidence+far_from_real_prototype,2,blue_x,0.4240007901129565,145.27199487436513,0.4966464971405229,0.29148140724440763,,,"{""source_low_shot_index"": 8}"
0,8fa8a57d02c993,procedural_proxy,label_drift,,2,blue_x,1,green_circle,1,direct_label_preservation,procedural_proxy_generator_v1,proxy candidate for blue_x,prototype_gate,reject,prototype_label_mismatch,1,green_circle,0.8631094695200714,40.81086004299445,0.1853936887254902,0.15676379735659898,,,"{""source_low_shot_index"": 8}"
0,06b0a7c8518cec,procedural_proxy,label_drift,,2,blue_x,0,red_square,1,direct_label_preservation,procedural_proxy_generator_v1,proxy candidate for blue_x,prototype_gate,reject,prototype_label_mismatch,0,red_square,0.9046406584006857,30.15767427401093,0.21456546160130718,0.1543560087958044,,,"{""source_low_shot_index"": 8}"
0,3dfb8f9bc75813,procedural_proxy,label_drift,,2,blue_x,4,purple_diamond,1,direct_label_preservation,procedural_proxy_generator_v1,proxy candidate for blue_x,prototype_gate,reject,low_confidence+prototype_label_mismatch,3,yellow_triangle,0.3551816249899693,54.73361923674289,0.24761922998366012,0.2592403388349988,,,"{""source_low_shot_index"": 8}"
0,71ed8bf53632a3,procedural_proxy,artifact,,2,blue_x,2,blue_x,1,direct_label_preservation,procedural_proxy_generator_v1,proxy candidate for blue_x,prototype_gate,reject,low_confidence+far_from_real_prototype+prototype_label_mismatch,3,yellow_triangle,0.3610126082543149,150.20349135387113,0.5330499387254902,0.29179323849379646,,,"{""source_low_shot_index"": 8}"
0,a68cbd15f40370,procedural_proxy,useful,,2,blue_x,2,blue_x,0,direct_label_preservation,procedural_proxy_generator_v1,proxy candidate for blue_x,prototype_gate,retain,retain,2,blue_x,0.7934099181873244,45.85335276437586,0.17121629901960786,0.16694159254642466,,,"{""source_low_shot_index"": 9}"
0,3dcb121145dec1,procedural_proxy,label_drift,,2,blue_x,1,green_circle,1,direct_label_preservation,procedural_proxy_generator_v1,proxy candidate for blue_x,prototype_gate,reject,prototype_label_mismatch,1,green_circle,0.6545456915143789,53.77034076538402,0.23944418913398693,0.22787082697945665,,,"{""source_low_shot_index"": 9}"
0,5bac230e24764d,procedural_proxy,label_drift,,2,blue_x,4,purple_diamond,1,direct_label_preservation,procedural_proxy_generator_v1,proxy candidate for blue_x,prototype_gate,reject,low_confidence+prototype_label_mismatch,0,red_square,0.4778143666995425,47.830759891688665,0.2604256025326797,0.18347011637759805,,,"{""source_low_shot_index"": 9}"
0,ed49fb562a62f4,procedural_proxy,useful,,2,blue_x,2,blue_x,0,direct_label_preservation,procedural_proxy_generator_v1,proxy candidate for blue_x,prototype_gate,reject,prototype_label_mismatch,4,purple_diamond,0.7323580893087448,47.38971971093292,0.15818014705882352,0.213707469114779,,,"{""source_low_shot_index"": 9}"
0,843680d40ca8a5,procedural_proxy,label_drift,,2,blue_x,0,red_square,1,direct_label_preservation,procedural_proxy_generator_v1,proxy candidate for blue_x,prototype_gate,reject,prototype_label_mismatch,0,red_square,0.9452560158024247,51.42618184476341,0.25038296568627455,0.21743500993081596,,,"{""source_low_shot_index"": 9}"
0,6c1487ff9b136d,procedural_proxy,useful,,2,blue_x,2,blue_x,0,direct_label_preservation,procedural_proxy_generator_v1,proxy candidate for blue_x,prototype_gate,retain,retain,2,blue_x,0.9012809011428742,46.774447902504306,0.24135008169934644,0.14589397698224996,,,"{""source_low_shot_index"": 9}"
0,04074e252ed59e,procedural_proxy,useful,,2,blue_x,2,blue_x,0,direct_label_preservation,procedural_proxy_generator_v1,proxy candidate for blue_x,prototype_gate,retain,retain,2,blue_x,0.9382349494037525,37.13947440010853,0.2249744689542484,0.13869143625826308,,,"{""source_low_shot_index"": 9}"
0,5e287103ecedea,procedural_proxy,useful,,2,blue_x,2,blue_x,0,direct_label_preservation,procedural_proxy_generator_v1,proxy candidate for blue_x,prototype_gate,retain,retain,2,blue_x,0.7174450175498334,34.78474246042672,0.19325469771241832,0.1443758393696073,,,"{""source_low_shot_index"": 9}"
0,540aeb84c15748,procedural_proxy,label_drift,,2,blue_x,4,purple_diamond,1,direct_label_preservation,procedural_proxy_generator_v1,proxy candidate for blue_x,prototype_gate,reject,far_from_real_prototype,2,blue_x,0.7077706557234476,70.65815153754025,0.30179610906862747,0.13370387434129175,,,"{""source_low_shot_index"": 9}"
0,151a43c046afb1,procedural_proxy,label_drift,,2,blue_x,0,red_square,1,direct_label_preservation,procedural_proxy_generator_v1,proxy candidate for blue_x,prototype_gate,reject,prototype_label_mismatch,1,green_circle,0.9873542218939393,28.146032616054267,0.21085707720588234,0.1763500468050632,,,"{""source_low_shot_index"": 9}"
0,a804672a772d8c,procedural_proxy,useful,,2,blue_x,2,blue_x,0,direct_label_preservation,procedural_proxy_generator_v1,proxy candidate for blue_x,prototype_gate,retain,retain,2,blue_x,0.9842306944828844,28.52423218505386,0.19280279820261437,0.14956046659418964,,,"{""source_low_shot_index"": 9}"
0,c4f046180fe3d8,procedural_proxy,useful,,2,blue_x,2,blue_x,0,direct_label_preservation,procedural_proxy_generator_v1,proxy candidate for blue_x,prototype_gate,reject,prototype_label_mismatch,3,yellow_triangle,0.5061932535312573,41.080540393926064,0.1934436274509804,0.15877522189700616,,,"{""source_low_shot_index"": 9}"
0,4ed5acf5baedff,procedural_proxy,useful,,2,blue_x,2,blue_x,0,direct_label_preservation,procedural_proxy_generator_v1,proxy candidate for blue_x,prototype_gate,reject,low_confidence+prototype_label_mismatch,3,yellow_triangle,0.393019031723619,41.834875558321755,0.2222388174019608,0.17645833685573195,,,"{""source_low_shot_index"": 9}"
0,4c8d44fa52cb25,procedural_proxy,label_drift,,2,blue_x,4,purple_diamond,1,direct_label_preservation,procedural_proxy_generator_v1,proxy candidate for blue_x,prototype_gate,reject,prototype_label_mismatch,4,purple_diamond,0.6385967493234682,27.501816332119347,0.23511412377450983,0.18774721154888543,,,"{""source_low_shot_index"": 9}"
0,c02cdbc33fd135,procedural_proxy,label_drift,,2,blue_x,3,yellow_triangle,1,direct_label_preservation,procedural_proxy_generator_v1,proxy candidate for blue_x,prototype_gate,reject,prototype_label_mismatch,4,purple_diamond,0.9471138291743337,29.23349773997481,0.24842984068627452,0.2647469417851105,,,"{""source_low_shot_index"": 9}"
0,9bb3c9bfc671ae,procedural_proxy,label_drift,,2,blue_x,4,purple_diamond,1,direct_label_preservation,procedural_proxy_generator_v1,proxy candidate for blue_x,prototype_gate,reject,prototype_label_mismatch,4,purple_diamond,0.5034577956435194,35.76885991513487,0.15388199550653595,0.2242911582489454,,,"{""source_low_shot_index"": 9}"
0,c3c48c5491342a,procedural_proxy,label_drift,,2,blue_x,1,green_circle,1,direct_label_preservation,procedural_proxy_generator_v1,proxy candidate for blue_x,prototype_gate,retain,retain,2,blue_x,0.5656464225328233,43.37197390996459,0.2475796568627451,0.12795486688367275,,,"{""source_low_shot_index"": 9}"
0,1d91ba69c628ba,procedural_proxy,useful,,2,blue_x,2,blue_x,0,direct_label_preservation,procedural_proxy_generator_v1,proxy candidate for blue_x,prototype_gate,retain,retain,2,blue_x,0.8805674581683974,40.23367582459883,0.223742595996732,0.15750074378442552,,,"{""source_low_shot_index"": 9}"
0,eee9498d669350,procedural_proxy,useful,,2,blue_x,2,blue_x,0,direct_label_preservation,procedural_proxy_generator_v1,proxy candidate for blue_x,prototype_gate,retain,retain,2,blue_x,0.9459179644467273,43.67415660883587,0.20916053921568625,0.14884087256732095,,,"{""source_low_shot_index"": 9}"
0,c4f25786707699,procedural_proxy,label_drift,,2,blue_x,3,yellow_triangle,1,direct_label_preservation,procedural_proxy_generator_v1,proxy candidate for blue_x,prototype_gate,reject,prototype_label_mismatch,3,yellow_triangle,0.9651995213438515,36.21924935036086,0.1790670955882353,0.19545014318223386,,,"{""source_low_shot_index"": 9}"
0,b37a0f80271e73,procedural_proxy,label_drift,,2,blue_x,4,purple_diamond,1,direct_label_preservation,procedural_proxy_generator_v1,proxy candidate for blue_x,prototype_gate,reject,prototype_label_mismatch,4,purple_diamond,0.9967984744333817,30.800830810189282,0.2179891748366013,0.2696320790855084,,,"{""source_low_shot_index"": 10}"
0,c7098b63e4e6dd,procedural_proxy,label_drift,,2,blue_x,0,red_square,1,direct_label_preservation,procedural_proxy_generator_v1,proxy candidate for blue_x,prototype_gate,reject,low_confidence+prototype_label_mismatch,3,yellow_triangle,0.48182297869033525,47.539380228786314,0.26000561683006534,0.26328354549893823,,,"{""source_low_shot_index"": 10}"
0,d6b2bc7e47ab03,procedural_proxy,artifact,,2,blue_x,2,blue_x,1,direct_label_preservation,procedural_proxy_generator_v1,proxy candidate for blue_x,prototype_gate,reject,low_confidence+far_from_real_prototype,2,blue_x,0.47994509899939364,130.74178904423886,0.446063112745098,0.28481024891871115,,,"{""source_low_shot_index"": 10}"
0,95afd912c63512,procedural_proxy,label_drift,,2,blue_x,1,green_circle,1,direct_label_preservation,procedural_proxy_generator_v1,proxy candidate for blue_x,prototype_gate,reject,prototype_label_mismatch,1,green_circle,0.9672685913036593,29.011742901684613,0.20257608251633988,0.17176824250342368,,,"{""source_low_shot_index"": 10}"
0,b76631a181b24b,procedural_proxy,label_drift,,2,blue_x,0,red_square,1,direct_label_preservation,procedural_proxy_generator_v1,proxy candidate for blue_x,prototype_gate,reject,prototype_label_mismatch,0,red_square,0.7127564366625857,46.44369255939814,0.1927045036764706,0.2114539102632035,,,"{""source_low_shot_index"": 10}"
0,10454242bb7845,procedural_proxy,label_drift,,2,blue_x,1,green_circle,1,direct_label_preservation,procedural_proxy_generator_v1,proxy candidate for blue_x,prototype_gate,retain,retain,2,blue_x,0.5662363136907993,47.05325336279973,0.22697865604575163,0.16587466562769992,,,"{""source_low_shot_index"": 10}"
0,44abaa276e3952,procedural_proxy,useful,,2,blue_x,2,blue_x,0,direct_label_preservation,procedural_proxy_generator_v1,proxy candidate for blue_x,prototype_gate,retain,retain,2,blue_x,0.869671648222083,43.71315600095543,0.19886131535947713,0.17339499709385855,,,"{""source_low_shot_index"": 10}"
0,33153eb0afa236,procedural_proxy,label_drift,,2,blue_x,1,green_circle,1,direct_label_preservation,procedural_proxy_generator_v1,proxy candidate for blue_x,prototype_gate,reject,prototype_label_mismatch,1,green_circle,0.8810410511600828,45.06389463855727,0.14545036764705882,0.1562423457551864,,,"{""source_low_shot_index"": 10}"
0,c72235db0124b4,procedural_proxy,artifact,,2,blue_x,2,blue_x,1,direct_label_preservation,procedural_proxy_generator_v1,proxy candidate for blue_x,prototype_gate,reject,low_confidence+far_from_real_prototype,2,blue_x,0.35318940181964686,148.41496581393255,0.5186823427287581,0.27367072847198826,,,"{""source_low_shot_index"": 10}"
0,dcec96b7a8a619,procedural_proxy,label_drift,,2,blue_x,4,purple_diamond,1,direct_label_preservation,procedural_proxy_generator_v1,proxy candidate for blue_x,prototype_gate,reject,prototype_label_mismatch,0,red_square,0.533414184000726,44.24114901423076,0.2586933210784314,0.21398175508037853,,,"{""source_low_shot_index"": 10}"
0,225c325694d628,procedural_proxy,label_drift,,2,blue_x,3,yellow_triangle,1,direct_label_preservation,procedural_proxy_generator_v1,proxy candidate for blue_x,prototype_gate,reject,prototype_label_mismatch,3,yellow_triangle,0.5278116963561533,34.461160782038505,0.2345026552287582,0.14637694018744413,,,"{""source_low_shot_index"": 10}"
0,00f8bc16859108,procedural_proxy,label_drift,,2,blue_x,3,yellow_triangle,1,direct_label_preservation,procedural_proxy_generator_v1,proxy candidate for blue_x,prototype_gate,reject,prototype_label_mismatch,3,yellow_triangle,0.9343865814279351,55.45176255480583,0.2543607026143791,0.250787453676794,,,"{""source_low_shot_index"": 10}"
0,807f2022bfc440,procedural_proxy,label_drift,,2,blue_x,3,yellow_triangle,1,direct_label_preservation,procedural_proxy_generator_v1,proxy candidate for blue_x,prototype_gate,reject,prototype_label_mismatch,3,yellow_triangle,0.9927169495408369,51.71927363211172,0.21067070057189544,0.24793220360996485,,,"{""source_low_shot_index"": 10}"
0,01f7b5e2720d7e,procedural_proxy,label_drift,,2,blue_x,3,yellow_triangle,1,direct_label_preservation,procedural_proxy_generator_v1,proxy candidate for blue_x,prototype_gate,reject,prototype_label_mismatch,3,yellow_triangle,0.531892878003213,54.3239557742532,0.23626940359477122,0.1743193358370433,,,"{""source_low_shot_index"": 10}"
0,3c53e35cc25a32,procedural_proxy,artifact,,2,blue_x,2,blue_x,1,direct_label_preservation,procedural_proxy_generator_v1,proxy candidate for blue_x,prototype_gate,reject,low_confidence+far_from_real_prototype,2,blue_x,0.4019411884638072,144.04581675645883,0.4932661866830066,0.2903222069859535,,,"{""source_low_shot_index"": 10}"
0,09b5f0be601aa5,procedural_proxy,label_drift,,2,blue_x,3,yellow_triangle,1,direct_label_preservation,procedural_proxy_generator_v1,proxy candidate for blue_x,prototype_gate,reject,prototype_label_mismatch,3,yellow_triangle,0.9900549366822666,27.11948587824655,0.2296657986111111,0.21384878959652462,,,"{""source_low_shot_index"": 10}"
0,30bfc790544546,procedural_proxy,artifact,,2,blue_x,2,blue_x,1,direct_label_preservation,procedural_proxy_generator_v1,proxy candidate for blue_x,prototype_gate,reject,low_confidence+far_from_real_prototype,2,blue_x,0.48083377452670406,149.15947958277278,0.5220269097222222,0.2851692518126692,,,"{""source_low_shot_index"": 10}"
0,e6c02eb7005ed8,procedural_proxy,useful,,2,blue_x,2,blue_x,0,direct_label_preservation,procedural_proxy_generator_v1,proxy candidate for blue_x,prototype_gate,retain,retain,2,blue_x,0.6915327437170161,35.37039653640305,0.13287249795751632,0.155354726866767,,,"{""source_low_shot_index"": 10}"
0,e2e05cd64bd280,procedural_proxy,label_drift,,2,blue_x,4,purple_diamond,1,direct_label_preservation,procedural_proxy_generator_v1,proxy candidate for blue_x,prototype_gate,reject,prototype_label_mismatch,4,purple_diamond,0.7493416164915736,41.89932475204303,0.2493451286764706,0.24872633907933686,,,"{""source_low_shot_index"": 10}"
0,205bc1925b13d9,procedural_proxy,label_drift,,2,blue_x,3,yellow_triangle,1,direct_label_preservation,procedural_proxy_generator_v1,proxy candidate for blue_x,prototype_gate,reject,prototype_label_mismatch,3,yellow_triangle,0.9586784452981993,38.16101705101784,0.2115489685457516,0.2967011373367349,,,"{""source_low_shot_index"": 10}"
0,c30880db7c514e,procedural_proxy,artifact,,2,blue_x,2,blue_x,1,direct_label_preservation,procedural_proxy_generator_v1,proxy candidate for blue_x,prototype_gate,reject,low_confidence+far_from_real_prototype,2,blue_x,0.47223317547546045,151.37456904957165,0.5450674019607843,0.283807071000736,,,"{""source_low_shot_index"": 11}"
0,1132551661072f,procedural_proxy,label_drift,,2,blue_x,4,purple_diamond,1,direct_label_preservation,procedural_proxy_generator_v1,proxy candidate for blue_x,prototype_gate,reject,low_confidence+prototype_label_mismatch,4,purple_diamond,0.34945445302713646,36.34197308598027,0.2700967626633987,0.18999839632836624,,,"{""source_low_shot_index"": 11}"
0,e73b365749be5d,procedural_proxy,label_drift,,2,blue_x,1,green_circle,1,direct_label_preservation,procedural_proxy_generator_v1,proxy candidate for blue_x,prototype_gate,reject,prototype_label_mismatch,1,green_circle,0.5228365511887352,53.89929108465599,0.26203916462418303,0.2136904635656153,,,"{""source_low_shot_index"": 11}"
0,26b9897cf18ea2,procedural_proxy,artifact,,2,blue_x,2,blue_x,1,direct_label_preservation,procedural_proxy_generator_v1,proxy candidate for blue_x,prototype_gate,reject,low_confidence+far_from_real_prototype,2,blue_x,0.4129358887630784,145.8889503323755,0.5004697712418301,0.2886340140206933,,,"{""source_low_shot_index"": 11}"
0,c56cba70f8f74f,procedural_proxy,artifact,,2,blue_x,2,blue_x,1,direct_label_preservation,procedural_proxy_generator_v1,proxy candidate for blue_x,prototype_gate,reject,low_confidence+far_from_real_prototype,2,blue_x,0.45653542879308606,144.7989010772202,0.5001327614379085,0.28655041361253664,,,"{""source_low_shot_index"": 11}"
0,6284b63dc533aa,procedural_proxy,label_drift,,2,blue_x,3,yellow_triangle,1,direct_label_preservation,procedural_proxy_generator_v1,proxy candidate for blue_x,prototype_gate,reject,prototype_label_mismatch,3,yellow_triangle,0.748926187109571,36.91794256991097,0.1854434742647059,0.28154948530718626,,,"{""source_low_shot_index"": 11}"
0,9578efd445057f,procedural_proxy,artifact,,2,blue_x,2,blue_x,1,direct_label_preservation,procedural_proxy_generator_v1,proxy candidate for blue_x,prototype_gate,reject,low_confidence+far_from_real_prototype,2,blue_x,0.3992523717773582,146.07227873565049,0.4943972120098039,0.29009796904797147,,,"{""source_low_shot_index"": 11}"
0,73da9c60b623e0,procedural_proxy,label_drift,,2,blue_x,4,purple_diamond,1,direct_label_preservation,procedural_proxy_generator_v1,proxy candidate for blue_x,prototype_gate,retain,retain,2,blue_x,0.6920993170487947,43.116981481664745,0.22030611723856208,0.19026891483973232,,,"{""source_low_shot_index"": 11}"
0,18841f705c5a5b,procedural_proxy,label_drift,,2,blue_x,1,green_circle,1,direct_label_preservation,procedural_proxy_generator_v1,proxy candidate for blue_x,prototype_gate,reject,prototype_label_mismatch,3,yellow_triangle,0.7684926967562407,43.172867287181234,0.2355698529411765,0.22905427861396183,,,"{""source_low_shot_index"": 11}"
0,0aab90a1e7a7a8,procedural_proxy,label_drift,,2,blue_x,0,red_square,1,direct_label_preservation,procedural_proxy_generator_v1,proxy candidate for blue_x,prototype_gate,reject,prototype_label_mismatch,0,red_square,0.8020724091507903,49.20713650632853,0.2624183006535948,0.22034834753352342,,,"{""source_low_shot_index"": 11}"
0,cc7acf4bc9527e,procedural_proxy,useful,,2,blue_x,2,blue_x,0,direct_label_preservation,procedural_proxy_generator_v1,proxy candidate for blue_x,prototype_gate,retain,retain,2,blue_x,0.9670336403416426,33.32746549698638,0.21449780433006538,0.20193419620860795,,,"{""source_low_shot_index"": 11}"
0,976d2288b37de8,procedural_proxy,label_drift,,2,blue_x,0,red_square,1,direct_label_preservation,procedural_proxy_generator_v1,proxy candidate for blue_x,prototype_gate,reject,prototype_label_mismatch,0,red_square,0.7858356260742533,55.91589943154752,0.31275275735294117,0.22769371481349499,,,"{""source_low_shot_index"": 11}"
0,4fa0aef796fd9b,procedural_proxy,useful,,2,blue_x,2,blue_x,0,direct_label_preservation,procedural_proxy_generator_v1,proxy candidate for blue_x,prototype_gate,reject,prototype_label_mismatch,1,green_circle,0.5260782364119033,46.389896209157016,0.17025888480392157,0.20623872940595014,,,"{""source_low_shot_index"": 11}"
0,8219e3fb3bff2f,procedural_proxy,useful,,2,blue_x,2,blue_x,0,direct_label_preservation,procedural_proxy_generator_v1,proxy candidate for blue_x,prototype_gate,retain,retain,2,blue_x,0.9210019193352704,50.24563000505353,0.21822789011437912,0.15649937822430818,,,"{""source_low_shot_index"": 11}"
0,bef5dcfbef61d4,procedural_proxy,label_drift,,2,blue_x,3,yellow_triangle,1,direct_label_preservation,procedural_proxy_generator_v1,proxy candidate for blue_x,prototype_gate,reject,far_from_real_prototype+prototype_label_mismatch,3,yellow_triangle,0.6880231111880595,71.57176527051458,0.31615349264705883,0.23861044584345598,,,"{""source_low_shot_index"": 11}"
0,4f2b246449ac59,procedural_proxy,label_drift,,2,blue_x,0,red_square,1,direct_label_preservation,procedural_proxy_generator_v1,proxy candidate for blue_x,prototype_gate,reject,prototype_label_mismatch,0,red_square,0.93886913287947,36.554113021441346,0.2568270016339869,0.22352385471561792,,,"{""source_low_shot_index"": 11}"
0,230391287560b0,procedural_proxy,label_drift,,2,blue_x,3,yellow_triangle,1,direct_label_preservation,procedural_proxy_generator_v1,proxy candidate for blue_x,prototype_gate,reject,prototype_label_mismatch,3,yellow_triangle,0.9967438136021003,59.38459438591453,0.1947406045751634,0.3127870372063024,,,"{""source_low_shot_index"": 11}"
0,6da5db0680c281,procedural_proxy,label_drift,,2,blue_x,0,red_square,1,direct_label_preservation,procedural_proxy_generator_v1,proxy candidate for blue_x,prototype_gate,reject,low_confidence+prototype_label_mismatch,0,red_square,0.4237750248068435,58.03722274424362,0.18358481413398695,0.23631970779333744,,,"{""source_low_shot_index"": 11}"
0,0ca676568423b4,procedural_proxy,label_drift,,2,blue_x,1,green_circle,1,direct_label_preservation,procedural_proxy_generator_v1,proxy candidate for blue_x,prototype_gate,retain,retain,2,blue_x,0.7127228723890603,48.30920150879714,0.2793734681372549,0.14075469721134465,,,"{""source_low_shot_index"": 11}"
0,ddac45b47abfcf,procedural_proxy,artifact,,2,blue_x,2,blue_x,1,direct_label_preservation,procedural_proxy_generator_v1,proxy candidate for blue_x,prototype_gate,reject,far_from_real_prototype,2,blue_x,0.5437422583733678,145.14251968683982,0.5054649203431373,0.28876980585035444,,,"{""source_low_shot_index"": 11}"
0,294aa521fa6163,procedural_proxy,label_drift,,3,yellow_triangle,0,red_square,1,direct_label_preservation,procedural_proxy_generator_v1,proxy candidate for yellow_triangle,prototype_gate,reject,prototype_label_mismatch,1,green_circle,0.7913512222396062,51.28099171471781,0.22365706699346408,0.23440423901080387,,,"{""source_low_shot_index"": 12}"
0,496dfd04da47c6,procedural_proxy,label_drift,,3,yellow_triangle,2,blue_x,1,direct_label_preservation,procedural_proxy_generator_v1,proxy candidate for yellow_triangle,prototype_gate,reject,prototype_label_mismatch,2,blue_x,0.6204056100158695,51.64484861966994,0.23981438929738563,0.20919895856084858,,,"{""source_low_shot_index"": 12}"
0,32aeda15d83075,procedural_proxy,useful,,3,yellow_triangle,3,yellow_triangle,0,direct_label_preservation,procedural_proxy_generator_v1,proxy candidate for yellow_triangle,prototype_gate,reject,low_confidence+prototype_label_mismatch,0,red_square,0.476962963378489,38.921885129555314,0.2532820159313725,0.23594015334608712,,,"{""source_low_shot_index"": 12}"
0,1b2cc77207a7a5,procedural_proxy,label_drift,,3,yellow_triangle,1,green_circle,1,direct_label_preservation,procedural_proxy_generator_v1,proxy candidate for yellow_triangle,prototype_gate,reject,prototype_label_mismatch,1,green_circle,0.9821790106911158,15.399242842477358,0.18252272263071898,0.14170214493341457,,,"{""source_low_shot_index"": 12}"
0,bc41c874d5e322,procedural_proxy,label_drift,,3,yellow_triangle,0,red_square,1,direct_label_preservation,procedural_proxy_generator_v1,proxy candidate for yellow_triangle,prototype_gate,reject,prototype_label_mismatch,0,red_square,0.9860135395998253,19.729179750033808,0.2421581392973856,0.17582792923361715,,,"{""source_low_shot_index"": 12}"
0,f850fc9bbf2b58,procedural_proxy,label_drift,,3,yellow_triangle,2,blue_x,1,direct_label_preservation,procedural_proxy_generator_v1,proxy candidate for yellow_triangle,prototype_gate,reject,prototype_label_mismatch,2,blue_x,0.7729208461864542,38.45155810630364,0.20046211192810456,0.14987351530566406,,,"{""source_low_shot_index"": 12}"
0,8c1daf985eb9d0,procedural_proxy,label_drift,,3,yellow_triangle,2,blue_x,1,direct_label_preservation,procedural_proxy_generator_v1,proxy candidate for yellow_triangle,prototype_gate,reject,prototype_label_mismatch,0,red_square,0.8451431110963743,29.722287481360354,0.20186759599673207,0.1512375768681853,,,"{""source_low_shot_index"": 12}"
0,2a0abdf267373c,procedural_proxy,label_drift,,3,yellow_triangle,0,red_square,1,direct_label_preservation,procedural_proxy_generator_v1,proxy candidate for yellow_triangle,prototype_gate,reject,prototype_label_mismatch,0,red_square,0.6099331086422797,61.82359281826187,0.28802976919934636,0.24707897969247555,,,"{""source_low_shot_index"": 12}"
0,d0cfb5b54e8ea0,procedural_proxy,useful,,3,yellow_triangle,3,yellow_triangle,0,direct_label_preservation,procedural_proxy_generator_v1,proxy candidate for yellow_triangle,prototype_gate,retain,retain,3,yellow_triangle,0.9759002528110784,38.48324665728454,0.24663756127450984,0.30097795173477687,,,"{""source_low_shot_index"": 12}"
0,934c5141585146,procedural_proxy,label_drift,,3,yellow_triangle,1,green_circle,1,direct_label_preservation,procedural_proxy_generator_v1,proxy candidate for yellow_triangle,prototype_gate,reject,prototype_label_mismatch,2,blue_x,0.652068424445333,53.73561300113583,0.29022416258169936,0.21612843495644435,,,"{""source_low_shot_index"": 12}"
0,c14e3df9e35311,procedural_proxy,label_drift,,3,yellow_triangle,2,blue_x,1,direct_label_preservation,procedural_proxy_generator_v1,proxy candidate for yellow_triangle,prototype_gate,reject,prototype_label_mismatch,2,blue_x,0.9941946115431793,39.33789146714933,0.24344618055555556,0.15351075008045575,,,"{""source_low_shot_index"": 12}"
0,3fe5cc1a9b7211,procedural_proxy,label_drift,,3,yellow_triangle,4,purple_diamond,1,direct_label_preservation,procedural_proxy_generator_v1,proxy candidate for yellow_triangle,prototype_gate,retain,retain,3,yellow_triangle,0.8029241871962491,34.21421082737331,0.26916743259803927,0.20755117682989488,,,"{""source_low_shot_index"": 12}"
0,d3fe8077352de5,procedural_proxy,artifact,,3,yellow_triangle,3,yellow_triangle,1,direct_label_preservation,procedural_proxy_generator_v1,proxy candidate for yellow_triangle,prototype_gate,reject,low_confidence+far_from_real_prototype+prototype_label_mismatch,2,blue_x,0.3930805808267919,154.72894167767885,0.5576733558006536,0.28742598519413504,,,"{""source_low_shot_index"": 12}"
0,7e881363a5a410,procedural_proxy,label_drift,,3,yellow_triangle,2,blue_x,1,direct_label_preservation,procedural_proxy_generator_v1,proxy candidate for yellow_triangle,prototype_gate,reject,prototype_label_mismatch,2,blue_x,0.9979679739101208,26.394892940911078,0.16963720383986924,0.20587325065224887,,,"{""source_low_shot_index"": 12}"
0,fa504d9370536b,procedural_proxy,label_drift,,3,yellow_triangle,1,green_circle,1,direct_label_preservation,procedural_proxy_generator_v1,proxy candidate for yellow_triangle,prototype_gate,reject,prototype_label_mismatch,1,green_circle,0.6786954886599176,43.36716235045777,0.21341273488562088,0.20795631568049402,,,"{""source_low_shot_index"": 12}"
0,b953a8d4ab3a8f,procedural_proxy,useful,,3,yellow_triangle,3,yellow_triangle,0,direct_label_preservation,procedural_proxy_generator_v1,proxy candidate for yellow_triangle,prototype_gate,reject,prototype_label_mismatch,0,red_square,0.8245118975835672,36.15452695438122,0.2257340175653595,0.19012020878122718,,,"{""source_low_shot_index"": 12}"
0,8a26c29127f224,procedural_proxy,label_drift,,3,yellow_triangle,1,green_circle,1,direct_label_preservation,procedural_proxy_generator_v1,proxy candidate for yellow_triangle,prototype_gate,reject,prototype_label_mismatch,1,green_circle,0.8106528313521117,44.18183047398889,0.21791641135620918,0.18311059334877675,,,"{""source_low_shot_index"": 12}"
0,2d04eeac477797,procedural_proxy,label_drift,,3,yellow_triangle,4,purple_diamond,1,direct_label_preservation,procedural_proxy_generator_v1,proxy candidate for yellow_triangle,prototype_gate,retain,retain,3,yellow_triangle,0.7213827026443221,33.16458440767306,0.19270195057189543,0.17679860763511837,,,"{""source_low_shot_index"": 12}"
0,ce1adb32ae7ff5,procedural_proxy,useful,,3,yellow_triangle,3,yellow_triangle,0,direct_label_preservation,procedural_proxy_generator_v1,proxy candidate for yellow_triangle,prototype_gate,retain,retain,3,yellow_triangle,0.8453060785863751,49.04920213965267,0.3030126633986928,0.2881918792052771,,,"{""source_low_shot_index"": 12}"
0,c5e103a918a9fb,procedural_proxy,label_drift,,3,yellow_triangle,2,blue_x,1,direct_label_preservation,procedural_proxy_generator_v1,proxy candidate for yellow_triangle,prototype_gate,reject,prototype_label_mismatch,2,blue_x,0.5415154315731069,46.711142550164524,0.22029973447712417,0.15951461651696613,,,"{""source_low_shot_index"": 12}"
0,9ae31a27909046,procedural_proxy,label_drift,,3,yellow_triangle,4,purple_diamond,1,direct_label_preservation,procedural_proxy_generator_v1,proxy candidate for yellow_triangle,prototype_gate,reject,prototype_label_mismatch,4,purple_diamond,0.918051321539983,45.20267672097274,0.21256765727124183,0.25868429177171964,,,"{""source_low_shot_index"": 13}"
0,2badadb5c33464,procedural_proxy,label_drift,,3,yellow_triangle,0,red_square,1,direct_label_preservation,procedural_proxy_generator_v1,proxy candidate for yellow_triangle,prototype_gate,reject,prototype_label_mismatch,0,red_square,0.9975108246490667,20.535809593795275,0.22598166870915035,0.20862616086284091,,,"{""source_low_shot_index"": 13}"
0,5dee3186a19b7a,procedural_proxy,artifact,,3,yellow_triangle,3,yellow_triangle,1,direct_label_preservation,procedural_proxy_generator_v1,proxy candidate for yellow_triangle,prototype_gate,reject,low_confidence+far_from_real_prototype+prototype_label_mismatch,2,blue_x,0.42252235287986367,152.00348577131533,0.5385416666666667,0.2642527179059613,,,"{""source_low_shot_index"": 13}"
0,fda88f2bc1f186,procedural_proxy,label_drift,,3,yellow_triangle,4,purple_diamond,1,direct_label_preservation,procedural_proxy_generator_v1,proxy candidate for yellow_triangle,prototype_gate,reject,low_confidence+prototype_label_mismatch,0,red_square,0.4606737835303938,51.869306917620285,0.262899560866013,0.22394462490400577,,,"{""source_low_shot_index"": 13}"
0,4a1e07fefa1ff2,procedural_proxy,useful,,3,yellow_triangle,3,yellow_triangle,0,direct_label_preservation,procedural_proxy_generator_v1,proxy candidate for yellow_triangle,prototype_gate,reject,low_confidence,3,yellow_triangle,0.4333657699044469,30.818964731262543,0.2387510212418301,0.1473885340825833,,,"{""source_low_shot_index"": 13}"
0,5aebc76350e6a2,procedural_proxy,label_drift,,3,yellow_triangle,0,red_square,1,direct_label_preservation,procedural_proxy_generator_v1,proxy candidate for yellow_triangle,prototype_gate,reject,prototype_label_mismatch,0,red_square,0.6538518372581198,46.449316851912016,0.2763071895424836,0.16940865288410298,,,"{""source_low_shot_index"": 13}"
0,51f3f7cfaf13c6,procedural_proxy,label_drift,,3,yellow_triangle,0,red_square,1,direct_label_preservation,procedural_proxy_generator_v1,proxy candidate for yellow_triangle,prototype_gate,reject,prototype_label_mismatch,0,red_square,0.9849846906504733,33.05508477722024,0.20352073120915035,0.2053428425713003,,,"{""source_low_shot_index"": 13}"
0,492196ad9abe47,procedural_proxy,label_drift,,3,yellow_triangle,0,red_square,1,direct_label_preservation,procedural_proxy_generator_v1,proxy candidate for yellow_triangle,prototype_gate,reject,prototype_label_mismatch,0,red_square,0.996082208951099,32.92737136261499,0.23007301879084965,0.2179590115817809,,,"{""source_low_shot_index"": 13}"
0,e68decf2b9e139,procedural_proxy,label_drift,,3,yellow_triangle,0,red_square,1,direct_label_preservation,procedural_proxy_generator_v1,proxy candidate for yellow_triangle,prototype_gate,reject,prototype_label_mismatch,0,red_square,0.9799508309211858,33.44387673992939,0.25515216503267973,0.2621206887993434,,,"{""source_low_shot_index"": 13}"
0,c3ada26bd02b93,procedural_proxy,artifact,,3,yellow_triangle,3,yellow_triangle,1,direct_label_preservation,procedural_proxy_generator_v1,proxy candidate for yellow_triangle,prototype_gate,reject,low_confidence+far_from_real_prototype+prototype_label_mismatch,2,blue_x,0.4150412642180349,146.82642079683248,0.501656964869281,0.29062483473402545,,,"{""source_low_shot_index"": 13}"
0,4ba22e9343780d,procedural_proxy,label_drift,,3,yellow_triangle,2,blue_x,1,direct_label_preservation,procedural_proxy_generator_v1,proxy candidate for yellow_triangle,prototype_gate,reject,low_confidence+prototype_label_mismatch,0,red_square,0.45324611172768114,26.788215817243298,0.21645220588235295,0.2257535760732609,,,"{""source_low_shot_index"": 13}"
0,4f37d72240c269,procedural_proxy,label_drift,,3,yellow_triangle,1,green_circle,1,direct_label_preservation,procedural_proxy_generator_v1,proxy candidate for yellow_triangle,prototype_gate,retain,retain,3,yellow_triangle,0.5590530648613746,41.959283829923976,0.23142999387254903,0.16476672528698236,,,"{""source_low_shot_index"": 13}"
0,3a267e2c8fb1e5,procedural_proxy,artifact,,3,yellow_triangle,3,yellow_triangle,1,direct_label_preservation,procedural_proxy_generator_v1,proxy candidate for yellow_triangle,prototype_gate,reject,low_confidence+far_from_real_prototype+prototype_label_mismatch,2,blue_x,0.4474698663025657,147.47825662465732,0.500201695261438,0.28869627213066124,,,"{""source_low_shot_index"": 13}"
0,9afcb31229da6f,procedural_proxy,useful,,3,yellow_triangle,3,yellow_triangle,0,direct_label_preservation,procedural_proxy_generator_v1,proxy candidate for yellow_triangle,prototype_gate,retain,retain,3,yellow_triangle,0.6662104524931937,25.473669888509384,0.23226613562091503,0.2007783648886405,,,"{""source_low_shot_index"": 13}"
0,97ed7cecb5a22d,procedural_proxy,label_drift,,3,yellow_triangle,4,purple_diamond,1,direct_label_preservation,procedural_proxy_generator_v1,proxy candidate for yellow_triangle,prototype_gate,reject,prototype_label_mismatch,4,purple_diamond,0.9789381556453755,43.50923325598294,0.21965507557189543,0.28699908159221865,,,"{""source_low_shot_index"": 13}"
0,81ce1242c7d835,procedural_proxy,label_drift,,3,yellow_triangle,2,blue_x,1,direct_label_preservation,procedural_proxy_generator_v1,proxy candidate for yellow_triangle,prototype_gate,reject,prototype_label_mismatch,2,blue_x,0.8473240910981632,42.38629826215206,0.24759880514705887,0.1481501708325887,,,"{""source_low_shot_index"": 13}"
0,e7cf049d130f06,procedural_proxy,label_drift,,3,yellow_triangle,0,red_square,1,direct_label_preservation,procedural_proxy_generator_v1,proxy candidate for yellow_triangle,prototype_gate,reject,prototype_label_mismatch,0,red_square,0.7284003222553396,36.30474517520823,0.2150326797385621,0.2129840458182759,,,"{""source_low_shot_index"": 13}"
0,f2f7d3db7cecf3,procedural_proxy,label_drift,,3,yellow_triangle,4,purple_diamond,1,direct_label_preservation,procedural_proxy_generator_v1,proxy candidate for yellow_triangle,prototype_gate,reject,low_confidence+prototype_label_mismatch,1,green_circle,0.34437336464196033,39.7109106377133,0.22121502246732025,0.2198355329604546,,,"{""source_low_shot_index"": 13}"
0,91eb4aefa92ce4,procedural_proxy,label_drift,,3,yellow_triangle,0,red_square,1,direct_label_preservation,procedural_proxy_generator_v1,proxy candidate for yellow_triangle,prototype_gate,reject,low_confidence+prototype_label_mismatch,0,red_square,0.28862164578249316,49.686097504392535,0.23813061683006534,0.2248681211577929,,,"{""source_low_shot_index"": 13}"
0,1ed42e3b5809e1,procedural_proxy,useful,,3,yellow_triangle,3,yellow_triangle,0,direct_label_preservation,procedural_proxy_generator_v1,proxy candidate for yellow_triangle,prototype_gate,retain,retain,3,yellow_triangle,0.9865379028860471,39.980290659357266,0.26846788194444443,0.2669079846189412,,,"{""source_low_shot_index"": 13}"
0,63eac6cab937f9,procedural_proxy,useful,,3,yellow_triangle,3,yellow_triangle,0,direct_label_preservation,procedural_proxy_generator_v1,proxy candidate for yellow_triangle,prototype_gate,reject,prototype_label_mismatch,0,red_square,0.7397715196728984,47.20829480735175,0.24713796977124183,0.18224579939649954,,,"{""source_low_shot_index"": 14}"
0,cc3164aa0e3990,procedural_proxy,label_drift,,3,yellow_triangle,0,red_square,1,direct_label_preservation,procedural_proxy_generator_v1,proxy candidate for yellow_triangle,prototype_gate,reject,prototype_label_mismatch,2,blue_x,0.8764851586946879,63.84301918053637,0.3191814746732026,0.19946663718336022,,,"{""source_low_shot_index"": 14}"
0,c9a7d84763d08c,procedural_proxy,label_drift,,3,yellow_triangle,2,blue_x,1,direct_label_preservation,procedural_proxy_generator_v1,proxy candidate for yellow_triangle,prototype_gate,retain,retain,3,yellow_triangle,0.5727161103139912,32.378767709753795,0.21665517769607842,0.20292814502658196,,,"{""source_low_shot_index"": 14}"
0,a53d85623ee329,procedural_proxy,artifact,,3,yellow_triangle,3,yellow_triangle,1,direct_label_preservation,procedural_proxy_generator_v1,proxy candidate for yellow_triangle,prototype_gate,reject,low_confidence+far_from_real_prototype,3,yellow_triangle,0.3681888414833347,141.36897057384635,0.5044398488562091,0.31176599321000137,,,"{""source_low_shot_index"": 14}"
0,abec6b2233d89a,procedural_proxy,label_drift,,3,yellow_triangle,2,blue_x,1,direct_label_preservation,procedural_proxy_generator_v1,proxy candidate for yellow_triangle,prototype_gate,reject,prototype_label_mismatch,2,blue_x,0.7950005237762724,35.57123591045594,0.20301649305555555,0.15070708472656558,,,"{""source_low_shot_index"": 14}"
0,3cf741711e57d4,procedural_proxy,label_drift,,3,yellow_triangle,1,green_circle,1,direct_label_preservation,procedural_proxy_generator_v1,proxy candidate for yellow_triangle,prototype_gate,reject,prototype_label_mismatch,1,green_circle,0.7772335209134846,52.31730995489981,0.26066048815359477,0.20896857373653274,,,"{""source_low_shot_index"": 14}"
0,e2ab63714b7a48,procedural_proxy,label_drift,,3,yellow_triangle,1,green_circle,1,direct_label_preservation,procedural_proxy_generator_v1,proxy candidate for yellow_triangle,prototype_gate,reject,prototype_label_mismatch,1,green_circle,0.6957297456840729,31.728192005593634,0.21060687295751632,0.2621614389170284,,,"{""source_low_shot_index"": 14}"
0,aa8d16dc4e8d06,procedural_proxy,useful,,3,yellow_triangle,3,yellow_triangle,0,direct_label_preservation,procedural_proxy_generator_v1,proxy candidate for yellow_triangle,prototype_gate,retain,retain,3,yellow_triangle,0.8915231095514845,53.02583137174835,0.21008093341503267,0.27590418458323024,,,"{""source_low_shot_index"": 14}"
0,5673aedaf7d459,procedural_proxy,label_drift,,3,yellow_triangle,4,purple_diamond,1,direct_label_preservation,procedural_proxy_generator_v1,proxy candidate for yellow_triangle,prototype_gate,reject,low_confidence+prototype_label_mismatch,2,blue_x,0.40249699621162566,35.33650442017475,0.21439440359477124,0.17943986925329147,,,"{""source_low_shot_index"": 14}"
0,b0ee86715d9e57,procedural_proxy,label_drift,,3,yellow_triangle,2,blue_x,1,direct_label_preservation,procedural_proxy_generator_v1,proxy candidate for yellow_triangle,prototype_gate,reject,prototype_label_mismatch,2,blue_x,0.6613091714712914,41.50570406846585,0.19193857230392156,0.25445203545394585,,,"{""source_low_shot_index"": 14}"
0,6880abdc8dc0bc,procedural_proxy,label_drift,,3,yellow_triangle,4,purple_diamond,1,direct_label_preservation,procedural_proxy_generator_v1,proxy candidate for yellow_triangle,prototype_gate,reject,prototype_label_mismatch,0,red_square,0.5870771195629345,41.83889585245081,0.2444674223856209,0.14716772522069874,,,"{""source_low_shot_index"": 14}"
0,6661a4abaafda0,procedural_proxy,artifact,,3,yellow_triangle,3,yellow_triangle,1,direct_label_preservation,procedural_proxy_generator_v1,proxy candidate for yellow_triangle,prototype_gate,reject,far_from_real_prototype+prototype_label_mismatch,2,blue_x,0.6003626660792788,138.09588582640438,0.4886437908496732,0.29313469893997207,,,"{""source_low_shot_index"": 14}"
0,32d8741e9507e2,procedural_proxy,label_drift,,3,yellow_triangle,0,red_square,1,direct_label_preservation,procedural_proxy_generator_v1,proxy candidate for yellow_triangle,prototype_gate,reject,low_confidence,3,yellow_triangle,0.3589853965917866,31.05628203642165,0.22229626225490196,0.16203257923143985,,,"{""source_low_shot_index"": 14}"
0,377d98797ab809,procedural_proxy,useful,,3,yellow_triangle,3,yellow_triangle,0,direct_label_preservation,procedural_proxy_generator_v1,proxy candidate for yellow_triangle,prototype_gate,retain,retain,3,yellow_triangle,0.5530254338682384,41.4954254504579,0.2532909517973856,0.16528520185030973,,,"{""source_low_shot_index"": 14}"
0,8d721369f4c960,procedural_proxy,label_drift,,3,yellow_triangle,1,green_circle,1,direct_label_preservation,procedural_proxy_generator_v1,proxy candidate for yellow_triangle,prototype_gate,retain,retain,3,yellow_triangle,0.5484531173225654,50.81136267877401,0.26019199346405225,0.1418125322713523,,,"{""source_low_shot_index"": 14}"
0,3daa7357c3a347,procedural_proxy,label_drift,,3,yellow_triangle,0,red_square,1,direct_label_preservation,procedural_proxy_generator_v1,proxy candidate for yellow_triangle,prototype_gate,retain,retain,3,yellow_triangle,0.8601234235617696,37.36634916752926,0.32352558210784316,0.3055558395131096,,,"{""source_low_shot_index"": 14}"
0,bac601c5e3bfac,procedural_proxy,label_drift,,3,yellow_triangle,2,blue_x,1,direct_label_preservation,procedural_proxy_generator_v1,proxy candidate for yellow_triangle,prototype_gate,reject,prototype_label_mismatch,4,purple_diamond,0.7193118281930281,42.270320754041116,0.13574984681372548,0.21539405375990542,,,"{""source_low_shot_index"": 14}"
0,12827dd30b7e87,procedural_proxy,label_drift,,3,yellow_triangle,1,green_circle,1,direct_label_preservation,procedural_proxy_generator_v1,proxy candidate for yellow_triangle,prototype_gate,retain,retain,3,yellow_triangle,0.8482959250484662,41.751929545986464,0.2365923713235294,0.2135206320622404,,,"{""source_low_shot_index"": 14}"
0,d8d14aad773b8b,procedural_proxy,label_drift,,3,yellow_triangle,2,blue_x,1,direct_label_preservation,procedural_proxy_generator_v1,proxy candidate for yellow_triangle,prototype_gate,reject,prototype_label_mismatch,2,blue_x,0.9281439351968501,43.134405553694485,0.20726102941176472,0.16139202329384927,,,"{""source_low_shot_index"": 14}"
0,2b3ded920e38d1,procedural_proxy,label_drift,,3,yellow_triangle,2,blue_x,1,direct_label_preservation,procedural_proxy_generator_v1,proxy candidate for yellow_triangle,prototype_gate,reject,prototype_label_mismatch,0,red_square,0.6308951031087466,35.87297031279504,0.2151462928921569,0.1182209745865513,,,"{""source_low_shot_index"": 14}"
0,6755fe694a920f,procedural_proxy,label_drift,,3,yellow_triangle,0,red_square,1,direct_label_preservation,procedural_proxy_generator_v1,proxy candidate for yellow_triangle,prototype_gate,reject,prototype_label_mismatch,0,red_square,0.5332076680175006,26.696920051958596,0.19976766748366015,0.14314497027131823,,,"{""source_low_shot_index"": 15}"
0,df2a13b5027699,procedural_proxy,artifact,,3,yellow_triangle,3,yellow_triangle,1,direct_label_preservation,procedural_proxy_generator_v1,proxy candidate for yellow_triangle,prototype_gate,reject,low_confidence+far_from_real_prototype+prototype_label_mismatch,2,blue_x,0.4521798542226067,146.40620818921929,0.4990349264705882,0.28809357024822774,,,"{""source_low_shot_index"": 15}"
0,2fa143f74ad055,procedural_proxy,label_drift,,3,yellow_triangle,0,red_square,1,direct_label_preservation,procedural_proxy_generator_v1,proxy candidate for yellow_triangle,prototype_gate,reject,prototype_label_mismatch,0,red_square,0.7628831201471611,47.3387438429211,0.26362591911764705,0.23607266497051735,,,"{""source_low_shot_index"": 15}"
0,819856497f8b14,procedural_proxy,useful,,3,yellow_triangle,3,yellow_triangle,0,direct_label_preservation,procedural_proxy_generator_v1,proxy candidate for yellow_triangle,prototype_gate,retain,retain,3,yellow_triangle,0.949142082137357,38.31642559448882,0.2537466809640523,0.23761934033195098,,,"{""source_low_shot_index"": 15}"
0,3db602970b34cf,procedural_proxy,label_drift,,3,yellow_triangle,4,purple_diamond,1,direct_label_preservation,procedural_proxy_generator_v1,proxy candidate for yellow_triangle,prototype_gate,reject,prototype_label_mismatch,2,blue_x,0.7596639984965995,58.518532045036345,0.29035181781045755,0.13845246614836726,,,"{""source_low_shot_index"": 15}"
0,cc02488c070aed,procedural_proxy,label_drift,,3,yellow_triangle,1,green_circle,1,direct_label_preservation,procedural_proxy_generator_v1,proxy candidate for yellow_triangle,prototype_gate,reject,prototype_label_mismatch,1,green_circle,0.8728563603568363,39.80786467499197,0.2377923304738562,0.18418282294918176,,,"{""source_low_shot_index"": 15}"
0,2e4a614c36bb43,procedural_proxy,label_drift,,3,yellow_triangle,0,red_square,1,direct_label_preservation,procedural_proxy_generator_v1,proxy candidate for yellow_triangle,prototype_gate,reject,prototype_label_mismatch,0,red_square,0.9954857375497161,23.4451754944855,0.19156837214052289,0.1754667718486062,,,"{""source_low_shot_index"": 15}"
0,6aada82812b256,procedural_proxy,label_drift,,3,yellow_triangle,4,purple_diamond,1,direct_label_preservation,procedural_proxy_generator_v1,proxy candidate for yellow_triangle,prototype_gate,reject,prototype_label_mismatch,1,green_circle,0.986154451997271,29.88294575733228,0.22358302696078433,0.16731843774010477,,,"{""source_low_shot_index"": 15}"
0,ed45ecd1d17a2c,procedural_proxy,label_drift,,3,yellow_triangle,1,green_circle,1,direct_label_preservation,procedural_proxy_generator_v1,proxy candidate for yellow_triangle,prototype_gate,reject,prototype_label_mismatch,0,red_square,0.9842713931818676,29.10712611759414,0.26261488970588237,0.21062259401348837,,,"{""source_low_shot_index"": 15}"
0,94f1b9c0ad61bb,procedural_proxy,label_drift,,3,yellow_triangle,0,red_square,1,direct_label_preservation,procedural_proxy_generator_v1,proxy candidate for yellow_triangle,prototype_gate,reject,prototype_label_mismatch,0,red_square,0.9472184070377806,28.468602420389093,0.24556015114379084,0.23532159747331363,,,"{""source_low_shot_index"": 15}"
0,02e5754cd081e0,procedural_proxy,label_drift,,3,yellow_triangle,2,blue_x,1,direct_label_preservation,procedural_proxy_generator_v1,proxy candidate for yellow_triangle,prototype_gate,reject,prototype_label_mismatch,2,blue_x,0.814939637553027,27.395765722023114,0.17449448529411762,0.17107734799138033,,,"{""source_low_shot_index"": 15}"
0,0f2ed43d9b7b72,procedural_proxy,label_drift,,3,yellow_triangle,1,green_circle,1,direct_label_preservation,procedural_proxy_generator_v1,proxy candidate for yellow_triangle,prototype_gate,reject,prototype_label_mismatch,2,blue_x,0.6883864568174122,47.629866028848554,0.24438827614379086,0.1442042766877287,,,"{""source_low_shot_index"": 15}"
0,7110261c6088de,procedural_proxy,label_drift,,3,yellow_triangle,4,purple_diamond,1,direct_label_preservation,procedural_proxy_generator_v1,proxy candidate for yellow_triangle,prototype_gate,reject,low_confidence+prototype_label_mismatch,2,blue_x,0.35619223985534304,43.78672980118788,0.2841196895424836,0.22888159542885975,,,"{""source_low_shot_index"": 15}"
0,89bc47e5d2a41f,procedural_proxy,label_drift,,3,yellow_triangle,4,purple_diamond,1,direct_label_preservation,procedural_proxy_generator_v1,proxy candidate for yellow_triangle,prototype_gate,reject,prototype_label_mismatch,0,red_square,0.6516953710002317,38.43590383253133,0.19345894607843137,0.14877826712094172,,,"{""source_low_shot_index"": 15}"
0,861be26b21235d,procedural_proxy,label_drift,,3,yellow_triangle,4,purple_diamond,1,direct_label_preservation,procedural_proxy_generator_v1,proxy candidate for yellow_triangle,prototype_gate,reject,prototype_label_mismatch,4,purple_diamond,0.5654960463565262,28.25932742406197,0.19535334967320261,0.20413453093095962,,,"{""source_low_shot_index"": 15}"
0,99f2dd314c7882,procedural_proxy,label_drift,,3,yellow_triangle,1,green_circle,1,direct_label_preservation,procedural_proxy_generator_v1,proxy candidate for yellow_triangle,prototype_gate,reject,prototype_label_mismatch,2,blue_x,0.7692369565119301,40.02646789917766,0.20596405228758172,0.1571339163631519,,,"{""source_low_shot_index"": 15}"
0,94aaf275ea915a,procedural_proxy,useful,,3,yellow_triangle,3,yellow_triangle,0,direct_label_preservation,procedural_proxy_generator_v1,proxy candidate for yellow_triangle,prototype_gate,retain,retain,3,yellow_triangle,0.8050856010867429,52.58942600924896,0.2997842626633987,0.20940942653192246,,,"{""source_low_shot_index"": 15}"
0,0d0cef8bc0a631,procedural_proxy,artifact,,3,yellow_triangle,3,yellow_triangle,1,direct_label_preservation,procedural_proxy_generator_v1,proxy candidate for yellow_triangle,prototype_gate,reject,low_confidence+far_from_real_prototype+prototype_label_mismatch,2,blue_x,0.43551391330900113,146.97690324735248,0.497155841503268,0.28774911790944774,,,"{""source_low_shot_index"": 15}"
0,bc4484684678c1,procedural_proxy,label_drift,,3,yellow_triangle,1,green_circle,1,direct_label_preservation,procedural_proxy_generator_v1,proxy candidate for yellow_triangle,prototype_gate,reject,prototype_label_mismatch,1,green_circle,0.5922292798493363,39.45194987073,0.21403186274509803,0.13803951252062793,,,"{""source_low_shot_index"": 15}"
0,17c35fa7d20c8c,procedural_proxy,useful,,3,yellow_triangle,3,yellow_triangle,0,direct_label_preservation,procedural_proxy_generator_v1,proxy candidate for yellow_triangle,prototype_gate,retain,retain,3,yellow_triangle,0.9814738917260409,45.538241134386666,0.2404360702614379,0.30601522049926505,,,"{""source_low_shot_index"": 15}"
0,bb06bc2e3e1d22,procedural_proxy,label_drift,,4,purple_diamond,2,blue_x,1,direct_label_preservation,procedural_proxy_generator_v1,proxy candidate for purple_diamond,prototype_gate,reject,prototype_label_mismatch,2,blue_x,0.9916097016757959,31.17042576006642,0.233648641748366,0.16901383542242765,,,"{""source_low_shot_index"": 16}"
0,ebd06b49c8d81a,procedural_proxy,label_drift,,4,purple_diamond,1,green_circle,1,direct_label_preservation,procedural_proxy_generator_v1,proxy candidate for purple_diamond,prototype_gate,reject,low_confidence+prototype_label_mismatch,1,green_circle,0.44266071114375516,56.556060635831265,0.24728222017973858,0.16661954818210098,,,"{""source_low_shot_index"": 16}"
0,850ec4960a1f9f,procedural_proxy,useful,,4,purple_diamond,4,purple_diamond,0,direct_label_preservation,procedural_proxy_generator_v1,proxy candidate for purple_diamond,prototype_gate,reject,prototype_label_mismatch,0,red_square,0.5536508292530827,48.834218430342794,0.2743374693627451,0.23363193132400467,,,"{""source_low_shot_index"": 16}"
0,300c6a373ff638,procedural_proxy,label_drift,,4,purple_diamond,0,red_square,1,direct_label_preservation,procedural_proxy_generator_v1,proxy candidate for purple_diamond,prototype_gate,reject,prototype_label_mismatch,0,red_square,0.9781420928884123,35.5412473835448,0.2223677491830065,0.17144347145195185,,,"{""source_low_shot_index"": 16}"
0,48cc60a7a5c5cb,procedural_proxy,label_drift,,4,purple_diamond,3,yellow_triangle,1,direct_label_preservation,procedural_proxy_generator_v1,proxy candidate for purple_diamond,prototype_gate,reject,prototype_label_mismatch,3,yellow_triangle,0.9952212764329318,59.83281429081768,0.23752042483660132,0.3262995231071136,,,"{""source_low_shot_index"": 16}"
0,a982b9f3d58751,procedural_proxy,label_drift,,4,purple_diamond,1,green_circle,1,direct_label_preservation,procedural_proxy_generator_v1,proxy candidate for purple_diamond,prototype_gate,reject,prototype_label_mismatch,1,green_circle,0.9572601692720755,43.50581887563201,0.22508169934640523,0.20631066687962502,,,"{""source_low_shot_index"": 16}"
0,4c95b8ae85ab4a,procedural_proxy,useful,,4,purple_diamond,4,purple_diamond,0,direct_label_preservation,procedural_proxy_generator_v1,proxy candidate for purple_diamond,prototype_gate,retain,retain,4,purple_diamond,0.9605370127725502,20.713152925488295,0.2250651041666667,0.20384130069261508,,,"{""source_low_shot_index"": 16}"
0,51f29b850c0d1a,procedural_proxy,artifact,,4,purple_diamond,4,purple_diamond,1,direct_label_preservation,procedural_proxy_generator_v1,proxy candidate for purple_diamond,prototype_gate,reject,low_confidence+far_from_real_prototype+prototype_label_mismatch,2,blue_x,0.43066596439569804,150.71254041629055,0.5277930964052288,0.2665615427009523,,,"{""source_low_shot_index"": 16}"
0,50a54a62f76de3,procedural_proxy,label_drift,,4,purple_diamond,3,yellow_triangle,1,direct_label_preservation,procedural_proxy_generator_v1,proxy candidate for purple_diamond,prototype_gate,reject,prototype_label_mismatch,2,blue_x,0.7791224010549161,47.79920826600765,0.23955780228758172,0.17140042846189352,,,"{""source_low_shot_index"": 16}"
0,69d2e810fcf8e4,procedural_proxy,label_drift,,4,purple_diamond,0,red_square,1,direct_label_preservation,procedural_proxy_generator_v1,proxy candidate for purple_diamond,prototype_gate,reject,prototype_label_mismatch,0,red_square,0.5552020790744217,34.71544441482002,0.2357855902777778,0.17253429147784818,,,"{""source_low_shot_index"": 16}"
0,0aad2bac680fcc,procedural_proxy,artifact,,4,purple_diamond,4,purple_diamond,1,direct_label_preservation,procedural_proxy_generator_v1,proxy candidate for purple_diamond,prototype_gate,reject,low_confidence+far_from_real_prototype+prototype_label_mismatch,2,blue_x,0.47470812540097146,145.1218560957779,0.5024101307189542,0.2648172089740442,,,"{""source_low_shot_index"": 16}"
0,eb6b3b816372a0,procedural_proxy,label_drift,,4,purple_diamond,0,red_square,1,direct_label_preservation,procedural_proxy_generator_v1,proxy candidate for purple_diamond,prototype_gate,reject,prototype_label_mismatch,0,red_square,0.5051795775925105,43.407662897579094,0.2091860702614379,0.230621797327694,,,"{""source_low_shot_index"": 16}"
0,29af72fd5f5eca,procedural_proxy,label_drift,,4,purple_diamond,1,green_circle,1,direct_label_preservation,procedural_proxy_generator_v1,proxy candidate for purple_diamond,prototype_gate,reject,prototype_label_mismatch,2,blue_x,0.5457944096072347,41.231138684165565,0.22204861111111115,0.13269348397578506,,,"{""source_low_shot_index"": 16}"
0,e58b9fe13067eb,procedural_proxy,label_drift,,4,purple_diamond,0,red_square,1,direct_label_preservation,procedural_proxy_generator_v1,proxy candidate for purple_diamond,prototype_gate,reject,prototype_label_mismatch,2,blue_x,0.5710738371646328,56.413576063680594,0.33067682802287585,0.2175899090697996,,,"{""source_low_shot_index"": 16}"
0,28dccd9c24bf85,procedural_proxy,artifact,,4,purple_diamond,4,purple_diamond,1,direct_label_preservation,procedural_proxy_generator_v1,proxy candidate for purple_diamond,prototype_gate,reject,low_confidence+far_from_real_prototype+prototype_label_mismatch,2,blue_x,0.4511944189494135,144.82111921035562,0.49518739787581695,0.29050624775174577,,,"{""source_low_shot_index"": 16}"
0,8f6c1dd7234ae5,procedural_proxy,label_drift,,4,purple_diamond,1,green_circle,1,direct_label_preservation,procedural_proxy_generator_v1,proxy candidate for purple_diamond,prototype_gate,reject,prototype_label_mismatch,1,green_circle,0.9341350547934462,32.244031415436794,0.1836473651960784,0.17113070424946408,,,"{""source_low_shot_index"": 16}"
0,1252bc893239cb,procedural_proxy,label_drift,,4,purple_diamond,3,yellow_triangle,1,direct_label_preservation,procedural_proxy_generator_v1,proxy candidate for purple_diamond,prototype_gate,reject,prototype_label_mismatch,3,yellow_triangle,0.9866198302433078,49.95005722705848,0.2729447508169935,0.2938104563859601,,,"{""source_low_shot_index"": 16}"
0,688b2d2fe4cf40,procedural_proxy,label_drift,,4,purple_diamond,3,yellow_triangle,1,direct_label_preservation,procedural_proxy_generator_v1,proxy candidate for purple_diamond,prototype_gate,reject,prototype_label_mismatch,3,yellow_triangle,0.821993628141896,47.0956680140266,0.23658598856209154,0.16409090438546314,,,"{""source_low_shot_index"": 16}"
0,a81ae5ce478144,procedural_proxy,label_drift,,4,purple_diamond,1,green_circle,1,direct_label_preservation,procedural_proxy_generator_v1,proxy candidate for purple_diamond,prototype_gate,retain,retain,4,purple_diamond,0.9200455849918578,40.2643128877302,0.25943627450980394,0.2926262312494178,,,"{""source_low_shot_index"": 16}"
0,b9385867b7374f,procedural_proxy,label_drift,,4,purple_diamond,0,red_square,1,direct_label_preservation,procedural_proxy_generator_v1,proxy candidate for purple_diamond,prototype_gate,reject,low_confidence+prototype_label_mismatch,3,yellow_triangle,0.4775100941762099,49.93119932423469,0.24755540236928106,0.2894271076781011,,,"{""source_low_shot_index"": 16}"
0,443997eb431582,procedural_proxy,useful,,4,purple_diamond,4,purple_diamond,0,direct_label_preservation,procedural_proxy_generator_v1,proxy candidate for purple_diamond,prototype_gate,reject,prototype_label_mismatch,0,red_square,0.5614582484934,47.21100647168936,0.1860294117647059,0.22459670414832308,,,"{""source_low_shot_index"": 17}"
0,b677518af8cf4d,procedural_proxy,useful,,4,purple_diamond,4,purple_diamond,0,direct_label_preservation,procedural_proxy_generator_v1,proxy candidate for purple_diamond,prototype_gate,reject,prototype_label_mismatch,2,blue_x,0.7655688161695214,53.227459187210414,0.2816546670751634,0.16956329227061218,,,"{""source_low_shot_index"": 17}"
0,ad12600efab851,procedural_proxy,label_drift,,4,purple_diamond,3,yellow_triangle,1,direct_label_preservation,procedural_proxy_generator_v1,proxy candidate for purple_diamond,prototype_gate,reject,low_confidence+prototype_label_mismatch,2,blue_x,0.40986908470021544,44.44163659371983,0.24940002042483664,0.19527507369143737,,,"{""source_low_shot_index"": 17}"
0,cfb2ae3918a1b6,procedural_proxy,useful,,4,purple_diamond,4,purple_diamond,0,direct_label_preservation,procedural_proxy_generator_v1,proxy candidate for purple_diamond,prototype_gate,retain,retain,4,purple_diamond,0.91226703566766,34.53725327493105,0.20926266339869282,0.2339145614934671,,,"{""source_low_shot_index"": 17}"
0,42fecc047d3920,procedural_proxy,useful,,4,purple_diamond,4,purple_diamond,0,direct_label_preservation,procedural_proxy_generator_v1,proxy candidate for purple_diamond,prototype_gate,retain,retain,4,purple_diamond,0.9792121755117151,36.703077251604945,0.22647569444444446,0.263829511016475,,,"{""source_low_shot_index"": 17}"
0,1b01d48d326011,procedural_proxy,label_drift,,4,purple_diamond,0,red_square,1,direct_label_preservation,procedural_proxy_generator_v1,proxy candidate for purple_diamond,prototype_gate,reject,prototype_label_mismatch,0,red_square,0.7180846057684215,52.62751516177384,0.2696001838235294,0.2596805242111665,,,"{""source_low_shot_index"": 17}"
0,ccc188a120fcbe,procedural_proxy,useful,,4,purple_diamond,4,purple_diamond,0,direct_label_preservation,procedural_proxy_generator_v1,proxy candidate for purple_diamond,prototype_gate,reject,prototype_label_mismatch,2,blue_x,0.5255165899350422,39.8704448135898,0.2558172487745098,0.13763852881359984,,,"{""source_low_shot_index"": 17}"
0,56692cdad836d6,procedural_proxy,label_drift,,4,purple_diamond,0,red_square,1,direct_label_preservation,procedural_proxy_generator_v1,proxy candidate for purple_diamond,prototype_gate,reject,prototype_label_mismatch,0,red_square,0.9962343025459359,32.174533965797664,0.23025939542483662,0.2124061531747695,,,"{""source_low_shot_index"": 17}"
0,5afca9416d9d9a,procedural_proxy,useful,,4,purple_diamond,4,purple_diamond,0,direct_label_preservation,procedural_proxy_generator_v1,proxy candidate for purple_diamond,prototype_gate,reject,prototype_label_mismatch,2,blue_x,0.6662109006126077,51.24939486312974,0.25138378267973854,0.17206050369374967,,,"{""source_low_shot_index"": 17}"
0,42e6272b7a1491,procedural_proxy,label_drift,,4,purple_diamond,0,red_square,1,direct_label_preservation,procedural_proxy_generator_v1,proxy candidate for purple_diamond,prototype_gate,reject,prototype_label_mismatch,3,yellow_triangle,0.6546937042414882,45.88558905819096,0.26192044526143793,0.2426359606104324,,,"{""source_low_shot_index"": 17}"
0,a904985f3f85c4,procedural_proxy,label_drift,,4,purple_diamond,0,red_square,1,direct_label_preservation,procedural_proxy_generator_v1,proxy candidate for purple_diamond,prototype_gate,reject,prototype_label_mismatch,0,red_square,0.5892969115132138,44.35554228532596,0.29423381331699344,0.18562667252271953,,,"{""source_low_shot_index"": 17}"
0,3815d2cc5b140e,procedural_proxy,useful,,4,purple_diamond,4,purple_diamond,0,direct_label_preservation,procedural_proxy_generator_v1,proxy candidate for purple_diamond,prototype_gate,reject,low_confidence,4,purple_diamond,0.46139565347838235,39.96326166057505,0.22909517973856208,0.25841643373546197,,,"{""source_low_shot_index"": 17}"
0,da170c8914280f,procedural_proxy,artifact,,4,purple_diamond,4,purple_diamond,1,direct_label_preservation,procedural_proxy_generator_v1,proxy candidate for purple_diamond,prototype_gate,reject,low_confidence+far_from_real_prototype+prototype_label_mismatch,2,blue_x,0.48027743124759675,153.7643618720562,0.5514999489379085,0.27158190030070056,,,"{""source_low_shot_index"": 17}"
0,8bb896081972bb,procedural_proxy,useful,,4,purple_diamond,4,purple_diamond,0,direct_label_preservation,procedural_proxy_generator_v1,proxy candidate for purple_diamond,prototype_gate,retain,retain,4,purple_diamond,0.8967871100001565,28.556364527388062,0.20398667279411767,0.18188058365697704,,,"{""source_low_shot_index"": 17}"
0,687c9d32d09b9c,procedural_proxy,label_drift,,4,purple_diamond,2,blue_x,1,direct_label_preservation,procedural_proxy_generator_v1,proxy candidate for purple_diamond,prototype_gate,reject,prototype_label_mismatch,2,blue_x,0.9713689242846997,28.48353451079058,0.16585094975490197,0.19734665791535902,,,"{""source_low_shot_index"": 17}"
0,f1ce45bfa55b98,procedural_proxy,useful,,4,purple_diamond,4,purple_diamond,0,direct_label_preservation,procedural_proxy_generator_v1,proxy candidate for purple_diamond,prototype_gate,reject,prototype_label_mismatch,3,yellow_triangle,0.523954783714594,42.641652996271766,0.24818474264705884,0.18517040300946447,,,"{""source_low_shot_index"": 17}"
0,32da3fbf837752,procedural_proxy,label_drift,,4,purple_diamond,3,yellow_triangle,1,direct_label_preservation,procedural_proxy_generator_v1,proxy candidate for purple_diamond,prototype_gate,reject,prototype_label_mismatch,3,yellow_triangle,0.9657218414274462,32.16871673827622,0.23509114583333335,0.24249942662692411,,,"{""source_low_shot_index"": 17}"
0,ed02081967ce1b,procedural_proxy,useful,,4,purple_diamond,4,purple_diamond,0,direct_label_preservation,procedural_proxy_generator_v1,proxy candidate for purple_diamond,prototype_gate,retain,retain,4,purple_diamond,0.7243522248905431,33.21992587871537,0.22574167687908497,0.20243986965445804,,,"{""source_low_shot_index"": 17}"
0,7e0ee457a3c067,procedural_proxy,artifact,,4,purple_diamond,4,purple_diamond,1,direct_label_preservation,procedural_proxy_generator_v1,proxy candidate for purple_diamond,prototype_gate,reject,low_confidence+far_from_real_prototype+prototype_label_mismatch,2,blue_x,0.42562072375285914,146.29001131320683,0.4966988357843138,0.28801167276060224,,,"{""source_low_shot_index"": 17}"
0,dd084590429a62,procedural_proxy,useful,,4,purple_diamond,4,purple_diamond,0,direct_label_preservation,procedural_proxy_generator_v1,proxy candidate for purple_diamond,prototype_gate,retain,retain,4,purple_diamond,0.9716694815962005,38.13350201063126,0.19073606004901958,0.2701032635759428,,,"{""source_low_shot_index"": 17}"
0,113001994e98d8,procedural_proxy,label_drift,,4,purple_diamond,2,blue_x,1,direct_label_preservation,procedural_proxy_generator_v1,proxy candidate for purple_diamond,prototype_gate,reject,prototype_label_mismatch,3,yellow_triangle,0.5999729136454599,59.20560327636059,0.2859783496732026,0.19812964672111968,,,"{""source_low_shot_index"": 18}"
0,933b039c06d40e,procedural_proxy,useful,,4,purple_diamond,4,purple_diamond,0,direct_label_preservation,procedural_proxy_generator_v1,proxy candidate for purple_diamond,prototype_gate,reject,prototype_label_mismatch,2,blue_x,0.5576294194816521,55.83214375114928,0.308218443627451,0.24522929352463543,,,"{""source_low_shot_index"": 18}"
0,a0df8e72bdfcbf,procedural_proxy,useful,,4,purple_diamond,4,purple_diamond,0,direct_label_preservation,procedural_proxy_generator_v1,proxy candidate for purple_diamond,prototype_gate,retain,retain,4,purple_diamond,0.8040503110902689,35.19468290692077,0.18836167279411764,0.2207233134167112,,,"{""source_low_shot_index"": 18}"
0,60403e0fdf512a,procedural_proxy,label_drift,,4,purple_diamond,2,blue_x,1,direct_label_preservation,procedural_proxy_generator_v1,proxy candidate for purple_diamond,prototype_gate,reject,prototype_label_mismatch,3,yellow_triangle,0.6421483492177583,57.20328200851061,0.2357562295751634,0.23364783274169135,,,"{""source_low_shot_index"": 18}"
0,6cafb6965da595,procedural_proxy,label_drift,,4,purple_diamond,0,red_square,1,direct_label_preservation,procedural_proxy_generator_v1,proxy candidate for purple_diamond,prototype_gate,reject,prototype_label_mismatch,1,green_circle,0.9587731706439416,44.940209771659845,0.2321435866013072,0.20443100385932286,,,"{""source_low_shot_index"": 18}"
0,d16f9338b1c854,procedural_proxy,label_drift,,4,purple_diamond,1,green_circle,1,direct_label_preservation,procedural_proxy_generator_v1,proxy candidate for purple_diamond,prototype_gate,reject,prototype_label_mismatch,1,green_circle,0.9193818650238094,39.779714047151096,0.2478094362745098,0.1963587081446053,,,"{""source_low_shot_index"": 18}"
0,b8845e3f494032,procedural_proxy,artifact,,4,purple_diamond,4,purple_diamond,1,direct_label_preservation,procedural_proxy_generator_v1,proxy candidate for purple_diamond,prototype_gate,reject,low_confidence+far_from_real_prototype+prototype_label_mismatch,2,blue_x,0.38286648263930256,144.28896743400503,0.48959737540849674,0.2977954069987417,,,"{""source_low_shot_index"": 18}"
0,e1355e7796b23b,procedural_proxy,label_drift,,4,purple_diamond,2,blue_x,1,direct_label_preservation,procedural_proxy_generator_v1,proxy candidate for purple_diamond,prototype_gate,reject,prototype_label_mismatch,2,blue_x,0.9864602076923425,43.48148777310248,0.2491957720588235,0.193153166448517,,,"{""source_low_shot_index"": 18}"
0,05eceb522f01c4,procedural_proxy,label_drift,,4,purple_diamond,3,yellow_triangle,1,direct_label_preservation,procedural_proxy_generator_v1,proxy candidate for purple_diamond,prototype_gate,reject,prototype_label_mismatch,3,yellow_triangle,0.9929849768444609,42.39041742515715,0.24856260212418302,0.25391942243281695,,,"{""source_low_shot_index"": 18}"
0,0d9a18427c28f6,procedural_proxy,label_drift,,4,purple_diamond,1,green_circle,1,direct_label_preservation,procedural_proxy_generator_v1,proxy candidate for purple_diamond,prototype_gate,reject,prototype_label_mismatch,3,yellow_triangle,0.9137659484997452,40.24898447227905,0.1761808108660131,0.20678079025424528,,,"{""source_low_shot_index"": 18}"
0,3ac221650cd4c4,procedural_proxy,useful,,4,purple_diamond,4,purple_diamond,0,direct_label_preservation,procedural_proxy_generator_v1,proxy candidate for purple_diamond,prototype_gate,reject,low_confidence,4,purple_diamond,0.4704835360648184,50.76329899818176,0.274640012254902,0.18633594367280307,,,"{""source_low_shot_index"": 18}"
0,74d581b9b32f45,procedural_proxy,label_drift,,4,purple_diamond,0,red_square,1,direct_label_preservation,procedural_proxy_generator_v1,proxy candidate for purple_diamond,prototype_gate,reject,prototype_label_mismatch,0,red_square,0.9249156434149044,58.10423199959267,0.2327244178921569,0.26798351985863084,,,"{""source_low_shot_index"": 18}"
0,fe412860762d37,procedural_proxy,useful,,4,purple_diamond,4,purple_diamond,0,direct_label_preservation,procedural_proxy_generator_v1,proxy candidate for purple_diamond,prototype_gate,reject,prototype_label_mismatch,2,blue_x,0.5013844790103722,35.305555483225646,0.20849290236928106,0.22261555530602387,,,"{""source_low_shot_index"": 18}"
0,ef3db6c44ef239,procedural_proxy,label_drift,,4,purple_diamond,1,green_circle,1,direct_label_preservation,procedural_proxy_generator_v1,proxy candidate for purple_diamond,prototype_gate,reject,prototype_label_mismatch,3,yellow_triangle,0.5511141620163675,56.31962037534125,0.20951797385620916,0.23819809433583197,,,"{""source_low_shot_index"": 18}"
0,9619fb59b72e90,procedural_proxy,useful,,4,purple_diamond,4,purple_diamond,0,direct_label_preservation,procedural_proxy_generator_v1,proxy candidate for purple_diamond,prototype_gate,reject,low_confidence+prototype_label_mismatch,2,blue_x,0.4503686262768932,23.53430475653758,0.22522722630718953,0.1743268625159734,,,"{""source_low_shot_index"": 18}"
0,a91aa8cfb37295,procedural_proxy,label_drift,,4,purple_diamond,0,red_square,1,direct_label_preservation,procedural_proxy_generator_v1,proxy candidate for purple_diamond,prototype_gate,reject,prototype_label_mismatch,0,red_square,0.9352598972548709,21.337697517095116,0.22612974877450984,0.21758336327489505,,,"{""source_low_shot_index"": 18}"
0,9fdb76266c91df,procedural_proxy,label_drift,,4,purple_diamond,2,blue_x,1,direct_label_preservation,procedural_proxy_generator_v1,proxy candidate for purple_diamond,prototype_gate,reject,prototype_label_mismatch,2,blue_x,0.8936939391493415,48.67080774181097,0.21632072099673202,0.13832997270165684,,,"{""source_low_shot_index"": 18}"
0,dee55bf0e064d1,procedural_proxy,label_drift,,4,purple_diamond,2,blue_x,1,direct_label_preservation,procedural_proxy_generator_v1,proxy candidate for purple_diamond,prototype_gate,reject,prototype_label_mismatch,2,blue_x,0.5742959261391039,48.18565998875885,0.21772365196078433,0.20936954945799816,,,"{""source_low_shot_index"": 18}"
0,ec2045bc197ab1,procedural_proxy,label_drift,,4,purple_diamond,3,yellow_triangle,1,direct_label_preservation,procedural_proxy_generator_v1,proxy candidate for purple_diamond,prototype_gate,reject,prototype_label_mismatch,3,yellow_triangle,0.95752980536893,62.8953870028993,0.27403492647058825,0.309484869292441,,,"{""source_low_shot_index"": 18}"
0,a585d4b3443b25,procedural_proxy,label_drift,,4,purple_diamond,0,red_square,1,direct_label_preservation,procedural_proxy_generator_v1,proxy candidate for purple_diamond,prototype_gate,reject,prototype_label_mismatch,0,red_square,0.9648515509932004,42.51494913909228,0.2418172998366013,0.16297511428711406,,,"{""source_low_shot_index"": 18}"
0,b3c2e98b379baa,procedural_proxy,label_drift,,4,purple_diamond,2,blue_x,1,direct_label_preservation,procedural_proxy_generator_v1,proxy candidate for purple_diamond,prototype_gate,reject,prototype_label_mismatch,2,blue_x,0.5851889310882605,39.099729855478074,0.15191355187908498,0.19241369565762798,,,"{""source_low_shot_index"": 19}"
0,42a823139599f1,procedural_proxy,label_drift,,4,purple_diamond,3,yellow_triangle,1,direct_label_preservation,procedural_proxy_generator_v1,proxy candidate for purple_diamond,prototype_gate,reject,low_confidence+prototype_label_mismatch,2,blue_x,0.4990359530103543,52.892735163107204,0.2196295445261438,0.2183031024125913,,,"{""source_low_shot_index"": 19}"
0,47cc0a33160c2d,procedural_proxy,useful,,4,purple_diamond,4,purple_diamond,0,direct_label_preservation,procedural_proxy_generator_v1,proxy candidate for purple_diamond,prototype_gate,reject,prototype_label_mismatch,0,red_square,0.6418064617717114,59.90303807355434,0.2462073631535948,0.2663643295251048,,,"{""source_low_shot_index"": 19}"
0,ba4257acd3fb06,procedural_proxy,useful,,4,purple_diamond,4,purple_diamond,0,direct_label_preservation,procedural_proxy_generator_v1,proxy candidate for purple_diamond,prototype_gate,reject,prototype_label_mismatch,3,yellow_triangle,0.6033494371990902,51.47131865753438,0.2551776960784314,0.18723344412636567,,,"{""source_low_shot_index"": 19}"
0,981583cdb4fe63,procedural_proxy,useful,,4,purple_diamond,4,purple_diamond,0,direct_label_preservation,procedural_proxy_generator_v1,proxy candidate for purple_diamond,prototype_gate,reject,prototype_label_mismatch,2,blue_x,0.7624949979873404,50.624524260672715,0.26379314746732024,0.19144284988377652,,,"{""source_low_shot_index"": 19}"
0,7312a87f1cef75,procedural_proxy,label_drift,,4,purple_diamond,2,blue_x,1,direct_label_preservation,procedural_proxy_generator_v1,proxy candidate for purple_diamond,prototype_gate,retain,retain,4,purple_diamond,0.5432694829092761,45.676295832865684,0.15565767973856207,0.25712357422601184,,,"{""source_low_shot_index"": 19}"
0,224d13d27b46dd,procedural_proxy,label_drift,,4,purple_diamond,3,yellow_triangle,1,direct_label_preservation,procedural_proxy_generator_v1,proxy candidate for purple_diamond,prototype_gate,reject,prototype_label_mismatch,0,red_square,0.8363250855014049,36.15112164933267,0.2316444546568627,0.20106302391579448,,,"{""source_low_shot_index"": 19}"
0,b457feb7a1c40e,procedural_proxy,label_drift,,4,purple_diamond,0,red_square,1,direct_label_preservation,procedural_proxy_generator_v1,proxy candidate for purple_diamond,prototype_gate,reject,prototype_label_mismatch,2,blue_x,0.7807066660625068,45.98978896229411,0.2717218137254902,0.13993079219546714,,,"{""source_low_shot_index"": 19}"
0,60042059317ebb,procedural_proxy,artifact,,4,purple_diamond,4,purple_diamond,1,direct_label_preservation,procedural_proxy_generator_v1,proxy candidate for purple_diamond,prototype_gate,reject,low_confidence+far_from_real_prototype+prototype_label_mismatch,2,blue_x,0.4417114106679816,145.7725569986408,0.5034734987745098,0.2907363325376602,,,"{""source_low_shot_index"": 19}"
0,a1602de60d8d6e,procedural_proxy,label_drift,,4,purple_diamond,2,blue_x,1,direct_label_preservation,procedural_proxy_generator_v1,proxy candidate for purple_diamond,prototype_gate,reject,low_confidence+prototype_label_mismatch,2,blue_x,0.3738019504852379,56.6812215647154,0.2713873570261438,0.08756549619454068,,,"{""source_low_shot_index"": 19}"
0,7870ef989c07ed,procedural_proxy,label_drift,,4,purple_diamond,1,green_circle,1,direct_label_preservation,procedural_proxy_generator_v1,proxy candidate for purple_diamond,prototype_gate,reject,low_confidence+prototype_label_mismatch,0,red_square,0.4560858381980788,48.212726099867105,0.20186504289215687,0.1900380910438758,,,"{""source_low_shot_index"": 19}"
0,d6256d757ecf3e,procedural_proxy,label_drift,,4,purple_diamond,3,yellow_triangle,1,direct_label_preservation,procedural_proxy_generator_v1,proxy candidate for purple_diamond,prototype_gate,reject,prototype_label_mismatch,3,yellow_triangle,0.9781606597563989,57.509192639158876,0.3198746425653595,0.22831997064549783,,,"{""source_low_shot_index"": 19}"
0,079dbcd9cd7eac,procedural_proxy,label_drift,,4,purple_diamond,1,green_circle,1,direct_label_preservation,procedural_proxy_generator_v1,proxy candidate for purple_diamond,prototype_gate,reject,prototype_label_mismatch,2,blue_x,0.8444437042127917,56.851702594788364,0.2713362949346405,0.16221695140723547,,,"{""source_low_shot_index"": 19}"
0,3ea92e151978b0,procedural_proxy,label_drift,,4,purple_diamond,1,green_circle,1,direct_label_preservation,procedural_proxy_generator_v1,proxy candidate for purple_diamond,prototype_gate,reject,prototype_label_mismatch,1,green_circle,0.866860894815455,37.99789324530387,0.13561580882352942,0.15300821887374932,,,"{""source_low_shot_index"": 19}"
0,dbba540b9aae2a,procedural_proxy,label_drift,,4,purple_diamond,3,yellow_triangle,1,direct_label_preservation,procedural_proxy_generator_v1,proxy candidate for purple_diamond,prototype_gate,reject,prototype_label_mismatch,3,yellow_triangle,0.9335298475101121,31.6723095202559,0.22688546772875817,0.22726132358739687,,,"{""source_low_shot_index"": 19}"
0,e2c283a9ec4e34,procedural_proxy,label_drift,,4,purple_diamond,3,yellow_triangle,1,direct_label_preservation,procedural_proxy_generator_v1,proxy candidate for purple_diamond,prototype_gate,reject,prototype_label_mismatch,3,yellow_triangle,0.9849896345155826,63.05598939433615,0.29934895833333336,0.2977865639930605,,,"{""source_low_shot_index"": 19}"
0,ba8b41607f1e40,procedural_proxy,label_drift,,4,purple_diamond,2,blue_x,1,direct_label_preservation,procedural_proxy_generator_v1,proxy candidate for purple_diamond,prototype_gate,reject,prototype_label_mismatch,3,yellow_triangle,0.5877016864148574,33.73910943605657,0.23114915236928102,0.14749338419554364,,,"{""source_low_shot_index"": 19}"
0,854b0bca4554ba,procedural_proxy,artifact,,4,purple_diamond,4,purple_diamond,1,direct_label_preservation,procedural_proxy_generator_v1,proxy candidate for purple_diamond,prototype_gate,reject,low_confidence+far_from_real_prototype+prototype_label_mismatch,2,blue_x,0.4223655453983529,146.2495215569156,0.4945121017156862,0.2879660843659763,,,"{""source_low_shot_index"": 19}"
0,03b19bd7860206,procedural_proxy,label_drift,,4,purple_diamond,1,green_circle,1,direct_label_preservation,procedural_proxy_generator_v1,proxy candidate for purple_diamond,prototype_gate,reject,prototype_label_mismatch,3,yellow_triangle,0.5297003536480233,46.14036659558958,0.17321793300653596,0.2121109431841176,,,"{""source_low_shot_index"": 19}"
0,b5ab88f94dd19f,procedural_proxy,useful,,4,purple_diamond,4,purple_diamond,0,direct_label_preservation,procedural_proxy_generator_v1,proxy candidate for purple_diamond,prototype_gate,reject,low_confidence+prototype_label_mismatch,0,red_square,0.29493435589291545,44.50154064330982,0.24856643178104576,0.24010588976649108,,,"{""source_low_shot_index"": 19}"
1,a722a46d55afc8,procedural_proxy,artifact,,0,red_square,0,red_square,1,direct_label_preservation,procedural_proxy_generator_v1,proxy candidate for red_square,prototype_gate,reject,far_from_real_prototype,0,red_square,0.784109987166697,130.95021584867874,0.4960682189542483,0.26584779622474686,,,"{""source_low_shot_index"": 0}"
1,5cb860f4153937,procedural_proxy,label_drift,,0,red_square,1,green_circle,1,direct_label_preservation,procedural_proxy_generator_v1,proxy candidate for red_square,prototype_gate,reject,low_confidence+prototype_label_mismatch,3,yellow_triangle,0.38436225684871533,42.505602744430554,0.224398743872549,0.16952393941199312,,,"{""source_low_shot_index"": 0}"
1,113eb982abdb4f,procedural_proxy,label_drift,,0,red_square,4,purple_diamond,1,direct_label_preservation,procedural_proxy_generator_v1,proxy candidate for red_square,prototype_gate,reject,prototype_label_mismatch,4,purple_diamond,0.7476911108146487,42.02445789984625,0.18531837214052285,0.2167466574470492,,,"{""source_low_shot_index"": 0}"
1,17439a3162d6a1,procedural_proxy,label_drift,,0,red_square,4,purple_diamond,1,direct_label_preservation,procedural_proxy_generator_v1,proxy candidate for red_square,prototype_gate,reject,prototype_label_mismatch,2,blue_x,0.5689397635198911,36.46407280971856,0.24692861519607845,0.20630185792088612,,,"{""source_low_shot_index"": 0}"
1,08fb2cd47a0a9a,procedural_proxy,artifact,,0,red_square,0,red_square,1,direct_label_preservation,procedural_proxy_generator_v1,proxy candidate for red_square,prototype_gate,reject,far_from_real_prototype,0,red_square,0.8968686530604941,133.61090635560916,0.52605570874183,0.30235083508023913,,,"{""source_low_shot_index"": 0}"
1,e3be9cc100ea47,procedural_proxy,useful,,0,red_square,0,red_square,0,direct_label_preservation,procedural_proxy_generator_v1,proxy candidate for red_square,prototype_gate,reject,low_confidence+prototype_label_mismatch,3,yellow_triangle,0.4984008620735258,51.607343564976524,0.2341184129901961,0.24745236578013063,,,"{""source_low_shot_index"": 0}"
1,67b9ec7bd66fd8,procedural_proxy,useful,,0,red_square,0,red_square,0,direct_label_preservation,procedural_proxy_generator_v1,proxy candidate for red_square,prototype_gate,retain,retain,0,red_square,0.998666410354915,35.63289635010636,0.21060049019607843,0.28023868979404165,,,"{""source_low_shot_index"": 0}"
1,44e0c9a6d75d50,procedural_proxy,useful,,0,red_square,0,red_square,0,direct_label_preservation,procedural_proxy_generator_v1,proxy candidate for red_square,prototype_gate,retain,retain,0,red_square,0.9812732001942744,44.00420234744916,0.2873059640522876,0.18365162821826206,,,"{""source_low_shot_index"": 0}"
1,ea3220f27e0715,procedural_proxy,useful,,0,red_square,0,red_square,0,direct_label_preservation,procedural_proxy_generator_v1,proxy candidate for red_square,prototype_gate,retain,retain,0,red_square,0.8840186507790133,33.89481663115788,0.20386029411764706,0.21496834487753788,,,"{""source_low_shot_index"": 0}"
1,71f18a4eab2526,procedural_proxy,label_drift,,0,red_square,2,blue_x,1,direct_label_preservation,procedural_proxy_generator_v1,proxy candidate for red_square,prototype_gate,retain,retain,0,red_square,0.7678784008264609,46.543011039073214,0.20280586192810457,0.25806921934659344,,,"{""source_low_shot_index"": 0}"
1,a65d48c195fbbc,procedural_proxy,useful,,0,red_square,0,red_square,0,direct_label_preservation,procedural_proxy_generator_v1,proxy candidate for red_square,prototype_gate,reject,prototype_label_mismatch,3,yellow_triangle,0.6490706068294546,37.24978962231711,0.22639144199346406,0.23724240775817648,,,"{""source_low_shot_index"": 0}"
1,1ae687aa9857ce,procedural_proxy,label_drift,,0,red_square,3,yellow_triangle,1,direct_label_preservation,procedural_proxy_generator_v1,proxy candidate for red_square,prototype_gate,reject,prototype_label_mismatch,3,yellow_triangle,0.9368463566502233,37.36177160860379,0.2741868361928104,0.24112893419242973,,,"{""source_low_shot_index"": 0}"
1,69f9bf51142b1c,procedural_proxy,label_drift,,0,red_square,2,blue_x,1,direct_label_preservation,procedural_proxy_generator_v1,proxy candidate for red_square,prototype_gate,reject,prototype_label_mismatch,2,blue_x,0.8753771857233693,42.707531475613614,0.28594898897058824,0.13659985044030495,,,"{""source_low_shot_index"": 0}"
1,bc1891229793f5,procedural_proxy,label_drift,,0,red_square,2,blue_x,1,direct_label_preservation,procedural_proxy_generator_v1,proxy candidate for red_square,prototype_gate,reject,prototype_label_mismatch,2,blue_x,0.9396396813649793,29.44873442608588,0.23375076593137253,0.11597401056617924,,,"{""source_low_shot_index"": 0}"
1,8f713d9183f29e,procedural_proxy,useful,,0,red_square,0,red_square,0,direct_label_preservation,procedural_proxy_generator_v1,proxy candidate for red_square,prototype_gate,retain,retain,0,red_square,0.9844724387948594,27.731630221808246,0.27019633374183005,0.20711057835514216,,,"{""source_low_shot_index"": 0}"
1,9f220f0fef7612,procedural_proxy,label_drift,,0,red_square,4,purple_diamond,1,direct_label_preservation,procedural_proxy_generator_v1,proxy candidate for red_square,prototype_gate,reject,prototype_label_mismatch,4,purple_diamond,0.9231386993199436,18.071961783379162,0.1975451899509804,0.16787332987848635,,,"{""source_low_shot_index"": 0}"
1,1eda49b7adb3ab,procedural_proxy,label_drift,,0,red_square,2,blue_x,1,direct_label_preservation,procedural_proxy_generator_v1,proxy candidate for red_square,prototype_gate,reject,prototype_label_mismatch,2,blue_x,0.6025071561101261,24.224734175553102,0.18128574346405227,0.1435840589844973,,,"{""source_low_shot_index"": 0}"
1,472d6ca7694a61,procedural_proxy,label_drift,,0,red_square,1,green_circle,1,direct_label_preservation,procedural_proxy_generator_v1,proxy candidate for red_square,prototype_gate,reject,low_confidence+prototype_label_mismatch,2,blue_x,0.3847437294903511,41.65970133484998,0.267733864379085,0.11208893885258019,,,"{""source_low_shot_index"": 0}"
1,7cbb4eb71b7853,procedural_proxy,label_drift,,0,red_square,3,yellow_triangle,1,direct_label_preservation,procedural_proxy_generator_v1,proxy candidate for red_square,prototype_gate,retain,retain,0,red_square,0.9842517426994927,54.47330359167988,0.26894275939542484,0.25455373615147986,,,"{""source_low_shot_index"": 0}"
1,b9bdfbbadfd361,procedural_proxy,label_drift,,0,red_square,4,purple_diamond,1,direct_label_preservation,procedural_proxy_generator_v1,proxy candidate for red_square,prototype_gate,reject,prototype_label_mismatch,3,yellow_triangle,0.9172829426610285,33.2134837380851,0.271054176879085,0.22196887327318832,,,"{""source_low_shot_index"": 0}"
1,8edf7cf68bd4b7,procedural_proxy,label_drift,,0,red_square,3,yellow_triangle,1,direct_label_preservation,procedural_proxy_generator_v1,proxy candidate for red_square,prototype_gate,reject,low_confidence+prototype_label_mismatch,2,blue_x,0.43092743394724786,37.1980682821848,0.27555274714052286,0.2531425710627196,,,"{""source_low_shot_index"": 1}"
1,acb11be022c3cf,procedural_proxy,label_drift,,0,red_square,1,green_circle,1,direct_label_preservation,procedural_proxy_generator_v1,proxy candidate for red_square,prototype_gate,reject,prototype_label_mismatch,2,blue_x,0.6611218779783073,22.530504783398808,0.20804738562091504,0.13945650663881523,,,"{""source_low_shot_index"": 1}"
1,892a8a6f8df584,procedural_proxy,useful,,0,red_square,0,red_square,0,direct_label_preservation,procedural_proxy_generator_v1,proxy candidate for red_square,prototype_gate,retain,retain,0,red_square,0.9908731373512839,37.54445083100197,0.18639322916666667,0.2314637632521976,,,"{""source_low_shot_index"": 1}"
1,4c05316451c507,procedural_proxy,label_drift,,0,red_square,4,purple_diamond,1,direct_label_preservation,procedural_proxy_generator_v1,proxy candidate for red_square,prototype_gate,retain,retain,0,red_square,0.7314626525940802,28.547229863498746,0.2443270016339869,0.18187600210641114,,,"{""source_low_shot_index"": 1}"
1,6a0648193b5792,procedural_proxy,label_drift,,0,red_square,3,yellow_triangle,1,direct_label_preservation,procedural_proxy_generator_v1,proxy candidate for red_square,prototype_gate,reject,prototype_label_mismatch,3,yellow_triangle,0.5389721179434604,68.54887450818171,0.2530062806372549,0.29678393133744974,,,"{""source_low_shot_index"": 1}"
1,a0ed3c960feda3,procedural_proxy,label_drift,,0,red_square,3,yellow_triangle,1,direct_label_preservation,procedural_proxy_generator_v1,proxy candidate for red_square,prototype_gate,reject,prototype_label_mismatch,3,yellow_triangle,0.6538834013190422,33.972877383064876,0.20072763480392156,0.2744317794245063,,,"{""source_low_shot_index"": 1}"
1,0abeb46c1290d4,procedural_proxy,label_drift,,0,red_square,2,blue_x,1,direct_label_preservation,procedural_proxy_generator_v1,proxy candidate for red_square,prototype_gate,reject,prototype_label_mismatch,2,blue_x,0.8292338278852446,26.786663902317077,0.1641390931372549,0.14307309513621372,,,"{""source_low_shot_index"": 1}"
1,84bc65490d507f,procedural_proxy,label_drift,,0,red_square,2,blue_x,1,direct_label_preservation,procedural_proxy_generator_v1,proxy candidate for red_square,prototype_gate,reject,prototype_label_mismatch,2,blue_x,0.7164746329445942,41.67086896934967,0.19546951593137254,0.16079522530193216,,,"{""source_low_shot_index"": 1}"
1,276e3fd5490719,procedural_proxy,label_drift,,0,red_square,4,purple_diamond,1,direct_label_preservation,procedural_proxy_generator_v1,proxy candidate for red_square,prototype_gate,reject,prototype_label_mismatch,2,blue_x,0.6549867838664983,47.079238205815635,0.2907590379901961,0.26744871939121134,,,"{""source_low_shot_index"": 1}"
1,aa9f5a40e8005a,procedural_proxy,artifact,,0,red_square,0,red_square,1,direct_label_preservation,procedural_proxy_generator_v1,proxy candidate for red_square,prototype_gate,reject,far_from_real_prototype,0,red_square,0.9058072196756101,125.23671622409394,0.48802210988562095,0.28093263454474726,,,"{""source_low_shot_index"": 1}"
1,4bc8252b88f7bc,procedural_proxy,label_drift,,0,red_square,1,green_circle,1,direct_label_preservation,procedural_proxy_generator_v1,proxy candidate for red_square,prototype_gate,reject,prototype_label_mismatch,1,green_circle,0.8105106123118656,34.338113974640144,0.23902930964052285,0.1785333141612969,,,"{""source_low_shot_index"": 1}"
1,250880d1312caf,procedural_proxy,artifact,,0,red_square,0,red_square,1,direct_label_preservation,procedural_proxy_generator_v1,proxy candidate for red_square,prototype_gate,reject,far_from_real_prototype,0,red_square,0.886902522411897,122.79065529656623,0.46632582720588234,0.26205183285766404,,,"{""source_low_shot_index"": 1}"
1,b9dd15e9a721c7,procedural_proxy,artifact,,0,red_square,0,red_square,1,direct_label_preservation,procedural_proxy_generator_v1,proxy candidate for red_square,prototype_gate,reject,far_from_real_prototype,0,red_square,0.8518129688554954,130.57984931290454,0.5037032781862746,0.28661649570499004,,,"{""source_low_shot_index"": 1}"
1,f381cf86c2fc06,procedural_proxy,artifact,,0,red_square,0,red_square,1,direct_label_preservation,procedural_proxy_generator_v1,proxy candidate for red_square,prototype_gate,reject,far_from_real_prototype,0,red_square,0.8745650674680253,133.51433039847825,0.5184257557189542,0.2798251234641937,,,"{""source_low_shot_index"": 1}"
1,6f2cc8717e4140,procedural_proxy,useful,,0,red_square,0,red_square,0,direct_label_preservation,procedural_proxy_generator_v1,proxy candidate for red_square,prototype_gate,retain,retain,0,red_square,0.99626383725979,16.030349464707196,0.23974928513071894,0.23023153910225247,,,"{""source_low_shot_index"": 1}"
1,92eaf31721fcb0,procedural_proxy,label_drift,,0,red_square,1,green_circle,1,direct_label_preservation,procedural_proxy_generator_v1,proxy candidate for red_square,prototype_gate,reject,prototype_label_mismatch,1,green_circle,0.986783571818592,19.526130574671658,0.21496629901960787,0.17222781938611986,,,"{""source_low_shot_index"": 1}"
1,023472790c1aff,procedural_proxy,useful,,0,red_square,0,red_square,0,direct_label_preservation,procedural_proxy_generator_v1,proxy candidate for red_square,prototype_gate,retain,retain,0,red_square,0.6990513329786909,23.258424766922957,0.1893344056372549,0.16986319284665816,,,"{""source_low_shot_index"": 1}"
1,5a13eaa26452c9,procedural_proxy,useful,,0,red_square,0,red_square,0,direct_label_preservation,procedural_proxy_generator_v1,proxy candidate for red_square,prototype_gate,retain,retain,0,red_square,0.9848818154425298,38.169713293568584,0.18403033088235296,0.23991582328288863,,,"{""source_low_shot_index"": 1}"
1,7aa1ea53e37d2c,procedural_proxy,label_drift,,0,red_square,2,blue_x,1,direct_label_preservation,procedural_proxy_generator_v1,proxy candidate for red_square,prototype_gate,reject,prototype_label_mismatch,1,green_circle,0.5624541106352801,37.31233303061092,0.20539598651960786,0.18794522339836534,,,"{""source_low_shot_index"": 1}"
1,1406f3d16422e0,procedural_proxy,label_drift,,0,red_square,1,green_circle,1,direct_label_preservation,procedural_proxy_generator_v1,proxy candidate for red_square,prototype_gate,retain,retain,0,red_square,0.9709338717122007,34.20473370949603,0.21901296977124182,0.21024918429067777,,,"{""source_low_shot_index"": 1}"
1,e1cf4029259d0e,procedural_proxy,label_drift,,0,red_square,1,green_circle,1,direct_label_preservation,procedural_proxy_generator_v1,proxy candidate for red_square,prototype_gate,retain,retain,0,red_square,0.5811679028698378,41.676714426865985,0.2480124080882353,0.15946833492714907,,,"{""source_low_shot_index"": 2}"
1,d18fa626fbc7a3,procedural_proxy,useful,,0,red_square,0,red_square,0,direct_label_preservation,procedural_proxy_generator_v1,proxy candidate for red_square,prototype_gate,reject,prototype_label_mismatch,4,purple_diamond,0.6195005788469092,33.694602172752035,0.20033828635620918,0.19363562255626898,,,"{""source_low_shot_index"": 2}"
1,4206376c67541d,procedural_proxy,label_drift,,0,red_square,4,purple_diamond,1,direct_label_preservation,procedural_proxy_generator_v1,proxy candidate for red_square,prototype_gate,reject,prototype_label_mismatch,2,blue_x,0.9100898046023354,33.88357057742466,0.26543607026143795,0.16213507769324734,,,"{""source_low_shot_index"": 2}"
1,5cb0691d23f80b,procedural_proxy,label_drift,,0,red_square,2,blue_x,1,direct_label_preservation,procedural_proxy_generator_v1,proxy candidate for red_square,prototype_gate,reject,prototype_label_mismatch,4,purple_diamond,0.7335125339433307,46.557402699560214,0.1748825571895425,0.17716144279996515,,,"{""source_low_shot_index"": 2}"
1,67f67cc9d9eff0,procedural_proxy,label_drift,,0,red_square,2,blue_x,1,direct_label_preservation,procedural_proxy_generator_v1,proxy candidate for red_square,prototype_gate,reject,prototype_label_mismatch,1,green_circle,0.6243272259825173,43.61203566822271,0.2166436887254902,0.20012922662318058,,,"{""source_low_shot_index"": 2}"
1,249cb045c467a6,procedural_proxy,useful,,0,red_square,0,red_square,0,direct_label_preservation,procedural_proxy_generator_v1,proxy candidate for red_square,prototype_gate,retain,retain,0,red_square,0.9997503501249568,21.00336138074461,0.2360013276143791,0.19400032471994777,,,"{""source_low_shot_index"": 2}"
1,f0049c423cbb8c,procedural_proxy,label_drift,,0,red_square,1,green_circle,1,direct_label_preservation,procedural_proxy_generator_v1,proxy candidate for red_square,prototype_gate,reject,prototype_label_mismatch,1,green_circle,0.6930056758434577,26.70828846943201,0.22042611315359475,0.17880826233791225,,,"{""source_low_shot_index"": 2}"
1,3293b710dcbd98,procedural_proxy,label_drift,,0,red_square,2,blue_x,1,direct_label_preservation,procedural_proxy_generator_v1,proxy candidate for red_square,prototype_gate,reject,prototype_label_mismatch,1,green_circle,0.7342715631057691,42.01017072891721,0.22817095588235295,0.16357603407050325,,,"{""source_low_shot_index"": 2}"
1,d276db52a0ade4,procedural_proxy,label_drift,,0,red_square,4,purple_diamond,1,direct_label_preservation,procedural_proxy_generator_v1,proxy candidate for red_square,prototype_gate,retain,retain,0,red_square,0.7884575873847645,45.16837941185031,0.27008016748366015,0.2787890847561738,,,"{""source_low_shot_index"": 2}"
1,d8b5ce4c1fc946,procedural_proxy,label_drift,,0,red_square,4,purple_diamond,1,direct_label_preservation,procedural_proxy_generator_v1,proxy candidate for red_square,prototype_gate,reject,low_confidence+prototype_label_mismatch,2,blue_x,0.4383703782780306,41.8051578798941,0.2519799325980392,0.18211069416314413,,,"{""source_low_shot_index"": 2}"
1,e9deaf8f9679dd,procedural_proxy,label_drift,,0,red_square,3,yellow_triangle,1,direct_label_preservation,procedural_proxy_generator_v1,proxy candidate for red_square,prototype_gate,reject,prototype_label_mismatch,3,yellow_triangle,0.8656084484631419,36.56518871179158,0.27110268586601305,0.221041769288928,,,"{""source_low_shot_index"": 2}"
1,928333772e6809,procedural_proxy,label_drift,,0,red_square,4,purple_diamond,1,direct_label_preservation,procedural_proxy_generator_v1,proxy candidate for red_square,prototype_gate,reject,prototype_label_mismatch,2,blue_x,0.6910743868944554,28.43230246004616,0.2712214052287582,0.1746732969526424,,,"{""source_low_shot_index"": 2}"
1,796f1ca18dc53a,procedural_proxy,label_drift,,0,red_square,4,purple_diamond,1,direct_label_preservation,procedural_proxy_generator_v1,proxy candidate for red_square,prototype_gate,retain,retain,0,red_square,0.9324515170471811,38.68141955834091,0.27248391544117645,0.22357519670750206,,,"{""source_low_shot_index"": 2}"
1,140e345d6428d0,procedural_proxy,useful,,0,red_square,0,red_square,0,direct_label_preservation,procedural_proxy_generator_v1,proxy candidate for red_square,prototype_gate,reject,prototype_label_mismatch,3,yellow_triangle,0.826096884904735,28.428387457713534,0.23356949550653594,0.20646515389462464,,,"{""source_low_shot_index"": 2}"
1,a8ca52552dda05,procedural_proxy,label_drift,,0,red_square,3,yellow_triangle,1,direct_label_preservation,procedural_proxy_generator_v1,proxy candidate for red_square,prototype_gate,reject,low_confidence+prototype_label_mismatch,3,yellow_triangle,0.44199040010482554,64.19746880965303,0.2588796977124183,0.24466994241204565,,,"{""source_low_shot_index"": 2}"
1,a9d864d2fc2fb4,procedural_proxy,useful,,0,red_square,0,red_square,0,direct_label_preservation,procedural_proxy_generator_v1,proxy candidate for red_square,prototype_gate,reject,prototype_label_mismatch,3,yellow_triangle,0.6516900505179026,43.68223258018162,0.2571448631535948,0.24018530410130692,,,"{""source_low_shot_index"": 2}"
1,c505a4a1fbd3aa,procedural_proxy,label_drift,,0,red_square,3,yellow_triangle,1,direct_label_preservation,procedural_proxy_generator_v1,proxy candidate for red_square,prototype_gate,retain,retain,0,red_square,0.7553318807602353,62.40648950870208,0.31982230392156863,0.25122462151631264,,,"{""source_low_shot_index"": 2}"
1,a823ed007722d4,procedural_proxy,label_drift,,0,red_square,2,blue_x,1,direct_label_preservation,procedural_proxy_generator_v1,proxy candidate for red_square,prototype_gate,reject,prototype_label_mismatch,2,blue_x,0.7165528467229578,45.755619801053065,0.23827103758169935,0.19014624352369563,,,"{""source_low_shot_index"": 2}"
1,c000366ba1325a,procedural_proxy,label_drift,,0,red_square,4,purple_diamond,1,direct_label_preservation,procedural_proxy_generator_v1,proxy candidate for red_square,prototype_gate,reject,prototype_label_mismatch,3,yellow_triangle,0.8905561402954264,35.654266647223636,0.25990221609477127,0.23139605120890294,,,"{""source_low_shot_index"": 2}"
1,7b054bfd6754bb,procedural_proxy,label_drift,,0,red_square,2,blue_x,1,direct_label_preservation,procedural_proxy_generator_v1,proxy candidate for red_square,prototype_gate,reject,prototype_label_mismatch,2,blue_x,0.8250409714945476,45.36599494157145,0.22118055555555557,0.20037340486453728,,,"{""source_low_shot_index"": 2}"
1,e9e742d53600e4,procedural_proxy,useful,,0,red_square,0,red_square,0,direct_label_preservation,procedural_proxy_generator_v1,proxy candidate for red_square,prototype_gate,retain,retain,0,red_square,0.9910193762147333,26.769578790314554,0.23446308210784314,0.14728555241098346,,,"{""source_low_shot_index"": 3}"
1,3c99befe99b0d4,procedural_proxy,useful,,0,red_square,0,red_square,0,direct_label_preservation,procedural_proxy_generator_v1,proxy candidate for red_square,prototype_gate,reject,prototype_label_mismatch,4,purple_diamond,0.974794490691057,38.08280539037838,0.1573248570261438,0.23256393802635933,,,"{""source_low_shot_index"": 3}"
1,4c6a2237e8af3b,procedural_proxy,artifact,,0,red_square,0,red_square,1,direct_label_preservation,procedural_proxy_generator_v1,proxy candidate for red_square,prototype_gate,reject,far_from_real_prototype,0,red_square,0.8686328544275215,128.39556800979415,0.4897875816993464,0.2914481305840262,,,"{""source_low_shot_index"": 3}"
1,64ca0a6824ca43,procedural_proxy,label_drift,,0,red_square,1,green_circle,1,direct_label_preservation,procedural_proxy_generator_v1,proxy candidate for red_square,prototype_gate,reject,prototype_label_mismatch,1,green_circle,0.9924667630576285,27.45412106973522,0.1512625102124183,0.15145809653191558,,,"{""source_low_shot_index"": 3}"
1,6b3780dd96b875,procedural_proxy,label_drift,,0,red_square,4,purple_diamond,1,direct_label_preservation,procedural_proxy_generator_v1,proxy candidate for red_square,prototype_gate,retain,retain,0,red_square,0.961472156606833,40.89220436475726,0.3034926470588235,0.24452272398870614,,,"{""source_low_shot_index"": 3}"
1,1c0a2052f6b371,procedural_proxy,label_drift,,0,red_square,1,green_circle,1,direct_label_preservation,procedural_proxy_generator_v1,proxy candidate for red_square,prototype_gate,reject,prototype_label_mismatch,4,purple_diamond,0.8748978934485913,28.819425666722832,0.20405815972222222,0.23491748085764053,,,"{""source_low_shot_index"": 3}"
1,7e90dddc71025e,procedural_proxy,label_drift,,0,red_square,2,blue_x,1,direct_label_preservation,procedural_proxy_generator_v1,proxy candidate for red_square,prototype_gate,reject,low_confidence+prototype_label_mismatch,4,purple_diamond,0.4799646147352282,21.601794020911857,0.18682981004901963,0.16498928242765892,,,"{""source_low_shot_index"": 3}"
1,267bacaa44a9d3,procedural_proxy,label_drift,,0,red_square,4,purple_diamond,1,direct_label_preservation,procedural_proxy_generator_v1,proxy candidate for red_square,prototype_gate,reject,prototype_label_mismatch,4,purple_diamond,0.8139854189086387,40.79426297131336,0.2634893280228758,0.2248347646866116,,,"{""source_low_shot_index"": 3}"
1,f2ff173c1c889c,procedural_proxy,artifact,,0,red_square,0,red_square,1,direct_label_preservation,procedural_proxy_generator_v1,proxy candidate for red_square,prototype_gate,reject,far_from_real_prototype,0,red_square,0.8497694324300692,133.00391673730343,0.5010340073529411,0.290784562543598,,,"{""source_low_shot_index"": 3}"
1,1b52218b4e0d5c,procedural_proxy,artifact,,0,red_square,0,red_square,1,direct_label_preservation,procedural_proxy_generator_v1,proxy candidate for red_square,prototype_gate,reject,far_from_real_prototype,0,red_square,0.818202641278301,125.47673945792408,0.4722324346405229,0.28538299728133815,,,"{""source_low_shot_index"": 3}"
1,81cb3f794c095d,procedural_proxy,useful,,0,red_square,0,red_square,0,direct_label_preservation,procedural_proxy_generator_v1,proxy candidate for red_square,prototype_gate,reject,prototype_label_mismatch,3,yellow_triangle,0.7965820844764335,28.42007017936324,0.2143548304738562,0.22652936702832244,,,"{""source_low_shot_index"": 3}"
1,545e5a100281bf,procedural_proxy,label_drift,,0,red_square,3,yellow_triangle,1,direct_label_preservation,procedural_proxy_generator_v1,proxy candidate for red_square,prototype_gate,reject,prototype_label_mismatch,3,yellow_triangle,0.8649505118201269,29.87162010102751,0.22921262254901964,0.22639891399038184,,,"{""source_low_shot_index"": 3}"
1,430f09ddc1a875,procedural_proxy,label_drift,,0,red_square,3,yellow_triangle,1,direct_label_preservation,procedural_proxy_generator_v1,proxy candidate for red_square,prototype_gate,reject,prototype_label_mismatch,3,yellow_triangle,0.6201627638559247,31.831876105018317,0.24892897263071892,0.2534131234565283,,,"{""source_low_shot_index"": 3}"
1,8a0dba7571c969,procedural_proxy,label_drift,,0,red_square,4,purple_diamond,1,direct_label_preservation,procedural_proxy_generator_v1,proxy candidate for red_square,prototype_gate,reject,prototype_label_mismatch,2,blue_x,0.6351594200119266,42.93737824986614,0.16449142156862745,0.1909058963389777,,,"{""source_low_shot_index"": 3}"
1,6eca2757723eba,procedural_proxy,label_drift,,0,red_square,1,green_circle,1,direct_label_preservation,procedural_proxy_generator_v1,proxy candidate for red_square,prototype_gate,reject,low_confidence+prototype_label_mismatch,2,blue_x,0.4556291347818934,38.14718786648164,0.25631510416666664,0.1386587161393334,,,"{""source_low_shot_index"": 3}"
1,90bb02e4c6c88b,procedural_proxy,useful,,0,red_square,0,red_square,0,direct_label_preservation,procedural_proxy_generator_v1,proxy candidate for red_square,prototype_gate,reject,prototype_label_mismatch,3,yellow_triangle,0.7661024066535419,26.06992154297258,0.21782577614379084,0.2073059976058499,,,"{""source_low_shot_index"": 3}"
1,3d8b1831b92b09,procedural_proxy,label_drift,,0,red_square,3,yellow_triangle,1,direct_label_preservation,procedural_proxy_generator_v1,proxy candidate for red_square,prototype_gate,reject,prototype_label_mismatch,3,yellow_triangle,0.5822567184170462,34.17563719494615,0.27620251225490194,0.2072009020121064,,,"{""source_low_shot_index"": 3}"
1,ab9bce31dfced8,procedural_proxy,useful,,0,red_square,0,red_square,0,direct_label_preservation,procedural_proxy_generator_v1,proxy candidate for red_square,prototype_gate,reject,low_confidence+prototype_label_mismatch,3,yellow_triangle,0.3688629463525735,46.82210045122368,0.19863664215686275,0.24332004924708853,,,"{""source_low_shot_index"": 3}"
1,9443b7d8cf3c99,procedural_proxy,label_drift,,0,red_square,4,purple_diamond,1,direct_label_preservation,procedural_proxy_generator_v1,proxy candidate for red_square,prototype_gate,reject,prototype_label_mismatch,4,purple_diamond,0.5398927368960655,37.751795887682256,0.18463414011437906,0.19879622407071745,,,"{""source_low_shot_index"": 3}"
1,f2c8db1011eea6,procedural_proxy,label_drift,,0,red_square,1,green_circle,1,direct_label_preservation,procedural_proxy_generator_v1,proxy candidate for red_square,prototype_gate,reject,low_confidence+prototype_label_mismatch,3,yellow_triangle,0.4336505906066774,46.097003687542205,0.2709890727124183,0.1954289425089562,,,"{""source_low_shot_index"": 3}"
1,d191d336695c9f,procedural_proxy,label_drift,,1,green_circle,3,yellow_triangle,1,direct_label_preservation,procedural_proxy_generator_v1,proxy candidate for green_circle,prototype_gate,reject,prototype_label_mismatch,2,blue_x,0.5698602830602151,40.605018487818285,0.2744753370098039,0.1536810435123629,,,"{""source_low_shot_index"": 4}"
1,22d84b41e840ae,procedural_proxy,label_drift,,1,green_circle,3,yellow_triangle,1,direct_label_preservation,procedural_proxy_generator_v1,proxy candidate for green_circle,prototype_gate,reject,prototype_label_mismatch,0,red_square,0.98576633004964,35.08426560045641,0.26525479983660133,0.17859062938822517,,,"{""source_low_shot_index"": 4}"
1,3b9ae0ed7dae14,procedural_proxy,label_drift,,1,green_circle,2,blue_x,1,direct_label_preservation,procedural_proxy_generator_v1,proxy candidate for green_circle,prototype_gate,reject,prototype_label_mismatch,2,blue_x,0.595198090390478,50.84584013872095,0.2609413296568628,0.15594026193440821,,,"{""source_low_shot_index"": 4}"
1,a14b63434b834a,procedural_proxy,useful,,1,green_circle,1,green_circle,0,direct_label_preservation,procedural_proxy_generator_v1,proxy candidate for green_circle,prototype_gate,reject,low_confidence,1,green_circle,0.4672198065355638,36.34074852492207,0.21552287581699345,0.15430608134253265,,,"{""source_low_shot_index"": 4}"
1,c2687570f6689a,procedural_proxy,label_drift,,1,green_circle,2,blue_x,1,direct_label_preservation,procedural_proxy_generator_v1,proxy candidate for green_circle,prototype_gate,reject,prototype_label_mismatch,2,blue_x,0.9783021333296609,20.59997115163951,0.17280177696078433,0.14293897634085118,,,"{""source_low_shot_index"": 4}"
1,051b798505ab1b,procedural_proxy,useful,,1,green_circle,1,green_circle,0,direct_label_preservation,procedural_proxy_generator_v1,proxy candidate for green_circle,prototype_gate,retain,retain,1,green_circle,0.7610222185378058,27.669489484744265,0.2415530535130719,0.21898925364111163,,,"{""source_low_shot_index"": 4}"
1,27e6f0d5f6ac55,procedural_proxy,useful,,1,green_circle,1,green_circle,0,direct_label_preservation,procedural_proxy_generator_v1,proxy candidate for green_circle,prototype_gate,reject,low_confidence+prototype_label_mismatch,2,blue_x,0.41671602410441544,34.49125839623443,0.23685278799019607,0.20280681279140286,,,"{""source_low_shot_index"": 4}"
1,060bbcc97d99fa,procedural_proxy,label_drift,,1,green_circle,4,purple_diamond,1,direct_label_preservation,procedural_proxy_generator_v1,proxy candidate for green_circle,prototype_gate,reject,prototype_label_mismatch,2,blue_x,0.7410199271048372,42.476734361420064,0.2439925449346405,0.22864174653630673,,,"{""source_low_shot_index"": 4}"
1,d4d4e37aef83db,procedural_proxy,label_drift,,1,green_circle,3,yellow_triangle,1,direct_label_preservation,procedural_proxy_generator_v1,proxy candidate for green_circle,prototype_gate,reject,prototype_label_mismatch,0,red_square,0.8874717989955352,29.586877491846355,0.2613855698529412,0.235125401050151,,,"{""source_low_shot_index"": 4}"
1,93d10d23c63f25,procedural_proxy,label_drift,,1,green_circle,4,purple_diamond,1,direct_label_preservation,procedural_proxy_generator_v1,proxy candidate for green_circle,prototype_gate,reject,prototype_label_mismatch,2,blue_x,0.8929198900549427,31.974568737951174,0.24328661151960784,0.20493079471510278,,,"{""source_low_shot_index"": 4}"
1,1b139ebb501a54,procedural_proxy,useful,,1,green_circle,1,green_circle,0,direct_label_preservation,procedural_proxy_generator_v1,proxy candidate for green_circle,prototype_gate,retain,retain,1,green_circle,0.9793223206230811,27.232007065052816,0.17149586397058822,0.14134975270959904,,,"{""source_low_shot_index"": 4}"
1,3452ac03185d12,procedural_proxy,label_drift,,1,green_circle,2,blue_x,1,direct_label_preservation,procedural_proxy_generator_v1,proxy candidate for green_circle,prototype_gate,reject,prototype_label_mismatch,2,blue_x,0.5954034856855934,38.235990550797595,0.18473243464052289,0.15539549082986534,,,"{""source_low_shot_index"": 4}"
1,ac34500c03083f,procedural_proxy,label_drift,,1,green_circle,4,purple_diamond,1,direct_label_preservation,procedural_proxy_generator_v1,proxy candidate for green_circle,prototype_gate,reject,prototype_label_mismatch,4,purple_diamond,0.9965314047880671,28.75316144874779,0.14939108455882352,0.18297483049803334,,,"{""source_low_shot_index"": 4}"
1,93a379ae9acf33,procedural_proxy,label_drift,,1,green_circle,4,purple_diamond,1,direct_label_preservation,procedural_proxy_generator_v1,proxy candidate for green_circle,prototype_gate,reject,prototype_label_mismatch,2,blue_x,0.7513485388049866,28.8891248194573,0.24185431985294117,0.1901966076842178,,,"{""source_low_shot_index"": 4}"
1,44c3f2fe8a5e8d,procedural_proxy,label_drift,,1,green_circle,2,blue_x,1,direct_label_preservation,procedural_proxy_generator_v1,proxy candidate for green_circle,prototype_gate,reject,prototype_label_mismatch,3,yellow_triangle,0.6731258795282983,35.03095379681361,0.2500880821078431,0.1880173023054833,,,"{""source_low_shot_index"": 4}"
1,34f54e2f863551,procedural_proxy,label_drift,,1,green_circle,2,blue_x,1,direct_label_preservation,procedural_proxy_generator_v1,proxy candidate for green_circle,prototype_gate,reject,prototype_label_mismatch,2,blue_x,0.9592072196310093,34.15332024461157,0.2143969566993464,0.21161087198189266,,,"{""source_low_shot_index"": 4}"
1,09453c9f29ca76,procedural_proxy,label_drift,,1,green_circle,0,red_square,1,direct_label_preservation,procedural_proxy_generator_v1,proxy candidate for green_circle,prototype_gate,reject,prototype_label_mismatch,2,blue_x,0.5883019046006538,40.97710763036626,0.2827078227124183,0.22203015524536962,,,"{""source_low_shot_index"": 4}"
1,553f75ba7f15fe,procedural_proxy,useful,,1,green_circle,1,green_circle,0,direct_label_preservation,procedural_proxy_generator_v1,proxy candidate for green_circle,prototype_gate,retain,retain,1,green_circle,0.6578971766643374,29.64495238845707,0.15445389093137254,0.13459211478750321,,,"{""source_low_shot_index"": 4}"
1,d163acdd612a9f,procedural_proxy,useful,,1,green_circle,1,green_circle,0,direct_label_preservation,procedural_proxy_generator_v1,proxy candidate for green_circle,prototype_gate,reject,low_confidence,1,green_circle,0.46758121572302536,29.566644103093676,0.23006535947712417,0.14769285073412805,,,"{""source_low_shot_index"": 4}"
1,d18ce293586a93,procedural_proxy,label_drift,,1,green_circle,3,yellow_triangle,1,direct_label_preservation,procedural_proxy_generator_v1,proxy candidate for green_circle,prototype_gate,reject,prototype_label_mismatch,3,yellow_triangle,0.6871721785282554,33.24911951109093,0.28393714256535946,0.1998073690011239,,,"{""source_low_shot_index"": 4}"
1,171a6004c50021,procedural_proxy,useful,,1,green_circle,1,green_circle,0,direct_label_preservation,procedural_proxy_generator_v1,proxy candidate for green_circle,prototype_gate,reject,prototype_label_mismatch,2,blue_x,0.54702473557078,41.81792271227867,0.21963337418300655,0.16393464802978383,,,"{""source_low_shot_index"": 5}"
1,59b5be102fbaf2,procedural_proxy,label_drift,,1,green_circle,3,yellow_triangle,1,direct_label_preservation,procedural_proxy_generator_v1,proxy candidate for green_circle,prototype_gate,retain,retain,1,green_circle,0.6236097088433544,38.125223695579656,0.20757761437908495,0.232685274107464,,,"{""source_low_shot_index"": 5}"
1,dad28f2fb1adbb,procedural_proxy,label_drift,,1,green_circle,3,yellow_triangle,1,direct_label_preservation,procedural_proxy_generator_v1,proxy candidate for green_circle,prototype_gate,reject,prototype_label_mismatch,3,yellow_triangle,0.9308224185066792,30.56821934077447,0.22795138888888888,0.22475688406512911,,,"{""source_low_shot_index"": 5}"
1,77e5795be415f9,procedural_proxy,label_drift,,1,green_circle,3,yellow_triangle,1,direct_label_preservation,procedural_proxy_generator_v1,proxy candidate for green_circle,prototype_gate,reject,prototype_label_mismatch,0,red_square,0.9149640153351744,28.806033640738764,0.2585950265522876,0.17402908025038405,,,"{""source_low_shot_index"": 5}"
1,f40c0c56fe56a4,procedural_proxy,label_drift,,1,green_circle,4,purple_diamond,1,direct_label_preservation,procedural_proxy_generator_v1,proxy candidate for green_circle,prototype_gate,reject,prototype_label_mismatch,4,purple_diamond,0.9073552504635998,45.08132344131508,0.2677108864379085,0.2652619524876677,,,"{""source_low_shot_index"": 5}"
1,565f18d0c6da53,procedural_proxy,label_drift,,1,green_circle,2,blue_x,1,direct_label_preservation,procedural_proxy_generator_v1,proxy candidate for green_circle,prototype_gate,reject,prototype_label_mismatch,0,red_square,0.6069631702741692,42.64883687347631,0.2027254391339869,0.1597226903128141,,,"{""source_low_shot_index"": 5}"
1,27389335aae791,procedural_proxy,label_drift,,1,green_circle,0,red_square,1,direct_label_preservation,procedural_proxy_generator_v1,proxy candidate for green_circle,prototype_gate,reject,prototype_label_mismatch,0,red_square,0.7433870625538598,31.294081815308786,0.1923636642156863,0.18565813076200618,,,"{""source_low_shot_index"": 5}"
1,e9eea6fdd012da,procedural_proxy,useful,,1,green_circle,1,green_circle,0,direct_label_preservation,procedural_proxy_generator_v1,proxy candidate for green_circle,prototype_gate,reject,prototype_label_mismatch,2,blue_x,0.7449054824395857,28.79564860294914,0.18210401348039218,0.143816650345898,,,"{""source_low_shot_index"": 5}"
1,f97e271cc2ff79,procedural_proxy,useful,,1,green_circle,1,green_circle,0,direct_label_preservation,procedural_proxy_generator_v1,proxy candidate for green_circle,prototype_gate,reject,prototype_label_mismatch,2,blue_x,0.7446164455845388,44.646453302585364,0.22184819240196077,0.18196399310450678,,,"{""source_low_shot_index"": 5}"
1,a37445e3a394ba,procedural_proxy,label_drift,,1,green_circle,2,blue_x,1,direct_label_preservation,procedural_proxy_generator_v1,proxy candidate for green_circle,prototype_gate,reject,prototype_label_mismatch,2,blue_x,0.7581531728447221,43.19711074482838,0.23908292483660132,0.11764153716206113,,,"{""source_low_shot_index"": 5}"
1,f8d24fc3fc6dfa,procedural_proxy,artifact,,1,green_circle,1,green_circle,1,direct_label_preservation,procedural_proxy_generator_v1,proxy candidate for green_circle,prototype_gate,reject,far_from_real_prototype+prototype_label_mismatch,0,red_square,0.854548350032467,131.26248879345636,0.5001455269607843,0.28847237282012106,,,"{""source_low_shot_index"": 5}"
1,dcf20f195daf7c,procedural_proxy,label_drift,,1,green_circle,2,blue_x,1,direct_label_preservation,procedural_proxy_generator_v1,proxy candidate for green_circle,prototype_gate,reject,prototype_label_mismatch,2,blue_x,0.5967796768617183,40.25412427384433,0.15824014501633987,0.1782545879056088,,,"{""source_low_shot_index"": 5}"
1,7a229d0bd4169b,procedural_proxy,useful,,1,green_circle,1,green_circle,0,direct_label_preservation,procedural_proxy_generator_v1,proxy candidate for green_circle,prototype_gate,retain,retain,1,green_circle,0.9985046474305521,27.449652106747347,0.20673126021241828,0.19215735834047704,,,"{""source_low_shot_index"": 5}"
1,f2185b4b2c04d4,procedural_proxy,useful,,1,green_circle,1,green_circle,0,direct_label_preservation,procedural_proxy_generator_v1,proxy candidate for green_circle,prototype_gate,reject,prototype_label_mismatch,2,blue_x,0.5593826671003131,35.10500599482846,0.2435546875,0.17593319524401188,,,"{""source_low_shot_index"": 5}"
1,1f20336c87e9ae,procedural_proxy,useful,,1,green_circle,1,green_circle,0,direct_label_preservation,procedural_proxy_generator_v1,proxy candidate for green_circle,prototype_gate,retain,retain,1,green_circle,0.9472157958636886,31.166718582524325,0.24138965482026142,0.1764616368456037,,,"{""source_low_shot_index"": 5}"
1,34ca49d5004309,procedural_proxy,label_drift,,1,green_circle,0,red_square,1,direct_label_preservation,procedural_proxy_generator_v1,proxy candidate for green_circle,prototype_gate,reject,prototype_label_mismatch,4,purple_diamond,0.9419783104054181,42.70054136349499,0.21866957720588234,0.27033516668756624,,,"{""source_low_shot_index"": 5}"
1,0af926a9d602da,procedural_proxy,artifact,,1,green_circle,1,green_circle,1,direct_label_preservation,procedural_proxy_generator_v1,proxy candidate for green_circle,prototype_gate,reject,far_from_real_prototype+prototype_label_mismatch,0,red_square,0.8542165551107577,136.43491940290178,0.5310814950980393,0.2787396158624417,,,"{""source_low_shot_index"": 5}"
1,a2d5ac72f78908,procedural_proxy,label_drift,,1,green_circle,0,red_square,1,direct_label_preservation,procedural_proxy_generator_v1,proxy candidate for green_circle,prototype_gate,reject,prototype_label_mismatch,0,red_square,0.8267982066115588,57.21958618876641,0.27559614991830067,0.2855568809359192,,,"{""source_low_shot_index"": 5}"
1,56d468c4fdd47c,procedural_proxy,label_drift,,1,green_circle,3,yellow_triangle,1,direct_label_preservation,procedural_proxy_generator_v1,proxy candidate for green_circle,prototype_gate,reject,prototype_label_mismatch,0,red_square,0.9981941559674637,25.488506008846866,0.2422219669117647,0.15929206824451866,,,"{""source_low_shot_index"": 5}"
1,75fc81a9f24793,procedural_proxy,artifact,,1,green_circle,1,green_circle,1,direct_label_preservation,procedural_proxy_generator_v1,proxy candidate for green_circle,prototype_gate,reject,far_from_real_prototype+prototype_label_mismatch,0,red_square,0.8441234186927965,129.37802616733862,0.5024075776143792,0.28464490905543877,,,"{""source_low_shot_index"": 5}"
1,1374daeeb6d1fe,procedural_proxy,artifact,,1,green_circle,1,green_circle,1,direct_label_preservation,procedural_proxy_generator_v1,proxy candidate for green_circle,prototype_gate,reject,far_from_real_prototype+prototype_label_mismatch,0,red_square,0.7351390959531716,110.88775356870052,0.420617595996732,0.294261277972229,,,"{""source_low_shot_index"": 6}"
1,43fe9c95864844,procedural_proxy,useful,,1,green_circle,1,green_circle,0,direct_label_preservation,procedural_proxy_generator_v1,proxy candidate for green_circle,prototype_gate,retain,retain,1,green_circle,0.5481986376952903,44.949729955950524,0.17442810457516336,0.14414384728792926,,,"{""source_low_shot_index"": 6}"
1,e703cb0c545045,procedural_proxy,label_drift,,1,green_circle,0,red_square,1,direct_label_preservation,procedural_proxy_generator_v1,proxy candidate for green_circle,prototype_gate,reject,prototype_label_mismatch,3,yellow_triangle,0.6279862672920647,37.546517450445634,0.21957975898692808,0.21870569985015545,,,"{""source_low_shot_index"": 6}"
1,5e18265916780e,procedural_proxy,label_drift,,1,green_circle,3,yellow_triangle,1,direct_label_preservation,procedural_proxy_generator_v1,proxy candidate for green_circle,prototype_gate,reject,prototype_label_mismatch,3,yellow_triangle,0.916821139338454,26.899475403925564,0.2267654718137255,0.25001921392550946,,,"{""source_low_shot_index"": 6}"
1,0f177c5583b8c0,procedural_proxy,artifact,,1,green_circle,1,green_circle,1,direct_label_preservation,procedural_proxy_generator_v1,proxy candidate for green_circle,prototype_gate,reject,far_from_real_prototype+prototype_label_mismatch,0,red_square,0.8712656293378578,132.00977163597125,0.5011463439542484,0.2891997916686716,,,"{""source_low_shot_index"": 6}"
1,b1b2f1153eae7e,procedural_proxy,label_drift,,1,green_circle,4,purple_diamond,1,direct_label_preservation,procedural_proxy_generator_v1,proxy candidate for green_circle,prototype_gate,reject,prototype_label_mismatch,4,purple_diamond,0.7064045174066341,37.04002689106121,0.2600924223856209,0.2373030934953007,,,"{""source_low_shot_index"": 6}"
1,c5175907ff3acc,procedural_proxy,label_drift,,1,green_circle,3,yellow_triangle,1,direct_label_preservation,procedural_proxy_generator_v1,proxy candidate for green_circle,prototype_gate,reject,low_confidence+prototype_label_mismatch,0,red_square,0.479630987300681,37.31282011719814,0.2521433312908497,0.15248543673464834,,,"{""source_low_shot_index"": 6}"
1,3315d83c101125,procedural_proxy,label_drift,,1,green_circle,2,blue_x,1,direct_label_preservation,procedural_proxy_generator_v1,proxy candidate for green_circle,prototype_gate,reject,prototype_label_mismatch,0,red_square,0.897434593695301,32.79948217955046,0.23568218954248366,0.18413424062981135,,,"{""source_low_shot_index"": 6}"
1,42f35ae4b9da24,procedural_proxy,label_drift,,1,green_circle,4,purple_diamond,1,direct_label_preservation,procedural_proxy_generator_v1,proxy candidate for green_circle,prototype_gate,reject,prototype_label_mismatch,2,blue_x,0.5066841912990012,34.52032953664451,0.24249770220588238,0.22112823444360385,,,"{""source_low_shot_index"": 6}"
1,ffa1749350bffe,procedural_proxy,label_drift,,1,green_circle,4,purple_diamond,1,direct_label_preservation,procedural_proxy_generator_v1,proxy candidate for green_circle,prototype_gate,reject,prototype_label_mismatch,2,blue_x,0.7617902220412449,37.32844892344123,0.2823937908496732,0.19850189516534233,,,"{""source_low_shot_index"": 6}"
1,0ed36ec6078921,procedural_proxy,label_drift,,1,green_circle,2,blue_x,1,direct_label_preservation,procedural_proxy_generator_v1,proxy candidate for green_circle,prototype_gate,reject,prototype_label_mismatch,4,purple_diamond,0.5702804858688715,44.06855862323141,0.1508731617647059,0.19954959204137854,,,"{""source_low_shot_index"": 6}"
1,160153b0fcc741,procedural_proxy,label_drift,,1,green_circle,3,yellow_triangle,1,direct_label_preservation,procedural_proxy_generator_v1,proxy candidate for green_circle,prototype_gate,reject,prototype_label_mismatch,3,yellow_triangle,0.8484504644978753,38.59700667351532,0.25790441176470585,0.2791824398794456,,,"{""source_low_shot_index"": 6}"
1,9292c7a4d67020,procedural_proxy,label_drift,,1,green_circle,3,yellow_triangle,1,direct_label_preservation,procedural_proxy_generator_v1,proxy candidate for green_circle,prototype_gate,reject,prototype_label_mismatch,3,yellow_triangle,0.9837069711355069,28.13117567541535,0.28110191993464057,0.2164948979043011,,,"{""source_low_shot_index"": 6}"
1,7e3ac9ed76a398,procedural_proxy,label_drift,,1,green_circle,4,purple_diamond,1,direct_label_preservation,procedural_proxy_generator_v1,proxy candidate for green_circle,prototype_gate,reject,low_confidence+prototype_label_mismatch,0,red_square,0.3861058780015708,37.25635395946644,0.1990642871732026,0.19467474100150292,,,"{""source_low_shot_index"": 6}"
1,2981f3a834b6b8,procedural_proxy,label_drift,,1,green_circle,4,purple_diamond,1,direct_label_preservation,procedural_proxy_generator_v1,proxy candidate for green_circle,prototype_gate,reject,prototype_label_mismatch,4,purple_diamond,0.9998962915989899,37.888772209871796,0.22870072508169936,0.3152108567683735,,,"{""source_low_shot_index"": 6}"
1,4d11d910ce8bc0,procedural_proxy,label_drift,,1,green_circle,2,blue_x,1,direct_label_preservation,procedural_proxy_generator_v1,proxy candidate for green_circle,prototype_gate,reject,prototype_label_mismatch,2,blue_x,0.8901578425945561,29.037410373210086,0.19165390114379086,0.1566291131143721,,,"{""source_low_shot_index"": 6}"
1,eb38e9f9d88643,procedural_proxy,label_drift,,1,green_circle,4,purple_diamond,1,direct_label_preservation,procedural_proxy_generator_v1,proxy candidate for green_circle,prototype_gate,retain,retain,1,green_circle,0.670692619374773,30.19270176823316,0.1676189746732026,0.15417297976750366,,,"{""source_low_shot_index"": 6}"
1,a13552d79daf02,procedural_proxy,artifact,,1,green_circle,1,green_circle,1,direct_label_preservation,procedural_proxy_generator_v1,proxy candidate for green_circle,prototype_gate,reject,far_from_real_prototype+prototype_label_mismatch,0,red_square,0.805612214623413,129.68178225504028,0.49420828227124175,0.2823520135385248,,,"{""source_low_shot_index"": 6}"
1,db7e91fc444341,procedural_proxy,useful,,1,green_circle,1,green_circle,0,direct_label_preservation,procedural_proxy_generator_v1,proxy candidate for green_circle,prototype_gate,reject,low_confidence+prototype_label_mismatch,3,yellow_triangle,0.4268974024566441,37.2007277942606,0.24583078022875818,0.1747264932114315,,,"{""source_low_shot_index"": 6}"
1,346934bcbf540a,procedural_proxy,label_drift,,1,green_circle,0,red_square,1,direct_label_preservation,procedural_proxy_generator_v1,proxy candidate for green_circle,prototype_gate,reject,prototype_label_mismatch,4,purple_diamond,0.984634789501787,39.67997861787436,0.18426393995098037,0.25641291227943214,,,"{""source_low_shot_index"": 6}"
1,086c5dcf1b3cd6,procedural_proxy,label_drift,,1,green_circle,3,yellow_triangle,1,direct_label_preservation,procedural_proxy_generator_v1,proxy candidate for green_circle,prototype_gate,reject,prototype_label_mismatch,0,red_square,0.5255503279686303,29.755923660752586,0.20505004084967324,0.19607985625237573,,,"{""source_low_shot_index"": 7}"
1,0352e07a3d5232,procedural_proxy,label_drift,,1,green_circle,2,blue_x,1,direct_label_preservation,procedural_proxy_generator_v1,proxy candidate for green_circle,prototype_gate,reject,prototype_label_mismatch,2,blue_x,0.6079059006778091,39.83479737787587,0.21322252859477123,0.19209979326176846,,,"{""source_low_shot_index"": 7}"
1,4cae994d999c06,procedural_proxy,label_drift,,1,green_circle,4,purple_diamond,1,direct_label_preservation,procedural_proxy_generator_v1,proxy candidate for green_circle,prototype_gate,reject,prototype_label_mismatch,2,blue_x,0.7530319607125442,33.64427424444699,0.25567682802287583,0.18269266890101785,,,"{""source_low_shot_index"": 7}"
1,6deaa0a9212fed,procedural_proxy,label_drift,,1,green_circle,0,red_square,1,direct_label_preservation,procedural_proxy_generator_v1,proxy candidate for green_circle,prototype_gate,retain,retain,1,green_circle,0.5777254420727649,46.68104427367728,0.1955333435457516,0.17541754804184126,,,"{""source_low_shot_index"": 7}"
1,ce857230945e67,procedural_proxy,label_drift,,1,green_circle,2,blue_x,1,direct_label_preservation,procedural_proxy_generator_v1,proxy candidate for green_circle,prototype_gate,reject,prototype_label_mismatch,2,blue_x,0.8492008225072399,39.335966736370054,0.24269939746732028,0.14713809653264553,,,"{""source_low_shot_index"": 7}"
1,88d07a79cca1d3,procedural_proxy,label_drift,,1,green_circle,4,purple_diamond,1,direct_label_preservation,procedural_proxy_generator_v1,proxy candidate for green_circle,prototype_gate,reject,prototype_label_mismatch,4,purple_diamond,0.5860364125905845,33.74163533836835,0.23879953022875813,0.2086525261067953,,,"{""source_low_shot_index"": 7}"
1,8caeb8c5705e28,procedural_proxy,artifact,,1,green_circle,1,green_circle,1,direct_label_preservation,procedural_proxy_generator_v1,proxy candidate for green_circle,prototype_gate,reject,far_from_real_prototype+prototype_label_mismatch,0,red_square,0.823661962475105,117.91270164168387,0.47055121527777777,0.31194413209308236,,,"{""source_low_shot_index"": 7}"
1,2ca4f772b7a07d,procedural_proxy,label_drift,,1,green_circle,2,blue_x,1,direct_label_preservation,procedural_proxy_generator_v1,proxy candidate for green_circle,prototype_gate,reject,prototype_label_mismatch,4,purple_diamond,0.5439134253002761,39.9535419550904,0.1351141237745098,0.17593329961412055,,,"{""source_low_shot_index"": 7}"
1,d29629b70dfa98,procedural_proxy,label_drift,,1,green_circle,0,red_square,1,direct_label_preservation,procedural_proxy_generator_v1,proxy candidate for green_circle,prototype_gate,reject,prototype_label_mismatch,3,yellow_triangle,0.592964488176643,42.62749082007578,0.2372395833333333,0.19743396276203784,,,"{""source_low_shot_index"": 7}"
1,ec78f16d70beb5,procedural_proxy,artifact,,1,green_circle,1,green_circle,1,direct_label_preservation,procedural_proxy_generator_v1,proxy candidate for green_circle,prototype_gate,reject,far_from_real_prototype+prototype_label_mismatch,0,red_square,0.8155957617259749,130.45680634329753,0.4966733047385621,0.29347570289485325,,,"{""source_low_shot_index"": 7}"
1,4583e15eae54c1,procedural_proxy,label_drift,,1,green_circle,2,blue_x,1,direct_label_preservation,procedural_proxy_generator_v1,proxy candidate for green_circle,prototype_gate,reject,low_confidence,1,green_circle,0.364794908071571,34.3563898453403,0.170242289624183,0.16400786304124523,,,"{""source_low_shot_index"": 7}"
1,d0af036a397123,procedural_proxy,label_drift,,1,green_circle,3,yellow_triangle,1,direct_label_preservation,procedural_proxy_generator_v1,proxy candidate for green_circle,prototype_gate,reject,low_confidence+prototype_label_mismatch,3,yellow_triangle,0.4319250016645156,27.510849329101266,0.2078354779411765,0.12423722777873741,,,"{""source_low_shot_index"": 7}"
1,7a3a7023972969,procedural_proxy,label_drift,,1,green_circle,0,red_square,1,direct_label_preservation,procedural_proxy_generator_v1,proxy candidate for green_circle,prototype_gate,reject,prototype_label_mismatch,3,yellow_triangle,0.8246449271741045,29.316230808635723,0.27387791053921573,0.24425341846313034,,,"{""source_low_shot_index"": 7}"
1,0a2f0fe003f240,procedural_proxy,artifact,,1,green_circle,1,green_circle,1,direct_label_preservation,procedural_proxy_generator_v1,proxy candidate for green_circle,prototype_gate,reject,far_from_real_prototype+prototype_label_mismatch,0,red_square,0.8166195292655928,129.27784039396948,0.4894365298202614,0.2915831167534041,,,"{""source_low_shot_index"": 7}"
1,66994291d4bd34,procedural_proxy,label_drift,,1,green_circle,0,red_square,1,direct_label_preservation,procedural_proxy_generator_v1,proxy candidate for green_circle,prototype_gate,reject,prototype_label_mismatch,3,yellow_triangle,0.9644777337973672,38.888753419830195,0.33599239174836604,0.24899997230001988,,,"{""source_low_shot_index"": 7}"
1,26a2a41d4262ed,procedural_proxy,artifact,,1,green_circle,1,green_circle,1,direct_label_preservation,procedural_proxy_generator_v1,proxy candidate for green_circle,prototype_gate,reject,far_from_real_prototype+prototype_label_mismatch,0,red_square,0.861986846154726,131.15444207608715,0.495516748366013,0.28538654944246794,,,"{""source_low_shot_index"": 7}"
1,f2fcbec06164ae,procedural_proxy,useful,,1,green_circle,1,green_circle,0,direct_label_preservation,procedural_proxy_generator_v1,proxy candidate for green_circle,prototype_gate,reject,prototype_label_mismatch,2,blue_x,0.5735535519870802,30.596003534884584,0.24387510212418304,0.16505639787265344,,,"{""source_low_shot_index"": 7}"
1,5b5537391f34aa,procedural_proxy,label_drift,,1,green_circle,4,purple_diamond,1,direct_label_preservation,procedural_proxy_generator_v1,proxy candidate for green_circle,prototype_gate,reject,prototype_label_mismatch,2,blue_x,0.7839988448090006,38.276427332739274,0.26228681576797386,0.22780840982148845,,,"{""source_low_shot_index"": 7}"
1,f8f05dd10ac12b,procedural_proxy,label_drift,,1,green_circle,0,red_square,1,direct_label_preservation,procedural_proxy_generator_v1,proxy candidate for green_circle,prototype_gate,reject,low_confidence,1,green_circle,0.45564934488697917,39.53258775038442,0.18882889093137256,0.18616440639853818,,,"{""source_low_shot_index"": 7}"
1,945d2f9b49fe5f,procedural_proxy,label_drift,,1,green_circle,3,yellow_triangle,1,direct_label_preservation,procedural_proxy_generator_v1,proxy candidate for green_circle,prototype_gate,reject,prototype_label_mismatch,3,yellow_triangle,0.7778721465650147,28.08647485271343,0.2505170036764706,0.22328231950868851,,,"{""source_low_shot_index"": 7}"
1,b7e91a3ee205c0,procedural_proxy,artifact,,2,blue_x,2,blue_x,1,direct_label_preservation,procedural_proxy_generator_v1,proxy candidate for blue_x,prototype_gate,reject,far_from_real_prototype+prototype_label_mismatch,0,red_square,0.8624181579687399,128.36598452349438,0.47718928717320264,0.255201134960222,,,"{""source_low_shot_index"": 8}"
1,637e8def4f9268,procedural_proxy,label_drift,,2,blue_x,0,red_square,1,direct_label_preservation,procedural_proxy_generator_v1,proxy candidate for blue_x,prototype_gate,reject,prototype_label_mismatch,0,red_square,0.8734478301893502,40.48288131530104,0.2974379595588235,0.2678997136292688,,,"{""source_low_shot_index"": 8}"
1,1e7b6719c04865,procedural_proxy,useful,,2,blue_x,2,blue_x,0,direct_label_preservation,procedural_proxy_generator_v1,proxy candidate for blue_x,prototype_gate,retain,retain,2,blue_x,0.909759026444536,41.41981538495844,0.18751148897058822,0.21916637736372707,,,"{""source_low_shot_index"": 8}"
1,5a44bf88d7e7e5,procedural_proxy,label_drift,,2,blue_x,4,purple_diamond,1,direct_label_preservation,procedural_proxy_generator_v1,proxy candidate for blue_x,prototype_gate,retain,retain,2,blue_x,0.9613835759909964,25.22364051427785,0.2334316278594771,0.17158400476704183,,,"{""source_low_shot_index"": 8}"
1,cc848dec4785a4,procedural_proxy,label_drift,,2,blue_x,4,purple_diamond,1,direct_label_preservation,procedural_proxy_generator_v1,proxy candidate for blue_x,prototype_gate,reject,prototype_label_mismatch,4,purple_diamond,0.9942499489228407,40.477399645602226,0.23438010620915029,0.2871399728801503,,,"{""source_low_shot_index"": 8}"
1,b263ec866298eb,procedural_proxy,useful,,2,blue_x,2,blue_x,0,direct_label_preservation,procedural_proxy_generator_v1,proxy candidate for blue_x,prototype_gate,retain,retain,2,blue_x,0.7093418288682404,37.77816842221546,0.1749080882352941,0.15016431512676232,,,"{""source_low_shot_index"": 8}"
1,d178e1ff7884db,procedural_proxy,label_drift,,2,blue_x,1,green_circle,1,direct_label_preservation,procedural_proxy_generator_v1,proxy candidate for blue_x,prototype_gate,retain,retain,2,blue_x,0.5909109788704573,39.99120937063627,0.22653824550653592,0.1724564532327684,,,"{""source_low_shot_index"": 8}"
1,f78f3edd15adf6,procedural_proxy,useful,,2,blue_x,2,blue_x,0,direct_label_preservation,procedural_proxy_generator_v1,proxy candidate for blue_x,prototype_gate,retain,retain,2,blue_x,0.7821593815762191,39.87599832553114,0.2620353349673203,0.16214859890051106,,,"{""source_low_shot_index"": 8}"
1,738b716fb4c13c,procedural_proxy,label_drift,,2,blue_x,1,green_circle,1,direct_label_preservation,procedural_proxy_generator_v1,proxy candidate for blue_x,prototype_gate,retain,retain,2,blue_x,0.5712845843158425,39.65336320543658,0.23626429738562094,0.17336475185530456,,,"{""source_low_shot_index"": 8}"
1,7adf85ae79cada,procedural_proxy,label_drift,,2,blue_x,3,yellow_triangle,1,direct_label_preservation,procedural_proxy_generator_v1,proxy candidate for blue_x,prototype_gate,reject,prototype_label_mismatch,1,green_circle,0.6420837919810709,29.70416414955017,0.24056627859477123,0.15333580322497145,,,"{""source_low_shot_index"": 8}"
1,65716c79c8900a,procedural_proxy,label_drift,,2,blue_x,4,purple_diamond,1,direct_label_preservation,procedural_proxy_generator_v1,proxy candidate for blue_x,prototype_gate,retain,retain,2,blue_x,0.833490959011438,48.42753657738866,0.24277982026143793,0.2282906836151741,,,"{""source_low_shot_index"": 8}"
1,2faacb09db161d,procedural_proxy,label_drift,,2,blue_x,4,purple_diamond,1,direct_label_preservation,procedural_proxy_generator_v1,proxy candidate for blue_x,prototype_gate,reject,prototype_label_mismatch,1,green_circle,0.9476272149655923,36.32705424997285,0.23918887867647057,0.16092633526321962,,,"{""source_low_shot_index"": 8}"
1,559cd4869b2367,procedural_proxy,label_drift,,2,blue_x,3,yellow_triangle,1,direct_label_preservation,procedural_proxy_generator_v1,proxy candidate for blue_x,prototype_gate,reject,prototype_label_mismatch,0,red_square,0.5117741429735717,57.18058642412844,0.326226766748366,0.1656125447591154,,,"{""source_low_shot_index"": 8}"
1,798044fcf86d80,procedural_proxy,label_drift,,2,blue_x,0,red_square,1,direct_label_preservation,procedural_proxy_generator_v1,proxy candidate for blue_x,prototype_gate,reject,prototype_label_mismatch,0,red_square,0.9624377647593696,27.30818549329836,0.23116830065359475,0.2815584076169694,,,"{""source_low_shot_index"": 8}"
1,7ecaecaf403e95,procedural_proxy,label_drift,,2,blue_x,3,yellow_triangle,1,direct_label_preservation,procedural_proxy_generator_v1,proxy candidate for blue_x,prototype_gate,reject,prototype_label_mismatch,3,yellow_triangle,0.9511835690089102,22.82863450141142,0.22966452205882357,0.2526893351566904,,,"{""source_low_shot_index"": 8}"
1,8ca26130d4b1f2,procedural_proxy,label_drift,,2,blue_x,3,yellow_triangle,1,direct_label_preservation,procedural_proxy_generator_v1,proxy candidate for blue_x,prototype_gate,reject,prototype_label_mismatch,0,red_square,0.7257600152302288,37.46688336636639,0.26784620098039214,0.2492413284715117,,,"{""source_low_shot_index"": 8}"
1,3cbc101d65496f,procedural_proxy,useful,,2,blue_x,2,blue_x,0,direct_label_preservation,procedural_proxy_generator_v1,proxy candidate for blue_x,prototype_gate,reject,prototype_label_mismatch,0,red_square,0.6842714359052193,40.2091070514101,0.20476026348039214,0.18366606122061563,,,"{""source_low_shot_index"": 8}"
1,1899238beaa186,procedural_proxy,label_drift,,2,blue_x,4,purple_diamond,1,direct_label_preservation,procedural_proxy_generator_v1,proxy candidate for blue_x,prototype_gate,reject,prototype_label_mismatch,0,red_square,0.9993246534950162,38.40462105379903,0.2298457924836601,0.24944095961255955,,,"{""source_low_shot_index"": 8}"
1,53523ed9c78be4,procedural_proxy,label_drift,,2,blue_x,1,green_circle,1,direct_label_preservation,procedural_proxy_generator_v1,proxy candidate for blue_x,prototype_gate,retain,retain,2,blue_x,0.6320614890847261,31.237908375192017,0.22142565359477126,0.14216971425784874,,,"{""source_low_shot_index"": 8}"
1,6fb4130f72812d,procedural_proxy,label_drift,,2,blue_x,0,red_square,1,direct_label_preservation,procedural_proxy_generator_v1,proxy candidate for blue_x,prototype_gate,reject,low_confidence+prototype_label_mismatch,4,purple_diamond,0.48249827733600903,53.973654040976605,0.3156492544934641,0.296045642674574,,,"{""source_low_shot_index"": 8}"
1,7eeb8e5400ea55,procedural_proxy,useful,,2,blue_x,2,blue_x,0,direct_label_preservation,procedural_proxy_generator_v1,proxy candidate for blue_x,prototype_gate,reject,prototype_label_mismatch,0,red_square,0.6501679048392578,47.24811884813413,0.26399611928104577,0.1505745225333658,,,"{""source_low_shot_index"": 9}"
1,9a929784524aae,procedural_proxy,label_drift,,2,blue_x,1,green_circle,1,direct_label_preservation,procedural_proxy_generator_v1,proxy candidate for blue_x,prototype_gate,reject,low_confidence+prototype_label_mismatch,1,green_circle,0.4401845834645653,34.30858262885252,0.25099571078431376,0.1798760237287409,,,"{""source_low_shot_index"": 9}"
1,5245de4cec1207,procedural_proxy,label_drift,,2,blue_x,1,green_circle,1,direct_label_preservation,procedural_proxy_generator_v1,proxy candidate for blue_x,prototype_gate,retain,retain,2,blue_x,0.9340091809463307,32.3987387352559,0.189703329248366,0.18952463087871346,,,"{""source_low_shot_index"": 9}"
1,130b4f7eed4fc3,procedural_proxy,useful,,2,blue_x,2,blue_x,0,direct_label_preservation,procedural_proxy_generator_v1,proxy candidate for blue_x,prototype_gate,retain,retain,2,blue_x,0.5598508049022104,34.9381413826551,0.23702895220588235,0.12168160751623916,,,"{""source_low_shot_index"": 9}"
1,2c46518b2a477b,procedural_proxy,label_drift,,2,blue_x,3,yellow_triangle,1,direct_label_preservation,procedural_proxy_generator_v1,proxy candidate for blue_x,prototype_gate,reject,prototype_label_mismatch,0,red_square,0.5066172821672015,34.720847428874414,0.2814670138888889,0.21897187418517366,,,"{""source_low_shot_index"": 9}"
1,d40d264391c0a2,procedural_proxy,useful,,2,blue_x,2,blue_x,0,direct_label_preservation,procedural_proxy_generator_v1,proxy candidate for blue_x,prototype_gate,retain,retain,2,blue_x,0.8119150046666597,39.01058125020134,0.255023233251634,0.11971807938572634,,,"{""source_low_shot_index"": 9}"
1,4eb46a2bd93c72,procedural_proxy,label_drift,,2,blue_x,4,purple_diamond,1,direct_label_preservation,procedural_proxy_generator_v1,proxy candidate for blue_x,prototype_gate,reject,prototype_label_mismatch,0,red_square,0.5284548435441198,33.03367079615049,0.2614481209150327,0.22405976093895869,,,"{""source_low_shot_index"": 9}"
1,50688d0058ab27,procedural_proxy,useful,,2,blue_x,2,blue_x,0,direct_label_preservation,procedural_proxy_generator_v1,proxy candidate for blue_x,prototype_gate,retain,retain,2,blue_x,0.5660818016249085,46.30280713216269,0.2755655126633987,0.11734409107975943,,,"{""source_low_shot_index"": 9}"
1,f28d15f6d02ff9,procedural_proxy,label_drift,,2,blue_x,0,red_square,1,direct_label_preservation,procedural_proxy_generator_v1,proxy candidate for blue_x,prototype_gate,retain,retain,2,blue_x,0.5813167812961463,58.8120258606618,0.2877068014705882,0.28106989412276256,,,"{""source_low_shot_index"": 9}"
1,28e124af063b00,procedural_proxy,label_drift,,2,blue_x,3,yellow_triangle,1,direct_label_preservation,procedural_proxy_generator_v1,proxy candidate for blue_x,prototype_gate,reject,prototype_label_mismatch,4,purple_diamond,0.6431842941334207,47.022632240619494,0.18448223039215686,0.22819250858634801,,,"{""source_low_shot_index"": 9}"
1,4a18432aee5d10,procedural_proxy,label_drift,,2,blue_x,1,green_circle,1,direct_label_preservation,procedural_proxy_generator_v1,proxy candidate for blue_x,prototype_gate,reject,prototype_label_mismatch,0,red_square,0.9887968945895995,21.217827959224195,0.22534466911764706,0.1708909903536358,,,"{""source_low_shot_index"": 9}"
1,27633e60fdeba5,procedural_proxy,useful,,2,blue_x,2,blue_x,0,direct_label_preservation,procedural_proxy_generator_v1,proxy candidate for blue_x,prototype_gate,retain,retain,2,blue_x,0.9958042349849117,21.10798591157053,0.21670496323529412,0.15658172698377712,,,"{""source_low_shot_index"": 9}"
1,f1847683aeab5e,procedural_proxy,label_drift,,2,blue_x,0,red_square,1,direct_label_preservation,procedural_proxy_generator_v1,proxy candidate for blue_x,prototype_gate,retain,retain,2,blue_x,0.6072883727759878,49.842054876300345,0.3330422794117647,0.17534358204020023,,,"{""source_low_shot_index"": 9}"
1,40f3dc86bb6e72,procedural_proxy,label_drift,,2,blue_x,4,purple_diamond,1,direct_label_preservation,procedural_proxy_generator_v1,proxy candidate for blue_x,prototype_gate,reject,prototype_label_mismatch,4,purple_diamond,0.723069780703866,33.19224492500496,0.17721354166666667,0.19093842198019761,,,"{""source_low_shot_index"": 9}"
1,87d35771906371,procedural_proxy,useful,,2,blue_x,2,blue_x,0,direct_label_preservation,procedural_proxy_generator_v1,proxy candidate for blue_x,prototype_gate,retain,retain,2,blue_x,0.8341178895272946,38.78410253043268,0.20998902165032676,0.17044850792937585,,,"{""source_low_shot_index"": 9}"
1,47a05bb3da79df,procedural_proxy,useful,,2,blue_x,2,blue_x,0,direct_label_preservation,procedural_proxy_generator_v1,proxy candidate for blue_x,prototype_gate,retain,retain,2,blue_x,0.889636800695407,39.75743820282262,0.15994561887254902,0.18100342906074587,,,"{""source_low_shot_index"": 9}"
1,09a0942afeca63,procedural_proxy,label_drift,,2,blue_x,4,purple_diamond,1,direct_label_preservation,procedural_proxy_generator_v1,proxy candidate for blue_x,prototype_gate,retain,retain,2,blue_x,0.7638694161971732,37.58662684844859,0.23148999183006536,0.17642844626614787,,,"{""source_low_shot_index"": 9}"
1,c96cf28d304f3e,procedural_proxy,artifact,,2,blue_x,2,blue_x,1,direct_label_preservation,procedural_proxy_generator_v1,proxy candidate for blue_x,prototype_gate,reject,far_from_real_prototype+prototype_label_mismatch,0,red_square,0.8744397300112923,135.79811859968893,0.5317184946895425,0.28780281845265254,,,"{""source_low_shot_index"": 9}"
1,6b38de5e950487,procedural_proxy,label_drift,,2,blue_x,0,red_square,1,direct_label_preservation,procedural_proxy_generator_v1,proxy candidate for blue_x,prototype_gate,reject,low_confidence,2,blue_x,0.39930788980375626,33.79585638983733,0.252258220996732,0.16476910253227373,,,"{""source_low_shot_index"": 9}"
1,0ad910ad4e13b5,procedural_proxy,label_drift,,2,blue_x,0,red_square,1,direct_label_preservation,procedural_proxy_generator_v1,proxy candidate for blue_x,prototype_gate,reject,prototype_label_mismatch,0,red_square,0.5163776032062471,33.69145894985532,0.19467805351307188,0.25212497655552096,,,"{""source_low_shot_index"": 9}"
1,c0ea8883422c09,procedural_proxy,useful,,2,blue_x,2,blue_x,0,direct_label_preservation,procedural_proxy_generator_v1,proxy candidate for blue_x,prototype_gate,retain,retain,2,blue_x,0.8303203449690046,20.755210169316737,0.18636003880718954,0.1369769254665434,,,"{""source_low_shot_index"": 10}"
1,19a7c740ab7573,procedural_proxy,useful,,2,blue_x,2,blue_x,0,direct_label_preservation,procedural_proxy_generator_v1,proxy candidate for blue_x,prototype_gate,reject,prototype_label_mismatch,0,red_square,0.7478934693568495,35.05648543581142,0.2103464562908497,0.14533564915157327,,,"{""source_low_shot_index"": 10}"
1,14bc0efc5275ca,procedural_proxy,label_drift,,2,blue_x,4,purple_diamond,1,direct_label_preservation,procedural_proxy_generator_v1,proxy candidate for blue_x,prototype_gate,retain,retain,2,blue_x,0.7304139607619492,45.28249061427192,0.24421721813725492,0.1635909462251608,,,"{""source_low_shot_index"": 10}"
1,74c03b8e7aab23,procedural_proxy,label_drift,,2,blue_x,0,red_square,1,direct_label_preservation,procedural_proxy_generator_v1,proxy candidate for blue_x,prototype_gate,reject,prototype_label_mismatch,3,yellow_triangle,0.6130742550596681,49.14760690924243,0.26971379697712417,0.18139085119919304,,,"{""source_low_shot_index"": 10}"
1,8fd4ee8d8024b6,procedural_proxy,useful,,2,blue_x,2,blue_x,0,direct_label_preservation,procedural_proxy_generator_v1,proxy candidate for blue_x,prototype_gate,retain,retain,2,blue_x,0.6094468147824325,32.04225830383825,0.166812193627451,0.19914352399645416,,,"{""source_low_shot_index"": 10}"
1,10420a2be49d48,procedural_proxy,artifact,,2,blue_x,2,blue_x,1,direct_label_preservation,procedural_proxy_generator_v1,proxy candidate for blue_x,prototype_gate,reject,far_from_real_prototype+prototype_label_mismatch,0,red_square,0.725583880907839,129.7456030910385,0.5048930249183007,0.2853121860719747,,,"{""source_low_shot_index"": 10}"
1,332e0b37076f01,procedural_proxy,label_drift,,2,blue_x,1,green_circle,1,direct_label_preservation,procedural_proxy_generator_v1,proxy candidate for blue_x,prototype_gate,reject,low_confidence+prototype_label_mismatch,3,yellow_triangle,0.3926094283809706,44.8206685069234,0.2331418504901961,0.23259186945341193,,,"{""source_low_shot_index"": 10}"
1,86ffb09b016d98,procedural_proxy,label_drift,,2,blue_x,0,red_square,1,direct_label_preservation,procedural_proxy_generator_v1,proxy candidate for blue_x,prototype_gate,reject,prototype_label_mismatch,4,purple_diamond,0.8677688235124411,44.35939762892712,0.19418019812091503,0.2815646443167542,,,"{""source_low_shot_index"": 10}"
1,10f7d714564739,procedural_proxy,label_drift,,2,blue_x,4,purple_diamond,1,direct_label_preservation,procedural_proxy_generator_v1,proxy candidate for blue_x,prototype_gate,reject,low_confidence+prototype_label_mismatch,3,yellow_triangle,0.36963725403979286,46.84482911191517,0.31246297998366007,0.2241952127369729,,,"{""source_low_shot_index"": 10}"
1,ac2bfd8642ff53,procedural_proxy,label_drift,,2,blue_x,0,red_square,1,direct_label_preservation,procedural_proxy_generator_v1,proxy candidate for blue_x,prototype_gate,reject,low_confidence,2,blue_x,0.3742358186535756,34.847048606343144,0.21621349060457518,0.16510871151854462,,,"{""source_low_shot_index"": 10}"
1,19aedc6cfb388b,procedural_proxy,artifact,,2,blue_x,2,blue_x,1,direct_label_preservation,procedural_proxy_generator_v1,proxy candidate for blue_x,prototype_gate,reject,far_from_real_prototype+prototype_label_mismatch,0,red_square,0.8500633078653271,128.44328941144866,0.4927913092320262,0.28744232054743557,,,"{""source_low_shot_index"": 10}"
1,0146e0286bb5ef,procedural_proxy,useful,,2,blue_x,2,blue_x,0,direct_label_preservation,procedural_proxy_generator_v1,proxy candidate for blue_x,prototype_gate,retain,retain,2,blue_x,0.7409324744998901,42.04001424986946,0.26190002042483657,0.14444000837066445,,,"{""source_low_shot_index"": 10}"
1,03bc611552fe98,procedural_proxy,useful,,2,blue_x,2,blue_x,0,direct_label_preservation,procedural_proxy_generator_v1,proxy candidate for blue_x,prototype_gate,retain,retain,2,blue_x,0.9794648466595404,31.603812308551127,0.22051674836601307,0.16727495234495407,,,"{""source_low_shot_index"": 10}"
1,e5f46cfe977022,procedural_proxy,label_drift,,2,blue_x,1,green_circle,1,direct_label_preservation,procedural_proxy_generator_v1,proxy candidate for blue_x,prototype_gate,reject,prototype_label_mismatch,1,green_circle,0.9958692615741391,29.178864479735005,0.2214958639705882,0.17482960913090312,,,"{""source_low_shot_index"": 10}"
1,a90f05fbb94b2b,procedural_proxy,useful,,2,blue_x,2,blue_x,0,direct_label_preservation,procedural_proxy_generator_v1,proxy candidate for blue_x,prototype_gate,retain,retain,2,blue_x,0.7734322851062178,38.538599519838556,0.22314899918300654,0.1651131323534075,,,"{""source_low_shot_index"": 10}"
1,e5bfc0409b7797,procedural_proxy,label_drift,,2,blue_x,4,purple_diamond,1,direct_label_preservation,procedural_proxy_generator_v1,proxy candidate for blue_x,prototype_gate,reject,prototype_label_mismatch,4,purple_diamond,0.8878969761256812,36.8619336159508,0.2318818933823529,0.21764778538479154,,,"{""source_low_shot_index"": 10}"
1,1d4ccdf601a8b4,procedural_proxy,label_drift,,2,blue_x,0,red_square,1,direct_label_preservation,procedural_proxy_generator_v1,proxy candidate for blue_x,prototype_gate,reject,prototype_label_mismatch,4,purple_diamond,0.8439332638267211,37.75350795233079,0.18271037581699345,0.2188050254748912,,,"{""source_low_shot_index"": 10}"
1,b71a31022c7912,procedural_proxy,label_drift,,2,blue_x,1,green_circle,1,direct_label_preservation,procedural_proxy_generator_v1,proxy candidate for blue_x,prototype_gate,reject,prototype_label_mismatch,3,yellow_triangle,0.7557580476420401,41.307840517212306,0.23737872753267975,0.3189022581365171,,,"{""source_low_shot_index"": 10}"
1,ea777a6cc23f14,procedural_proxy,useful,,2,blue_x,2,blue_x,0,direct_label_preservation,procedural_proxy_generator_v1,proxy candidate for blue_x,prototype_gate,retain,retain,2,blue_x,0.9237891104047543,38.05105434879183,0.2287722120098039,0.16654831519033306,,,"{""source_low_shot_index"": 10}"
1,cca26b1fb523e7,procedural_proxy,useful,,2,blue_x,2,blue_x,0,direct_label_preservation,procedural_proxy_generator_v1,proxy candidate for blue_x,prototype_gate,retain,retain,2,blue_x,0.9869106282999498,23.806926006085583,0.21004263684640523,0.12658577415137287,,,"{""source_low_shot_index"": 10}"
1,6bab540cb05b0f,procedural_proxy,label_drift,,2,blue_x,3,yellow_triangle,1,direct_label_preservation,procedural_proxy_generator_v1,proxy candidate for blue_x,prototype_gate,reject,low_confidence+prototype_label_mismatch,3,yellow_triangle,0.37981372435026445,52.76816578122127,0.2127782883986928,0.24415083290633588,,,"{""source_low_shot_index"": 11}"
1,c6f95cfc0b6170,procedural_proxy,label_drift,,2,blue_x,3,yellow_triangle,1,direct_label_preservation,procedural_proxy_generator_v1,proxy candidate for blue_x,prototype_gate,reject,prototype_label_mismatch,3,yellow_triangle,0.808860125252432,39.19254528176953,0.2575686785130719,0.2736453151112072,,,"{""source_low_shot_index"": 11}"
1,87d8fe382b8ed0,procedural_proxy,label_drift,,2,blue_x,1,green_circle,1,direct_label_preservation,procedural_proxy_generator_v1,proxy candidate for blue_x,prototype_gate,reject,prototype_label_mismatch,1,green_circle,0.9495437653498539,39.11958643259024,0.20295011233660132,0.19955848241339583,,,"{""source_low_shot_index"": 11}"
1,4afe84360295c8,procedural_proxy,label_drift,,2,blue_x,4,purple_diamond,1,direct_label_preservation,procedural_proxy_generator_v1,proxy candidate for blue_x,prototype_gate,reject,prototype_label_mismatch,4,purple_diamond,0.6123415677132389,48.450508823388724,0.21500842524509803,0.2808460209008628,,,"{""source_low_shot_index"": 11}"
1,ebf46b1676cf5b,procedural_proxy,artifact,,2,blue_x,2,blue_x,1,direct_label_preservation,procedural_proxy_generator_v1,proxy candidate for blue_x,prototype_gate,reject,far_from_real_prototype+prototype_label_mismatch,0,red_square,0.9287787824050137,113.38959653811898,0.43243081086601304,0.30637367065756266,,,"{""source_low_shot_index"": 11}"
1,6604cd33ae6e13,procedural_proxy,useful,,2,blue_x,2,blue_x,0,direct_label_preservation,procedural_proxy_generator_v1,proxy candidate for blue_x,prototype_gate,retain,retain,2,blue_x,0.6848926654333196,41.611840482402606,0.251797385620915,0.19061672637195984,,,"{""source_low_shot_index"": 11}"
1,65842198354a6a,procedural_proxy,label_drift,,2,blue_x,4,purple_diamond,1,direct_label_preservation,procedural_proxy_generator_v1,proxy candidate for blue_x,prototype_gate,reject,prototype_label_mismatch,3,yellow_triangle,0.5822758956330685,42.4174775803984,0.21317912581699347,0.20738155292331498,,,"{""source_low_shot_index"": 11}"
1,95110d60796f2e,procedural_proxy,useful,,2,blue_x,2,blue_x,0,direct_label_preservation,procedural_proxy_generator_v1,proxy candidate for blue_x,prototype_gate,retain,retain,2,blue_x,0.967902426910425,29.10809307709663,0.21239787581699346,0.15478628323013766,,,"{""source_low_shot_index"": 11}"
1,a23733b0c2278c,procedural_proxy,label_drift,,2,blue_x,1,green_circle,1,direct_label_preservation,procedural_proxy_generator_v1,proxy candidate for blue_x,prototype_gate,reject,prototype_label_mismatch,1,green_circle,0.6032454701847727,39.43163440692981,0.2292904922385621,0.17267197541570736,,,"{""source_low_shot_index"": 11}"
1,7d702ab5de754c,procedural_proxy,label_drift,,2,blue_x,0,red_square,1,direct_label_preservation,procedural_proxy_generator_v1,proxy candidate for blue_x,prototype_gate,reject,low_confidence+prototype_label_mismatch,1,green_circle,0.4283163479972733,33.3793429597089,0.18274994893790852,0.202034123369039,,,"{""source_low_shot_index"": 11}"
1,dadbe2b4005652,procedural_proxy,label_drift,,2,blue_x,1,green_circle,1,direct_label_preservation,procedural_proxy_generator_v1,proxy candidate for blue_x,prototype_gate,retain,retain,2,blue_x,0.5445486656883836,37.91314331990944,0.2394607843137255,0.12427046660017307,,,"{""source_low_shot_index"": 11}"
1,0ff0af2d9d51c2,procedural_proxy,label_drift,,2,blue_x,4,purple_diamond,1,direct_label_preservation,procedural_proxy_generator_v1,proxy candidate for blue_x,prototype_gate,reject,prototype_label_mismatch,4,purple_diamond,0.7951156685469764,31.559407806747284,0.25243310866013075,0.22109827151499975,,,"{""source_low_shot_index"": 11}"
1,2a4d9e0f889dac,procedural_proxy,useful,,2,blue_x,2,blue_x,0,direct_label_preservation,procedural_proxy_generator_v1,proxy candidate for blue_x,prototype_gate,reject,low_confidence+prototype_label_mismatch,4,purple_diamond,0.4961605615869998,40.33366687964111,0.197226051879085,0.20179545782636663,,,"{""source_low_shot_index"": 11}"
1,e8a77944764979,procedural_proxy,label_drift,,2,blue_x,0,red_square,1,direct_label_preservation,procedural_proxy_generator_v1,proxy candidate for blue_x,prototype_gate,reject,prototype_label_mismatch,0,red_square,0.9929782954647373,32.70918068609381,0.22906326593137252,0.24843238229537182,,,"{""source_low_shot_index"": 11}"
1,4b2f49e7823828,procedural_proxy,label_drift,,2,blue_x,1,green_circle,1,direct_label_preservation,procedural_proxy_generator_v1,proxy candidate for blue_x,prototype_gate,reject,prototype_label_mismatch,1,green_circle,0.9804223225787322,29.5011372543877,0.21565563725490197,0.1889611810856824,,,"{""source_low_shot_index"": 11}"
1,a8684a23f3a974,procedural_proxy,useful,,2,blue_x,2,blue_x,0,direct_label_preservation,procedural_proxy_generator_v1,proxy candidate for blue_x,prototype_gate,retain,retain,2,blue_x,0.814020528821119,41.2516787451379,0.22387408088235294,0.20800252799055885,,,"{""source_low_shot_index"": 11}"
1,db21c3fcbdaf18,procedural_proxy,label_drift,,2,blue_x,3,yellow_triangle,1,direct_label_preservation,procedural_proxy_generator_v1,proxy candidate for blue_x,prototype_gate,reject,low_confidence,2,blue_x,0.4106498435676175,25.652678709730626,0.22341196895424834,0.13075609494818785,,,"{""source_low_shot_index"": 11}"
1,18d197c463d4d5,procedural_proxy,useful,,2,blue_x,2,blue_x,0,direct_label_preservation,procedural_proxy_generator_v1,proxy candidate for blue_x,prototype_gate,reject,prototype_label_mismatch,0,red_square,0.6573201478686751,36.59338198039143,0.20799249387254903,0.1864033908711602,,,"{""source_low_shot_index"": 11}"
1,dbd37467a91572,procedural_proxy,useful,,2,blue_x,2,blue_x,0,direct_label_preservation,procedural_proxy_generator_v1,proxy candidate for blue_x,prototype_gate,retain,retain,2,blue_x,0.6005384557987418,34.0593949933822,0.18338950163398693,0.2149777076660439,,,"{""source_low_shot_index"": 11}"
1,99e013ec32f99e,procedural_proxy,label_drift,,2,blue_x,3,yellow_triangle,1,direct_label_preservation,procedural_proxy_generator_v1,proxy candidate for blue_x,prototype_gate,reject,prototype_label_mismatch,1,green_circle,0.5786919947276193,39.69016676646247,0.20828099468954245,0.270174433451758,,,"{""source_low_shot_index"": 11}"
1,021b6ba04a1232,procedural_proxy,label_drift,,3,yellow_triangle,1,green_circle,1,direct_label_preservation,procedural_proxy_generator_v1,proxy candidate for yellow_triangle,prototype_gate,reject,prototype_label_mismatch,1,green_circle,0.9837841960656755,32.565284519588964,0.20363051470588237,0.213678183171883,,,"{""source_low_shot_index"": 12}"
1,26694669227786,procedural_proxy,label_drift,,3,yellow_triangle,0,red_square,1,direct_label_preservation,procedural_proxy_generator_v1,proxy candidate for yellow_triangle,prototype_gate,retain,retain,3,yellow_triangle,0.695994188438141,46.71152567857875,0.24829069648692811,0.23454879088761682,,,"{""source_low_shot_index"": 12}"
1,63a61c8ee9d926,procedural_proxy,artifact,,3,yellow_triangle,3,yellow_triangle,1,direct_label_preservation,procedural_proxy_generator_v1,proxy candidate for yellow_triangle,prototype_gate,reject,far_from_real_prototype+prototype_label_mismatch,0,red_square,0.8325227456105548,130.76966292632406,0.5009740093954248,0.2882092798636667,,,"{""source_low_shot_index"": 12}"
1,ddef9c40d0a26b,procedural_proxy,label_drift,,3,yellow_triangle,0,red_square,1,direct_label_preservation,procedural_proxy_generator_v1,proxy candidate for yellow_triangle,prototype_gate,reject,low_confidence+prototype_label_mismatch,4,purple_diamond,0.46623674935765214,31.800445037787988,0.21951465482026145,0.22115840963833222,,,"{""source_low_shot_index"": 12}"
1,a524dbf123a06f,procedural_proxy,label_drift,,3,yellow_triangle,2,blue_x,1,direct_label_preservation,procedural_proxy_generator_v1,proxy candidate for yellow_triangle,prototype_gate,reject,prototype_label_mismatch,2,blue_x,0.5151020178218135,33.57064219733563,0.1871846915849673,0.12074842474295112,,,"{""source_low_shot_index"": 12}"
1,1b70e210bcefd5,procedural_proxy,label_drift,,3,yellow_triangle,1,green_circle,1,direct_label_preservation,procedural_proxy_generator_v1,proxy candidate for yellow_triangle,prototype_gate,reject,prototype_label_mismatch,2,blue_x,0.5147931349585274,43.43660296449503,0.295602277369281,0.13608424803369557,,,"{""source_low_shot_index"": 12}"
1,27e40b092b9675,procedural_proxy,useful,,3,yellow_triangle,3,yellow_triangle,0,direct_label_preservation,procedural_proxy_generator_v1,proxy candidate for yellow_triangle,prototype_gate,retain,retain,3,yellow_triangle,0.900873020343756,41.735215594243904,0.3300155739379085,0.1956773902659117,,,"{""source_low_shot_index"": 12}"
1,0abb0b22038ad9,procedural_proxy,label_drift,,3,yellow_triangle,0,red_square,1,direct_label_preservation,procedural_proxy_generator_v1,proxy candidate for yellow_triangle,prototype_gate,reject,prototype_label_mismatch,0,red_square,0.9327308136692607,34.65415325739458,0.23494306576797386,0.23641647043593822,,,"{""source_low_shot_index"": 12}"
1,7cf16e9f0b01d1,procedural_proxy,label_drift,,3,yellow_triangle,0,red_square,1,direct_label_preservation,procedural_proxy_generator_v1,proxy candidate for yellow_triangle,prototype_gate,reject,low_confidence+prototype_label_mismatch,0,red_square,0.4334626640479126,33.71664583667883,0.2248097937091503,0.16788785600962816,,,"{""source_low_shot_index"": 12}"
1,5602faaeaf348c,procedural_proxy,label_drift,,3,yellow_triangle,2,blue_x,1,direct_label_preservation,procedural_proxy_generator_v1,proxy candidate for yellow_triangle,prototype_gate,reject,prototype_label_mismatch,2,blue_x,0.9147608564082538,36.79791648376228,0.22967473447712417,0.17071795684657798,,,"{""source_low_shot_index"": 12}"
1,9850e19784b719,procedural_proxy,label_drift,,3,yellow_triangle,1,green_circle,1,direct_label_preservation,procedural_proxy_generator_v1,proxy candidate for yellow_triangle,prototype_gate,reject,prototype_label_mismatch,1,green_circle,0.9291995207955972,28.032710864024022,0.23564389297385624,0.19278753309801414,,,"{""source_low_shot_index"": 12}"
1,e4b898ede9c98f,procedural_proxy,label_drift,,3,yellow_triangle,0,red_square,1,direct_label_preservation,procedural_proxy_generator_v1,proxy candidate for yellow_triangle,prototype_gate,reject,prototype_label_mismatch,0,red_square,0.9492909131470225,37.300785202404484,0.1893892973856209,0.2527756452993263,,,"{""source_low_shot_index"": 12}"
1,b391d7d4e289e1,procedural_proxy,artifact,,3,yellow_triangle,3,yellow_triangle,1,direct_label_preservation,procedural_proxy_generator_v1,proxy candidate for yellow_triangle,prototype_gate,reject,far_from_real_prototype+prototype_label_mismatch,0,red_square,0.812970935801412,130.21007107130163,0.49912045547385614,0.2913323785657202,,,"{""source_low_shot_index"": 12}"
1,df074edcd3f703,procedural_proxy,label_drift,,3,yellow_triangle,4,purple_diamond,1,direct_label_preservation,procedural_proxy_generator_v1,proxy candidate for yellow_triangle,prototype_gate,reject,prototype_label_mismatch,4,purple_diamond,0.7317197759740659,36.1915042794382,0.23009472017973856,0.21043503070546352,,,"{""source_low_shot_index"": 12}"
1,f536c4264f8102,procedural_proxy,artifact,,3,yellow_triangle,3,yellow_triangle,1,direct_label_preservation,procedural_proxy_generator_v1,proxy candidate for yellow_triangle,prototype_gate,reject,far_from_real_prototype+prototype_label_mismatch,0,red_square,0.8645061464001897,131.28772116807536,0.5005118974673203,0.28942823120777766,,,"{""source_low_shot_index"": 12}"
1,c3485b432a762f,procedural_proxy,label_drift,,3,yellow_triangle,2,blue_x,1,direct_label_preservation,procedural_proxy_generator_v1,proxy candidate for yellow_triangle,prototype_gate,reject,prototype_label_mismatch,0,red_square,0.9441675816928778,31.470222781984752,0.17928666258169934,0.19416656087745635,,,"{""source_low_shot_index"": 12}"
1,74d12d70f8681b,procedural_proxy,label_drift,,3,yellow_triangle,0,red_square,1,direct_label_preservation,procedural_proxy_generator_v1,proxy candidate for yellow_triangle,prototype_gate,reject,prototype_label_mismatch,0,red_square,0.972482923298744,55.404508825729835,0.3216235191993464,0.2175271494605555,,,"{""source_low_shot_index"": 12}"
1,0d146370ac0329,procedural_proxy,label_drift,,3,yellow_triangle,1,green_circle,1,direct_label_preservation,procedural_proxy_generator_v1,proxy candidate for yellow_triangle,prototype_gate,reject,low_confidence+prototype_label_mismatch,0,red_square,0.4678906915659494,31.714221304880343,0.2404654309640523,0.13513693654676318,,,"{""source_low_shot_index"": 12}"
1,ac6bffc3423512,procedural_proxy,label_drift,,3,yellow_triangle,1,green_circle,1,direct_label_preservation,procedural_proxy_generator_v1,proxy candidate for yellow_triangle,prototype_gate,reject,prototype_label_mismatch,4,purple_diamond,0.9862802888726283,34.990776861586546,0.25926649305555555,0.27353391218634465,,,"{""source_low_shot_index"": 12}"
1,a3c2b81ba9cf6d,procedural_proxy,label_drift,,3,yellow_triangle,1,green_circle,1,direct_label_preservation,procedural_proxy_generator_v1,proxy candidate for yellow_triangle,prototype_gate,reject,prototype_label_mismatch,1,green_circle,0.8138895823552578,28.5385233839068,0.18200571895424836,0.1609893641051016,,,"{""source_low_shot_index"": 12}"
1,3eb33588883a64,procedural_proxy,label_drift,,3,yellow_triangle,1,green_circle,1,direct_label_preservation,procedural_proxy_generator_v1,proxy candidate for yellow_triangle,prototype_gate,reject,low_confidence,3,yellow_triangle,0.43120258014517215,36.22867347774325,0.24885493259803926,0.14279175932335994,,,"{""source_low_shot_index"": 13}"
1,527a0c27068e1d,procedural_proxy,label_drift,,3,yellow_triangle,4,purple_diamond,1,direct_label_preservation,procedural_proxy_generator_v1,proxy candidate for yellow_triangle,prototype_gate,reject,prototype_label_mismatch,4,purple_diamond,0.7325460344150889,42.20274568330427,0.21233660130718954,0.27181850167993654,,,"{""source_low_shot_index"": 13}"
1,3e0add680d9dbc,procedural_proxy,label_drift,,3,yellow_triangle,0,red_square,1,direct_label_preservation,procedural_proxy_generator_v1,proxy candidate for yellow_triangle,prototype_gate,reject,prototype_label_mismatch,0,red_square,0.9392919855093713,28.619527877159193,0.2434334150326797,0.17507173653437055,,,"{""source_low_shot_index"": 13}"
1,894b0a7ce079fa,procedural_proxy,artifact,,3,yellow_triangle,3,yellow_triangle,1,direct_label_preservation,procedural_proxy_generator_v1,proxy candidate for yellow_triangle,prototype_gate,reject,far_from_real_prototype+prototype_label_mismatch,0,red_square,0.8364587951862983,130.6319459946432,0.49537888071895425,0.288748031580581,,,"{""source_low_shot_index"": 13}"
1,19d281235a5e0a,procedural_proxy,label_drift,,3,yellow_triangle,1,green_circle,1,direct_label_preservation,procedural_proxy_generator_v1,proxy candidate for yellow_triangle,prototype_gate,reject,prototype_label_mismatch,2,blue_x,0.6322387422198025,27.87241364837981,0.20390624999999998,0.1491743255006085,,,"{""source_low_shot_index"": 13}"
1,db6849fa4c2c4b,procedural_proxy,label_drift,,3,yellow_triangle,1,green_circle,1,direct_label_preservation,procedural_proxy_generator_v1,proxy candidate for yellow_triangle,prototype_gate,retain,retain,3,yellow_triangle,0.663092652260884,33.28578014505984,0.22734885620915032,0.2509181716353425,,,"{""source_low_shot_index"": 13}"
1,dff2f30119f1c2,procedural_proxy,label_drift,,3,yellow_triangle,4,purple_diamond,1,direct_label_preservation,procedural_proxy_generator_v1,proxy candidate for yellow_triangle,prototype_gate,reject,prototype_label_mismatch,2,blue_x,0.5717181189895557,40.51892310082617,0.2516556883169934,0.2540121226916684,,,"{""source_low_shot_index"": 13}"
1,3fa8bce4687e3a,procedural_proxy,label_drift,,3,yellow_triangle,0,red_square,1,direct_label_preservation,procedural_proxy_generator_v1,proxy candidate for yellow_triangle,prototype_gate,reject,prototype_label_mismatch,4,purple_diamond,0.7326267806091717,37.51065869465556,0.18164190155228757,0.18678771601171204,,,"{""source_low_shot_index"": 13}"
1,283e4f69260892,procedural_proxy,label_drift,,3,yellow_triangle,1,green_circle,1,direct_label_preservation,procedural_proxy_generator_v1,proxy candidate for yellow_triangle,prototype_gate,reject,prototype_label_mismatch,4,purple_diamond,0.8657436205256288,28.87491172195866,0.16764961192810457,0.16198370683054614,,,"{""source_low_shot_index"": 13}"
1,c19c612518fbf8,procedural_proxy,label_drift,,3,yellow_triangle,4,purple_diamond,1,direct_label_preservation,procedural_proxy_generator_v1,proxy candidate for yellow_triangle,prototype_gate,reject,prototype_label_mismatch,0,red_square,0.5101201556503172,35.895435456671365,0.27190563725490197,0.23239052708039815,,,"{""source_low_shot_index"": 13}"
1,60855fb2772b4c,procedural_proxy,label_drift,,3,yellow_triangle,1,green_circle,1,direct_label_preservation,procedural_proxy_generator_v1,proxy candidate for yellow_triangle,prototype_gate,reject,prototype_label_mismatch,2,blue_x,0.5006036874970243,44.85759789345582,0.2603375204248366,0.1499969650070806,,,"{""source_low_shot_index"": 13}"
1,3c8bda61afc75f,procedural_proxy,label_drift,,3,yellow_triangle,2,blue_x,1,direct_label_preservation,procedural_proxy_generator_v1,proxy candidate for yellow_triangle,prototype_gate,reject,prototype_label_mismatch,2,blue_x,0.9611289139574094,27.768419990451715,0.2276424632352941,0.1310552125972291,,,"{""source_low_shot_index"": 13}"
1,a47ffac3c13c51,procedural_proxy,artifact,,3,yellow_triangle,3,yellow_triangle,1,direct_label_preservation,procedural_proxy_generator_v1,proxy candidate for yellow_triangle,prototype_gate,reject,far_from_real_prototype+prototype_label_mismatch,0,red_square,0.8497797538705398,132.96611603075553,0.5055159824346406,0.28900518354373583,,,"{""source_low_shot_index"": 13}"
1,7dd82630c43aec,procedural_proxy,label_drift,,3,yellow_triangle,1,green_circle,1,direct_label_preservation,procedural_proxy_generator_v1,proxy candidate for yellow_triangle,prototype_gate,reject,prototype_label_mismatch,1,green_circle,0.9498902384150981,34.65238726039205,0.18881357230392157,0.18022496481651865,,,"{""source_low_shot_index"": 13}"
1,55c532a2355b0a,procedural_proxy,label_drift,,3,yellow_triangle,1,green_circle,1,direct_label_preservation,procedural_proxy_generator_v1,proxy candidate for yellow_triangle,prototype_gate,reject,prototype_label_mismatch,1,green_circle,0.5295495506297839,40.113204034402735,0.2018892973856209,0.23481094627659668,,,"{""source_low_shot_index"": 13}"
1,6fed177a9aa621,procedural_proxy,useful,,3,yellow_triangle,3,yellow_triangle,0,direct_label_preservation,procedural_proxy_generator_v1,proxy candidate for yellow_triangle,prototype_gate,retain,retain,3,yellow_triangle,0.9735520079689113,31.946819930150173,0.2970575469771242,0.23913201037571313,,,"{""source_low_shot_index"": 13}"
1,96f51d49f4341b,procedural_proxy,label_drift,,3,yellow_triangle,1,green_circle,1,direct_label_preservation,procedural_proxy_generator_v1,proxy candidate for yellow_triangle,prototype_gate,retain,retain,3,yellow_triangle,0.5223553085979122,39.37159628249949,0.28424223856209146,0.20442025013302692,,,"{""source_low_shot_index"": 13}"
1,2e1493a12e3009,procedural_proxy,useful,,3,yellow_triangle,3,yellow_triangle,0,direct_label_preservation,procedural_proxy_generator_v1,proxy candidate for yellow_triangle,prototype_gate,retain,retain,3,yellow_triangle,0.9201562352424174,23.675100558630362,0.27582720588235293,0.2246940793089578,,,"{""source_low_shot_index"": 13}"
1,c95af7e4ce6364,procedural_proxy,label_drift,,3,yellow_triangle,2,blue_x,1,direct_label_preservation,procedural_proxy_generator_v1,proxy candidate for yellow_triangle,prototype_gate,reject,prototype_label_mismatch,2,blue_x,0.9650548053773405,30.022941218774054,0.2231438929738562,0.14061790784083053,,,"{""source_low_shot_index"": 13}"
1,e31e6195f8ada8,procedural_proxy,label_drift,,3,yellow_triangle,1,green_circle,1,direct_label_preservation,procedural_proxy_generator_v1,proxy candidate for yellow_triangle,prototype_gate,reject,prototype_label_mismatch,1,green_circle,0.6282964517874062,41.63488748301565,0.2294858047385621,0.16052812828031762,,,"{""source_low_shot_index"": 13}"
1,adb4a26f988872,procedural_proxy,useful,,3,yellow_triangle,3,yellow_triangle,0,direct_label_preservation,procedural_proxy_generator_v1,proxy candidate for yellow_triangle,prototype_gate,reject,prototype_label_mismatch,0,red_square,0.92967758978003,38.4941841997632,0.27152011846405233,0.23863237053298378,,,"{""source_low_shot_index"": 14}"
1,52d80e8e2c0c78,procedural_proxy,artifact,,3,yellow_triangle,3,yellow_triangle,1,direct_label_preservation,procedural_proxy_generator_v1,proxy candidate for yellow_triangle,prototype_gate,reject,far_from_real_prototype+prototype_label_mismatch,0,red_square,0.846990391124238,132.58194909666187,0.504421977124183,0.2883930916568857,,,"{""source_low_shot_index"": 14}"
1,e71ebbc8f9f4b0,procedural_proxy,useful,,3,yellow_triangle,3,yellow_triangle,0,direct_label_preservation,procedural_proxy_generator_v1,proxy candidate for yellow_triangle,prototype_gate,retain,retain,3,yellow_triangle,0.9893395336052299,25.427559509767683,0.2705524918300654,0.2229122509146446,,,"{""source_low_shot_index"": 14}"
1,1294953026e305,procedural_proxy,label_drift,,3,yellow_triangle,0,red_square,1,direct_label_preservation,procedural_proxy_generator_v1,proxy candidate for yellow_triangle,prototype_gate,reject,prototype_label_mismatch,1,green_circle,0.9617616358707461,25.607604969600107,0.2117251327614379,0.14350367554395344,,,"{""source_low_shot_index"": 14}"
1,080afcf8e19c00,procedural_proxy,useful,,3,yellow_triangle,3,yellow_triangle,0,direct_label_preservation,procedural_proxy_generator_v1,proxy candidate for yellow_triangle,prototype_gate,reject,prototype_label_mismatch,0,red_square,0.8015615018349525,42.02885370650001,0.2441597732843137,0.2766644307958225,,,"{""source_low_shot_index"": 14}"
1,0cc041392740c1,procedural_proxy,label_drift,,3,yellow_triangle,4,purple_diamond,1,direct_label_preservation,procedural_proxy_generator_v1,proxy candidate for yellow_triangle,prototype_gate,reject,prototype_label_mismatch,1,green_circle,0.9508892956471748,40.24367725882264,0.24759880514705881,0.20777436974733512,,,"{""source_low_shot_index"": 14}"
1,cd70d8c5850a59,procedural_proxy,useful,,3,yellow_triangle,3,yellow_triangle,0,direct_label_preservation,procedural_proxy_generator_v1,proxy candidate for yellow_triangle,prototype_gate,retain,retain,3,yellow_triangle,0.9847674211081168,23.489363041323198,0.2400735294117647,0.27058474787880066,,,"{""source_low_shot_index"": 14}"
1,84599e6c0bef4d,procedural_proxy,artifact,,3,yellow_triangle,3,yellow_triangle,1,direct_label_preservation,procedural_proxy_generator_v1,proxy candidate for yellow_triangle,prototype_gate,reject,far_from_real_prototype+prototype_label_mismatch,0,red_square,0.8166345754024226,131.1557096322356,0.5,0.2882756546594462,,,"{""source_low_shot_index"": 14}"
1,bac682a3677f98,procedural_proxy,label_drift,,3,yellow_triangle,1,green_circle,1,direct_label_preservation,procedural_proxy_generator_v1,proxy candidate for yellow_triangle,prototype_gate,reject,prototype_label_mismatch,2,blue_x,0.6440796070207487,44.347419397675345,0.2614698223039216,0.23486197092378258,,,"{""source_low_shot_index"": 14}"
1,2b09d98321924f,procedural_proxy,useful,,3,yellow_triangle,3,yellow_triangle,0,direct_label_preservation,procedural_proxy_generator_v1,proxy candidate for yellow_triangle,prototype_gate,retain,retain,3,yellow_triangle,0.5492907954913494,30.03907541276617,0.21558415032679737,0.2227300242859389,,,"{""source_low_shot_index"": 14}"
1,a9556dfe6e7797,procedural_proxy,label_drift,,3,yellow_triangle,4,purple_diamond,1,direct_label_preservation,procedural_proxy_generator_v1,proxy candidate for yellow_triangle,prototype_gate,reject,low_confidence+prototype_label_mismatch,0,red_square,0.49521910189212176,39.18322167813605,0.2959814133986928,0.15183231906133152,,,"{""source_low_shot_index"": 14}"
1,b539531e900a7e,procedural_proxy,artifact,,3,yellow_triangle,3,yellow_triangle,1,direct_label_preservation,procedural_proxy_generator_v1,proxy candidate for yellow_triangle,prototype_gate,reject,far_from_real_prototype+prototype_label_mismatch,0,red_square,0.8135130105203233,128.94979600371647,0.49549249387254896,0.288740343931988,,,"{""source_low_shot_index"": 14}"
1,e14dc2c2c6e8a4,procedural_proxy,useful,,3,yellow_triangle,3,yellow_triangle,0,direct_label_preservation,procedural_proxy_generator_v1,proxy candidate for yellow_triangle,prototype_gate,retain,retain,3,yellow_triangle,0.5746203699324837,48.746079344624235,0.21313444648692811,0.3187021674151036,,,"{""source_low_shot_index"": 14}"
1,289af29c376f9d,procedural_proxy,label_drift,,3,yellow_triangle,4,purple_diamond,1,direct_label_preservation,procedural_proxy_generator_v1,proxy candidate for yellow_triangle,prototype_gate,retain,retain,3,yellow_triangle,0.663122168995736,41.86078676500427,0.2814389297385621,0.18046641915643252,,,"{""source_low_shot_index"": 14}"
1,3a938177af689e,procedural_proxy,label_drift,,3,yellow_triangle,1,green_circle,1,direct_label_preservation,procedural_proxy_generator_v1,proxy candidate for yellow_triangle,prototype_gate,reject,prototype_label_mismatch,2,blue_x,0.5479891965165667,46.60999438415612,0.23354396446078432,0.20422081273745935,,,"{""source_low_shot_index"": 14}"
1,f387ea624cb8e2,procedural_proxy,artifact,,3,yellow_triangle,3,yellow_triangle,1,direct_label_preservation,procedural_proxy_generator_v1,proxy candidate for yellow_triangle,prototype_gate,reject,far_from_real_prototype+prototype_label_mismatch,0,red_square,0.8860381560331507,132.0658796536874,0.496960529003268,0.2869198278315041,,,"{""source_low_shot_index"": 14}"
1,0c674d04c0571f,procedural_proxy,useful,,3,yellow_triangle,3,yellow_triangle,0,direct_label_preservation,procedural_proxy_generator_v1,proxy candidate for yellow_triangle,prototype_gate,retain,retain,3,yellow_triangle,0.9803587742591492,35.4946773654669,0.3092333026960784,0.21425206881618053,,,"{""source_low_shot_index"": 14}"
1,02d90d84912710,procedural_proxy,label_drift,,3,yellow_triangle,4,purple_diamond,1,direct_label_preservation,procedural_proxy_generator_v1,proxy candidate for yellow_triangle,prototype_gate,reject,prototype_label_mismatch,2,blue_x,0.5506132355817551,33.24117912746191,0.20623978758169934,0.1872665907936671,,,"{""source_low_shot_index"": 14}"
1,e598d642f2a291,procedural_proxy,label_drift,,3,yellow_triangle,4,purple_diamond,1,direct_label_preservation,procedural_proxy_generator_v1,proxy candidate for yellow_triangle,prototype_gate,reject,prototype_label_mismatch,2,blue_x,0.8672353882477343,32.65102624505045,0.26021624795751636,0.2036039696534884,,,"{""source_low_shot_index"": 14}"
1,0d9803ea89a707,procedural_proxy,useful,,3,yellow_triangle,3,yellow_triangle,0,direct_label_preservation,procedural_proxy_generator_v1,proxy candidate for yellow_triangle,prototype_gate,retain,retain,3,yellow_triangle,0.9830779597978123,21.409755252855646,0.25063699959150326,0.24832011454198963,,,"{""source_low_shot_index"": 14}"
1,e4c6c0bc7792dc,procedural_proxy,label_drift,,3,yellow_triangle,0,red_square,1,direct_label_preservation,procedural_proxy_generator_v1,proxy candidate for yellow_triangle,prototype_gate,reject,prototype_label_mismatch,4,purple_diamond,0.9942139874453526,43.56079773272028,0.24538654003267976,0.28124325726408717,,,"{""source_low_shot_index"": 15}"
1,d85dc520675918,procedural_proxy,label_drift,,3,yellow_triangle,0,red_square,1,direct_label_preservation,procedural_proxy_generator_v1,proxy candidate for yellow_triangle,prototype_gate,reject,prototype_label_mismatch,4,purple_diamond,0.5231722996387016,43.604825404953154,0.1613000408496732,0.23705325678582542,,,"{""source_low_shot_index"": 15}"
1,1978e27b8c4c78,procedural_proxy,label_drift,,3,yellow_triangle,0,red_square,1,direct_label_preservation,procedural_proxy_generator_v1,proxy candidate for yellow_triangle,prototype_gate,retain,retain,3,yellow_triangle,0.9661218351963748,66.8524656997815,0.349249387254902,0.3257487217733711,,,"{""source_low_shot_index"": 15}"
1,77c271c8c74394,procedural_proxy,useful,,3,yellow_triangle,3,yellow_triangle,0,direct_label_preservation,procedural_proxy_generator_v1,proxy candidate for yellow_triangle,prototype_gate,retain,retain,3,yellow_triangle,0.8191254300086924,38.866785124704656,0.227023335375817,0.25092406263756056,,,"{""source_low_shot_index"": 15}"
1,fe9ab181170f3c,procedural_proxy,useful,,3,yellow_triangle,3,yellow_triangle,0,direct_label_preservation,procedural_proxy_generator_v1,proxy candidate for yellow_triangle,prototype_gate,reject,prototype_label_mismatch,0,red_square,0.7816041592760881,34.785979237220914,0.283093341503268,0.2129223590091304,,,"{""source_low_shot_index"": 15}"
1,9159617bdd44e8,procedural_proxy,label_drift,,3,yellow_triangle,1,green_circle,1,direct_label_preservation,procedural_proxy_generator_v1,proxy candidate for yellow_triangle,prototype_gate,reject,prototype_label_mismatch,1,green_circle,0.7144934033072131,44.545268100357255,0.19713158700980393,0.1928682456359431,,,"{""source_low_shot_index"": 15}"
1,c29ca09f04cc10,procedural_proxy,artifact,,3,yellow_triangle,3,yellow_triangle,1,direct_label_preservation,procedural_proxy_generator_v1,proxy candidate for yellow_triangle,prototype_gate,reject,far_from_real_prototype+prototype_label_mismatch,0,red_square,0.8385483068013253,131.26750973042272,0.4987247242647059,0.2857576790043686,,,"{""source_low_shot_index"": 15}"
1,421c51e5c47f7b,procedural_proxy,useful,,3,yellow_triangle,3,yellow_triangle,0,direct_label_preservation,procedural_proxy_generator_v1,proxy candidate for yellow_triangle,prototype_gate,reject,prototype_label_mismatch,4,purple_diamond,0.5216305500015426,41.568823530968025,0.19778518178104576,0.2793808848484286,,,"{""source_low_shot_index"": 15}"
1,7004fa9de9adb3,procedural_proxy,label_drift,,3,yellow_triangle,2,blue_x,1,direct_label_preservation,procedural_proxy_generator_v1,proxy candidate for yellow_triangle,prototype_gate,reject,low_confidence+prototype_label_mismatch,4,purple_diamond,0.3981288971913518,40.8504486484554,0.17008144403594772,0.2063157385044188,,,"{""source_low_shot_index"": 15}"
1,ee3391189cf76a,procedural_proxy,label_drift,,3,yellow_triangle,0,red_square,1,direct_label_preservation,procedural_proxy_generator_v1,proxy candidate for yellow_triangle,prototype_gate,reject,prototype_label_mismatch,0,red_square,0.9970059942201418,33.2103143485623,0.25799377042483657,0.21117023290187564,,,"{""source_low_shot_index"": 15}"
1,9ca9682c13aefc,procedural_proxy,label_drift,,3,yellow_triangle,4,purple_diamond,1,direct_label_preservation,procedural_proxy_generator_v1,proxy candidate for yellow_triangle,prototype_gate,reject,prototype_label_mismatch,4,purple_diamond,0.5746245395990199,23.908327261132662,0.20618361928104575,0.1835504489834386,,,"{""source_low_shot_index"": 15}"
1,ae9a8ff6f32db8,procedural_proxy,label_drift,,3,yellow_triangle,0,red_square,1,direct_label_preservation,procedural_proxy_generator_v1,proxy candidate for yellow_triangle,prototype_gate,reject,prototype_label_mismatch,0,red_square,0.9248082296732362,57.8712674018468,0.2716720281862745,0.18223579517070604,,,"{""source_low_shot_index"": 15}"
1,cafa90a4bb8304,procedural_proxy,label_drift,,3,yellow_triangle,1,green_circle,1,direct_label_preservation,procedural_proxy_generator_v1,proxy candidate for yellow_triangle,prototype_gate,reject,prototype_label_mismatch,2,blue_x,0.5277845615666884,42.312211180194346,0.16006306168300655,0.18040862759835183,,,"{""source_low_shot_index"": 15}"
1,443d9b8878b8c6,procedural_proxy,artifact,,3,yellow_triangle,3,yellow_triangle,1,direct_label_preservation,procedural_proxy_generator_v1,proxy candidate for yellow_triangle,prototype_gate,reject,far_from_real_prototype+prototype_label_mismatch,0,red_square,0.8631399433991951,135.8882773854598,0.5305887459150327,0.30069263764105486,,,"{""source_low_shot_index"": 15}"
1,bcc88b2f317342,procedural_proxy,label_drift,,3,yellow_triangle,2,blue_x,1,direct_label_preservation,procedural_proxy_generator_v1,proxy candidate for yellow_triangle,prototype_gate,reject,prototype_label_mismatch,2,blue_x,0.7819726692093861,35.04889020068128,0.2111698325163399,0.16566462928330417,,,"{""source_low_shot_index"": 15}"
1,fcd3b55f1b3222,procedural_proxy,label_drift,,3,yellow_triangle,0,red_square,1,direct_label_preservation,procedural_proxy_generator_v1,proxy candidate for yellow_triangle,prototype_gate,reject,prototype_label_mismatch,4,purple_diamond,0.9782310603285017,38.63307614053241,0.19290109272875813,0.27255366988330043,,,"{""source_low_shot_index"": 15}"
1,667c1c915760ac,procedural_proxy,artifact,,3,yellow_triangle,3,yellow_triangle,1,direct_label_preservation,procedural_proxy_generator_v1,proxy candidate for yellow_triangle,prototype_gate,reject,far_from_real_prototype+prototype_label_mismatch,0,red_square,0.8251449865063953,129.33417563257473,0.5037058312908497,0.280540168428511,,,"{""source_low_shot_index"": 15}"
1,6d34de1d7530d4,procedural_proxy,label_drift,,3,yellow_triangle,1,green_circle,1,direct_label_preservation,procedural_proxy_generator_v1,proxy candidate for yellow_triangle,prototype_gate,reject,low_confidence+prototype_label_mismatch,1,green_circle,0.41193937612785364,44.98125780823858,0.23401501225490198,0.1961468321229903,,,"{""source_low_shot_index"": 15}"
1,3a7db61cd9871c,procedural_proxy,label_drift,,3,yellow_triangle,0,red_square,1,direct_label_preservation,procedural_proxy_generator_v1,proxy candidate for yellow_triangle,prototype_gate,reject,prototype_label_mismatch,0,red_square,0.9701405865041737,31.28318440710293,0.2506612540849673,0.1271213539832078,,,"{""source_low_shot_index"": 15}"
1,5798f96028716b,procedural_proxy,label_drift,,3,yellow_triangle,2,blue_x,1,direct_label_preservation,procedural_proxy_generator_v1,proxy candidate for yellow_triangle,prototype_gate,reject,prototype_label_mismatch,4,purple_diamond,0.9037162960363546,51.32010263231465,0.15187397875816994,0.23732511771648043,,,"{""source_low_shot_index"": 15}"
1,9964f05544eedc,procedural_proxy,label_drift,,4,purple_diamond,1,green_circle,1,direct_label_preservation,procedural_proxy_generator_v1,proxy candidate for purple_diamond,prototype_gate,reject,prototype_label_mismatch,2,blue_x,0.6263311879437237,32.16874427173973,0.17731949550653595,0.15153748374995746,,,"{""source_low_shot_index"": 16}"
1,041cb6c140180e,procedural_proxy,artifact,,4,purple_diamond,4,purple_diamond,1,direct_label_preservation,procedural_proxy_generator_v1,proxy candidate for purple_diamond,prototype_gate,reject,far_from_real_prototype+prototype_label_mismatch,0,red_square,0.8684498839600465,132.92903907947206,0.5096379697712418,0.2777108468242703,,,"{""source_low_shot_index"": 16}"
1,79b7db6bfafcdb,procedural_proxy,label_drift,,4,purple_diamond,1,green_circle,1,direct_label_preservation,procedural_proxy_generator_v1,proxy candidate for purple_diamond,prototype_gate,reject,prototype_label_mismatch,2,blue_x,0.9378766060811043,32.02085574513474,0.2494638480392157,0.16222334495880344,,,"{""source_low_shot_index"": 16}"
1,4bd6ccfdcd4430,procedural_proxy,artifact,,4,purple_diamond,4,purple_diamond,1,direct_label_preservation,procedural_proxy_generator_v1,proxy candidate for purple_diamond,prototype_gate,reject,far_from_real_prototype+prototype_label_mismatch,0,red_square,0.8438532105871345,132.57880026580008,0.49877833946078437,0.289549455961305,,,"{""source_low_shot_index"": 16}"
1,69501635cc3f01,procedural_proxy,artifact,,4,purple_diamond,4,purple_diamond,1,direct_label_preservation,procedural_proxy_generator_v1,proxy candidate for purple_diamond,prototype_gate,reject,far_from_real_prototype+prototype_label_mismatch,0,red_square,0.8445409198300173,131.39414987968115,0.5083882250816993,0.2847166777022714,,,"{""source_low_shot_index"": 16}"
1,79a32cc358d99d,procedural_proxy,label_drift,,4,purple_diamond,0,red_square,1,direct_label_preservation,procedural_proxy_generator_v1,proxy candidate for purple_diamond,prototype_gate,reject,prototype_label_mismatch,0,red_square,0.9999759974538678,25.26795368722399,0.270101868872549,0.2670171104447657,,,"{""source_low_shot_index"": 16}"
1,3940312ce91f31,procedural_proxy,useful,,4,purple_diamond,4,purple_diamond,0,direct_label_preservation,procedural_proxy_generator_v1,proxy candidate for purple_diamond,prototype_gate,reject,prototype_label_mismatch,0,red_square,0.7622291101530796,42.78943773380881,0.2578188827614379,0.25623509737229083,,,"{""source_low_shot_index"": 16}"
1,7e7eaa2d30c301,procedural_proxy,label_drift,,4,purple_diamond,1,green_circle,1,direct_label_preservation,procedural_proxy_generator_v1,proxy candidate for purple_diamond,prototype_gate,reject,low_confidence+prototype_label_mismatch,2,blue_x,0.43182697440638695,41.25858428218435,0.2474813623366013,0.1787814684446526,,,"{""source_low_shot_index"": 16}"
1,1ca20a507e07bd,procedural_proxy,label_drift,,4,purple_diamond,2,blue_x,1,direct_label_preservation,procedural_proxy_generator_v1,proxy candidate for purple_diamond,prototype_gate,reject,prototype_label_mismatch,2,blue_x,0.6256464800932371,40.41861341188972,0.23123340482026145,0.13709829148217761,,,"{""source_low_shot_index"": 16}"
1,3d2c760cc7d40e,procedural_proxy,useful,,4,purple_diamond,4,purple_diamond,0,direct_label_preservation,procedural_proxy_generator_v1,proxy candidate for purple_diamond,prototype_gate,retain,retain,4,purple_diamond,0.9988886600825241,42.605096812534406,0.227984579248366,0.31785060467280674,,,"{""source_low_shot_index"": 16}"
1,9899fb06d593fb,procedural_proxy,label_drift,,4,purple_diamond,3,yellow_triangle,1,direct_label_preservation,procedural_proxy_generator_v1,proxy candidate for purple_diamond,prototype_gate,reject,prototype_label_mismatch,3,yellow_triangle,0.7738563842345311,35.36907251224279,0.22701184640522878,0.26484051472857256,,,"{""source_low_shot_index"": 16}"
1,1dcb30c64ba897,procedural_proxy,label_drift,,4,purple_diamond,3,yellow_triangle,1,direct_label_preservation,procedural_proxy_generator_v1,proxy candidate for purple_diamond,prototype_gate,reject,prototype_label_mismatch,0,red_square,0.8045876347801177,35.530055840238184,0.26928998161764706,0.2617789370682359,,,"{""source_low_shot_index"": 16}"
1,f5055a8ab1b41f,procedural_proxy,label_drift,,4,purple_diamond,1,green_circle,1,direct_label_preservation,procedural_proxy_generator_v1,proxy candidate for purple_diamond,prototype_gate,reject,low_confidence+prototype_label_mismatch,3,yellow_triangle,0.3427189599220478,40.81804635359484,0.22391748366013067,0.16886460295857827,,,"{""source_low_shot_index"": 16}"
1,60c542773d48ef,procedural_proxy,artifact,,4,purple_diamond,4,purple_diamond,1,direct_label_preservation,procedural_proxy_generator_v1,proxy candidate for purple_diamond,prototype_gate,reject,far_from_real_prototype+prototype_label_mismatch,0,red_square,0.8473192734968229,128.39090637875202,0.4974034926470588,0.2891344192273079,,,"{""source_low_shot_index"": 16}"
1,97286bdb5fe3a9,procedural_proxy,label_drift,,4,purple_diamond,1,green_circle,1,direct_label_preservation,procedural_proxy_generator_v1,proxy candidate for purple_diamond,prototype_gate,reject,prototype_label_mismatch,1,green_circle,0.9559782609746498,27.467331311745337,0.17617825776143792,0.19568964121945112,,,"{""source_low_shot_index"": 16}"
1,ecca5db67c2020,procedural_proxy,useful,,4,purple_diamond,4,purple_diamond,0,direct_label_preservation,procedural_proxy_generator_v1,proxy candidate for purple_diamond,prototype_gate,reject,prototype_label_mismatch,2,blue_x,0.5170573586250601,22.741131631055225,0.21552287581699345,0.17382705716265334,,,"{""source_low_shot_index"": 16}"
1,f1bc8ddb4d2df2,procedural_proxy,useful,,4,purple_diamond,4,purple_diamond,0,direct_label_preservation,procedural_proxy_generator_v1,proxy candidate for purple_diamond,prototype_gate,reject,prototype_label_mismatch,0,red_square,0.6492117241354209,42.61033948990375,0.2689963745915032,0.1547451533096897,,,"{""source_low_shot_index"": 16}"
1,680bd0a7842b29,procedural_proxy,label_drift,,4,purple_diamond,3,yellow_triangle,1,direct_label_preservation,procedural_proxy_generator_v1,proxy candidate for purple_diamond,prototype_gate,reject,low_confidence+prototype_label_mismatch,0,red_square,0.4866277503103279,55.257540924213075,0.24410360498366013,0.2652850348231057,,,"{""source_low_shot_index"": 16}"
1,e5e308ba873067,procedural_proxy,useful,,4,purple_diamond,4,purple_diamond,0,direct_label_preservation,procedural_proxy_generator_v1,proxy candidate for purple_diamond,prototype_gate,reject,prototype_label_mismatch,2,blue_x,0.9051890631241274,25.156669649603487,0.26992187500000003,0.20910335996709398,,,"{""source_low_shot_index"": 16}"
1,1d14635f77b3b2,procedural_proxy,label_drift,,4,purple_diamond,1,green_circle,1,direct_label_preservation,procedural_proxy_generator_v1,proxy candidate for purple_diamond,prototype_gate,reject,prototype_label_mismatch,1,green_circle,0.9647820175083147,34.38042081285419,0.24353936887254898,0.23389762407688522,,,"{""source_low_shot_index"": 16}"
1,6184ae9116d72c,procedural_proxy,useful,,4,purple_diamond,4,purple_diamond,0,direct_label_preservation,procedural_proxy_generator_v1,proxy candidate for purple_diamond,prototype_gate,reject,low_confidence+prototype_label_mismatch,2,blue_x,0.48017544071470697,40.26230645207982,0.25727379493464053,0.21044189879274244,,,"{""source_low_shot_index"": 17}"
1,45c01674ca5f4e,procedural_proxy,useful,,4,purple_diamond,4,purple_diamond,0,direct_label_preservation,procedural_proxy_generator_v1,proxy candidate for purple_diamond,prototype_gate,reject,prototype_label_mismatch,0,red_square,0.5704890970820106,46.60168015682683,0.25735421772875816,0.27493296259128,,,"{""source_low_shot_index"": 17}"
1,840fc3e9363e11,procedural_proxy,label_drift,,4,purple_diamond,2,blue_x,1,direct_label_preservation,procedural_proxy_generator_v1,proxy candidate for purple_diamond,prototype_gate,reject,prototype_label_mismatch,2,blue_x,0.6138139334687873,29.355098844568047,0.21182853349673203,0.12972829498031677,,,"{""source_low_shot_index"": 17}"
1,5f0676b4190cd7,procedural_proxy,label_drift,,4,purple_diamond,2,blue_x,1,direct_label_preservation,procedural_proxy_generator_v1,proxy candidate for purple_diamond,prototype_gate,reject,low_confidence,4,purple_diamond,0.4710703846435046,41.3747131361473,0.15723677491830065,0.18878870448344517,,,"{""source_low_shot_index"": 17}"
1,085d2b7cf92adb,procedural_proxy,useful,,4,purple_diamond,4,purple_diamond,0,direct_label_preservation,procedural_proxy_generator_v1,proxy candidate for purple_diamond,prototype_gate,retain,retain,4,purple_diamond,0.9854350008202679,40.09637277146233,0.24833026960784313,0.3051268882462326,,,"{""source_low_shot_index"": 17}"
1,48bb55f468e875,procedural_proxy,label_drift,,4,purple_diamond,3,yellow_triangle,1,direct_label_preservation,procedural_proxy_generator_v1,proxy candidate for purple_diamond,prototype_gate,reject,prototype_label_mismatch,0,red_square,0.5542036289860366,39.859177505160126,0.26839128880718954,0.150750551512907,,,"{""source_low_shot_index"": 17}"
1,907a2022bfec4e,procedural_proxy,useful,,4,purple_diamond,4,purple_diamond,0,direct_label_preservation,procedural_proxy_generator_v1,proxy candidate for purple_diamond,prototype_gate,reject,low_confidence+prototype_label_mismatch,2,blue_x,0.44957998564715795,58.68197019868579,0.3295840992647059,0.15617475548526763,,,"{""source_low_shot_index"": 17}"
1,6705deb4ad5520,procedural_proxy,artifact,,4,purple_diamond,4,purple_diamond,1,direct_label_preservation,procedural_proxy_generator_v1,proxy candidate for purple_diamond,prototype_gate,reject,far_from_real_prototype+prototype_label_mismatch,0,red_square,0.7939084297888203,118.36710788895066,0.4535411560457516,0.2779485258244362,,,"{""source_low_shot_index"": 17}"
1,b00828801b31d1,procedural_proxy,label_drift,,4,purple_diamond,0,red_square,1,direct_label_preservation,procedural_proxy_generator_v1,proxy candidate for purple_diamond,prototype_gate,reject,prototype_label_mismatch,0,red_square,0.9883086277772118,30.402159436720588,0.267016441993464,0.20719754266196966,,,"{""source_low_shot_index"": 17}"
1,849755f360667b,procedural_proxy,label_drift,,4,purple_diamond,0,red_square,1,direct_label_preservation,procedural_proxy_generator_v1,proxy candidate for purple_diamond,prototype_gate,reject,prototype_label_mismatch,2,blue_x,0.7006142106970531,36.909152654712614,0.24446486928104574,0.20613563431248166,,,"{""source_low_shot_index"": 17}"
1,917e024ff321dd,procedural_proxy,label_drift,,4,purple_diamond,3,yellow_triangle,1,direct_label_preservation,procedural_proxy_generator_v1,proxy candidate for purple_diamond,prototype_gate,reject,prototype_label_mismatch,3,yellow_triangle,0.6276332313497874,29.647400484204532,0.2988357843137255,0.23562376114281672,,,"{""source_low_shot_index"": 17}"
1,fc7aeb53daf046,procedural_proxy,label_drift,,4,purple_diamond,1,green_circle,1,direct_label_preservation,procedural_proxy_generator_v1,proxy candidate for purple_diamond,prototype_gate,retain,retain,4,purple_diamond,0.9664271113242934,20.30666570428599,0.23374565972222225,0.21874934822060332,,,"{""source_low_shot_index"": 17}"
1,fadcddebc2ee61,procedural_proxy,artifact,,4,purple_diamond,4,purple_diamond,1,direct_label_preservation,procedural_proxy_generator_v1,proxy candidate for purple_diamond,prototype_gate,reject,far_from_real_prototype+prototype_label_mismatch,0,red_square,0.8167364113196086,140.9327598835284,0.5428781147875816,0.2649658364993235,,,"{""source_low_shot_index"": 17}"
1,037ecbac1a43dd,procedural_proxy,useful,,4,purple_diamond,4,purple_diamond,0,direct_label_preservation,procedural_proxy_generator_v1,proxy candidate for purple_diamond,prototype_gate,reject,prototype_label_mismatch,2,blue_x,0.7275329353262253,24.587187697918253,0.2578112234477124,0.21710782718740623,,,"{""source_low_shot_index"": 17}"
1,d45b17cc3c356b,procedural_proxy,label_drift,,4,purple_diamond,0,red_square,1,direct_label_preservation,procedural_proxy_generator_v1,proxy candidate for purple_diamond,prototype_gate,reject,prototype_label_mismatch,0,red_square,0.9353727593820187,39.04382987441656,0.25505387050653594,0.277434600256925,,,"{""source_low_shot_index"": 17}"
1,b7adf324b4141a,procedural_proxy,label_drift,,4,purple_diamond,2,blue_x,1,direct_label_preservation,procedural_proxy_generator_v1,proxy candidate for purple_diamond,prototype_gate,reject,prototype_label_mismatch,0,red_square,0.5565054118548266,39.147176471915685,0.17142820669934636,0.18503171938453827,,,"{""source_low_shot_index"": 17}"
1,19b231413829e9,procedural_proxy,label_drift,,4,purple_diamond,2,blue_x,1,direct_label_preservation,procedural_proxy_generator_v1,proxy candidate for purple_diamond,prototype_gate,retain,retain,4,purple_diamond,0.8798589278399637,28.112616523147032,0.1597452001633987,0.1725241875908393,,,"{""source_low_shot_index"": 17}"
1,593cf13fcded41,procedural_proxy,label_drift,,4,purple_diamond,2,blue_x,1,direct_label_preservation,procedural_proxy_generator_v1,proxy candidate for purple_diamond,prototype_gate,reject,prototype_label_mismatch,1,green_circle,0.6953619663730549,47.61516857483634,0.2135812397875817,0.15245163456714772,,,"{""source_low_shot_index"": 17}"
1,a7ed5f4c797569,procedural_proxy,label_drift,,4,purple_diamond,3,yellow_triangle,1,direct_label_preservation,procedural_proxy_generator_v1,proxy candidate for purple_diamond,prototype_gate,reject,prototype_label_mismatch,3,yellow_triangle,0.9649400115515877,38.69352135211092,0.2861557904411765,0.25446345302999396,,,"{""source_low_shot_index"": 17}"
1,0f75bd1a25c963,procedural_proxy,label_drift,,4,purple_diamond,3,yellow_triangle,1,direct_label_preservation,procedural_proxy_generator_v1,proxy candidate for purple_diamond,prototype_gate,reject,prototype_label_mismatch,0,red_square,0.6367448707477434,47.213013641223945,0.3263684640522876,0.19267213240338846,,,"{""source_low_shot_index"": 17}"
1,65402c7fc879dc,procedural_proxy,artifact,,4,purple_diamond,4,purple_diamond,1,direct_label_preservation,procedural_proxy_generator_v1,proxy candidate for purple_diamond,prototype_gate,reject,far_from_real_prototype+prototype_label_mismatch,0,red_square,0.8439836826344312,133.77257527581543,0.5072929432189542,0.2869121067852639,,,"{""source_low_shot_index"": 18}"
1,22457ec3f9e30b,procedural_proxy,useful,,4,purple_diamond,4,purple_diamond,0,direct_label_preservation,procedural_proxy_generator_v1,proxy candidate for purple_diamond,prototype_gate,reject,prototype_label_mismatch,2,blue_x,0.6964028781206031,30.11212998468031,0.27124948937908494,0.1881194200417249,,,"{""source_low_shot_index"": 18}"
1,304747d0e6cbaf,procedural_proxy,label_drift,,4,purple_diamond,1,green_circle,1,direct_label_preservation,procedural_proxy_generator_v1,proxy candidate for purple_diamond,prototype_gate,reject,prototype_label_mismatch,1,green_circle,0.9969798016095203,27.950952010646684,0.21748876633986924,0.19390925079472499,,,"{""source_low_shot_index"": 18}"
1,f67edde11bf1a0,procedural_proxy,label_drift,,4,purple_diamond,1,green_circle,1,direct_label_preservation,procedural_proxy_generator_v1,proxy candidate for purple_diamond,prototype_gate,reject,prototype_label_mismatch,1,green_circle,0.5144165433846962,55.33940819064174,0.21067835988562092,0.2343313215685194,,,"{""source_low_shot_index"": 18}"
1,eaae6cc4514a89,procedural_proxy,label_drift,,4,purple_diamond,3,yellow_triangle,1,direct_label_preservation,procedural_proxy_generator_v1,proxy candidate for purple_diamond,prototype_gate,reject,low_confidence,4,purple_diamond,0.4408770378086322,57.32696988250851,0.2688482945261438,0.23864155596792527,,,"{""source_low_shot_index"": 18}"
1,9219e10a94101a,procedural_proxy,label_drift,,4,purple_diamond,1,green_circle,1,direct_label_preservation,procedural_proxy_generator_v1,proxy candidate for purple_diamond,prototype_gate,reject,prototype_label_mismatch,0,red_square,0.5615746698402606,37.15936286619794,0.2488753574346405,0.12828355517557594,,,"{""source_low_shot_index"": 18}"
1,8ead20cfaa7658,procedural_proxy,useful,,4,purple_diamond,4,purple_diamond,0,direct_label_preservation,procedural_proxy_generator_v1,proxy candidate for purple_diamond,prototype_gate,retain,retain,4,purple_diamond,0.998982554599307,30.320369901051752,0.243484477124183,0.28982230745532717,,,"{""source_low_shot_index"": 18}"
1,ca7b3ea58e5ae9,procedural_proxy,label_drift,,4,purple_diamond,1,green_circle,1,direct_label_preservation,procedural_proxy_generator_v1,proxy candidate for purple_diamond,prototype_gate,reject,prototype_label_mismatch,1,green_circle,0.7574347745036859,30.091977608968048,0.2482702716503268,0.20464497240042345,,,"{""source_low_shot_index"": 18}"
1,dd61e718a77187,procedural_proxy,label_drift,,4,purple_diamond,3,yellow_triangle,1,direct_label_preservation,procedural_proxy_generator_v1,proxy candidate for purple_diamond,prototype_gate,reject,prototype_label_mismatch,0,red_square,0.6728677483674365,21.624102158801183,0.2004033905228758,0.1432096589821094,,,"{""source_low_shot_index"": 18}"
1,f0d71d9ce995a1,procedural_proxy,label_drift,,4,purple_diamond,2,blue_x,1,direct_label_preservation,procedural_proxy_generator_v1,proxy candidate for purple_diamond,prototype_gate,reject,prototype_label_mismatch,0,red_square,0.9144673161863237,39.3085423071691,0.24276067197712417,0.193781102056451,,,"{""source_low_shot_index"": 18}"
1,ba4c941a11c3ad,procedural_proxy,artifact,,4,purple_diamond,4,purple_diamond,1,direct_label_preservation,procedural_proxy_generator_v1,proxy candidate for purple_diamond,prototype_gate,reject,far_from_real_prototype+prototype_label_mismatch,0,red_square,0.8424676898153406,135.23889729769053,0.533655024509804,0.311315785566569,,,"{""source_low_shot_index"": 18}"
1,f68ab3a468ef2c,procedural_proxy,label_drift,,4,purple_diamond,2,blue_x,1,direct_label_preservation,procedural_proxy_generator_v1,proxy candidate for purple_diamond,prototype_gate,reject,low_confidence+prototype_label_mismatch,2,blue_x,0.3875663246546106,41.03033783919494,0.17734630310457514,0.18238729245020752,,,"{""source_low_shot_index"": 18}"
1,042e0982d22855,procedural_proxy,label_drift,,4,purple_diamond,0,red_square,1,direct_label_preservation,procedural_proxy_generator_v1,proxy candidate for purple_diamond,prototype_gate,reject,prototype_label_mismatch,3,yellow_triangle,0.7510054943610763,33.7234943760016,0.23972120098039218,0.17300141335919347,,,"{""source_low_shot_index"": 18}"
1,457300db9c7a46,procedural_proxy,label_drift,,4,purple_diamond,2,blue_x,1,direct_label_preservation,procedural_proxy_generator_v1,proxy candidate for purple_diamond,prototype_gate,reject,prototype_label_mismatch,2,blue_x,0.9660854940071615,32.77168034911497,0.24403977736928104,0.18367006514444964,,,"{""source_low_shot_index"": 18}"
1,563e7b39f7e971,procedural_proxy,useful,,4,purple_diamond,4,purple_diamond,0,direct_label_preservation,procedural_proxy_generator_v1,proxy candidate for purple_diamond,prototype_gate,retain,retain,4,purple_diamond,0.6642252644753499,47.484114030653785,0.20353222017973857,0.258720753494809,,,"{""source_low_shot_index"": 18}"
1,773e8426675e8f,procedural_proxy,useful,,4,purple_diamond,4,purple_diamond,0,direct_label_preservation,procedural_proxy_generator_v1,proxy candidate for purple_diamond,prototype_gate,retain,retain,4,purple_diamond,0.8793349950361441,40.54133339468181,0.20545598447712418,0.26177306010195867,,,"{""source_low_shot_index"": 18}"
1,400678a1cb5785,procedural_proxy,label_drift,,4,purple_diamond,3,yellow_triangle,1,direct_label_preservation,procedural_proxy_generator_v1,proxy candidate for purple_diamond,prototype_gate,reject,prototype_label_mismatch,3,yellow_triangle,0.8290664553317879,26.960610785261096,0.2384842218137255,0.25559133035959575,,,"{""source_low_shot_index"": 18}"
1,e9b11bc26ce1ab,procedural_proxy,label_drift,,4,purple_diamond,3,yellow_triangle,1,direct_label_preservation,procedural_proxy_generator_v1,proxy candidate for purple_diamond,prototype_gate,reject,prototype_label_mismatch,3,yellow_triangle,0.9616778115892968,26.80576185079065,0.26272212009803925,0.2511072762536129,,,"{""source_low_shot_index"": 18}"
1,8df5b7a3c37ee5,procedural_proxy,label_drift,,4,purple_diamond,1,green_circle,1,direct_label_preservation,procedural_proxy_generator_v1,proxy candidate for purple_diamond,prototype_gate,reject,low_confidence+prototype_label_mismatch,3,yellow_triangle,0.35894762542363656,27.04317423106117,0.21113536560457513,0.1488996288423503,,,"{""source_low_shot_index"": 18}"
1,b92b96b53499f3,procedural_proxy,label_drift,,4,purple_diamond,1,green_circle,1,direct_label_preservation,procedural_proxy_generator_v1,proxy candidate for purple_diamond,prototype_gate,reject,low_confidence+prototype_label_mismatch,3,yellow_triangle,0.46553940544635086,35.858533039481784,0.23382480596405228,0.19111046798361273,,,"{""source_low_shot_index"": 18}"
1,838828a7f7c1c9,procedural_proxy,label_drift,,4,purple_diamond,0,red_square,1,direct_label_preservation,procedural_proxy_generator_v1,proxy candidate for purple_diamond,prototype_gate,reject,prototype_label_mismatch,3,yellow_triangle,0.5157086394634932,39.42632635383706,0.21167534722222223,0.20083934160707254,,,"{""source_low_shot_index"": 19}"
1,168d4b0797a7c2,procedural_proxy,label_drift,,4,purple_diamond,3,yellow_triangle,1,direct_label_preservation,procedural_proxy_generator_v1,proxy candidate for purple_diamond,prototype_gate,reject,low_confidence+prototype_label_mismatch,0,red_square,0.4969576449254216,64.46868840107443,0.20546492034313726,0.27997546974426674,,,"{""source_low_shot_index"": 19}"
1,8f0b49830ceee9,procedural_proxy,useful,,4,purple_diamond,4,purple_diamond,0,direct_label_preservation,procedural_proxy_generator_v1,proxy candidate for purple_diamond,prototype_gate,reject,prototype_label_mismatch,2,blue_x,0.5617155192419604,46.07253074963202,0.23228656045751636,0.2715319701355589,,,"{""source_low_shot_index"": 19}"
1,f4ac90ba246107,procedural_proxy,useful,,4,purple_diamond,4,purple_diamond,0,direct_label_preservation,procedural_proxy_generator_v1,proxy candidate for purple_diamond,prototype_gate,reject,prototype_label_mismatch,0,red_square,0.5055304817200401,46.88998347571749,0.23742340686274507,0.17138669637592555,,,"{""source_low_shot_index"": 19}"
1,c23fa827bd8b99,procedural_proxy,label_drift,,4,purple_diamond,0,red_square,1,direct_label_preservation,procedural_proxy_generator_v1,proxy candidate for purple_diamond,prototype_gate,reject,low_confidence+prototype_label_mismatch,2,blue_x,0.31519364531491545,33.14046732961927,0.17355366625816993,0.19062301242504787,,,"{""source_low_shot_index"": 19}"
1,c5bf94e95ae150,procedural_proxy,label_drift,,4,purple_diamond,0,red_square,1,direct_label_preservation,procedural_proxy_generator_v1,proxy candidate for purple_diamond,prototype_gate,reject,prototype_label_mismatch,0,red_square,0.7408014046014925,41.10348805497939,0.22030228758169934,0.23264109813201547,,,"{""source_low_shot_index"": 19}"
1,1411d178abaa44,procedural_proxy,useful,,4,purple_diamond,4,purple_diamond,0,direct_label_preservation,procedural_proxy_generator_v1,proxy candidate for purple_diamond,prototype_gate,reject,prototype_label_mismatch,2,blue_x,0.8510308257939506,31.47724553522491,0.27884752859477124,0.17362276111836394,,,"{""source_low_shot_index"": 19}"
1,c11cde8a50ebab,procedural_proxy,label_drift,,4,purple_diamond,1,green_circle,1,direct_label_preservation,procedural_proxy_generator_v1,proxy candidate for purple_diamond,prototype_gate,reject,prototype_label_mismatch,1,green_circle,0.9861088710948572,43.36447934501568,0.20244076797385616,0.25193570878914895,,,"{""source_low_shot_index"": 19}"
1,1ff7abccf34148,procedural_proxy,label_drift,,4,purple_diamond,3,yellow_triangle,1,direct_label_preservation,procedural_proxy_generator_v1,proxy candidate for purple_diamond,prototype_gate,reject,prototype_label_mismatch,2,blue_x,0.7784655632022258,30.731015603305842,0.20043913398692811,0.21185394502384017,,,"{""source_low_shot_index"": 19}"
1,dc9f7b7f72ef08,procedural_proxy,label_drift,,4,purple_diamond,3,yellow_triangle,1,direct_label_preservation,procedural_proxy_generator_v1,proxy candidate for purple_diamond,prototype_gate,reject,prototype_label_mismatch,3,yellow_triangle,0.5474216354711667,48.10856876739804,0.2682827818627451,0.2953712414211831,,,"{""source_low_shot_index"": 19}"
1,4ddee3e01670e3,procedural_proxy,label_drift,,4,purple_diamond,0,red_square,1,direct_label_preservation,procedural_proxy_generator_v1,proxy candidate for purple_diamond,prototype_gate,reject,prototype_label_mismatch,3,yellow_triangle,0.6477831192640284,40.152274988889324,0.24105264501633986,0.20337310343016887,,,"{""source_low_shot_index"": 19}"
1,16de9c0ab993d3,procedural_proxy,label_drift,,4,purple_diamond,2,blue_x,1,direct_label_preservation,procedural_proxy_generator_v1,proxy candidate for purple_diamond,prototype_gate,reject,prototype_label_mismatch,2,blue_x,0.733276255818196,40.88923741763258,0.2473498774509804,0.18665020429112714,,,"{""source_low_shot_index"": 19}"
1,74bdfa6dde2cb1,procedural_proxy,label_drift,,4,purple_diamond,2,blue_x,1,direct_label_preservation,procedural_proxy_generator_v1,proxy candidate for purple_diamond,prototype_gate,reject,prototype_label_mismatch,2,blue_x,0.5130041558458571,33.78547175730841,0.22840839460784315,0.12110879389229022,,,"{""source_low_shot_index"": 19}"
1,5d3fcea082681e,procedural_proxy,useful,,4,purple_diamond,4,purple_diamond,0,direct_label_preservation,procedural_proxy_generator_v1,proxy candidate for purple_diamond,prototype_gate,reject,prototype_label_mismatch,0,red_square,0.7108415398340302,31.31041679607471,0.23063725490196077,0.16806432301315638,,,"{""source_low_shot_index"": 19}"
1,4726086a045322,procedural_proxy,label_drift,,4,purple_diamond,1,green_circle,1,direct_label_preservation,procedural_proxy_generator_v1,proxy candidate for purple_diamond,prototype_gate,reject,prototype_label_mismatch,1,green_circle,0.811028545569751,24.03895594310998,0.17765522875816994,0.13052764416727144,,,"{""source_low_shot_index"": 19}"
1,73ef7067ac631d,procedural_proxy,label_drift,,4,purple_diamond,2,blue_x,1,direct_label_preservation,procedural_proxy_generator_v1,proxy candidate for purple_diamond,prototype_gate,reject,prototype_label_mismatch,2,blue_x,0.6940801138068708,37.56896596425367,0.19397212009803924,0.1562264939632012,,,"{""source_low_shot_index"": 19}"
1,ff8c8b86895bd9,procedural_proxy,label_drift,,4,purple_diamond,2,blue_x,1,direct_label_preservation,procedural_proxy_generator_v1,proxy candidate for purple_diamond,prototype_gate,reject,prototype_label_mismatch,0,red_square,0.8192661519088937,45.35518323213104,0.20481515522875815,0.19434314985095158,,,"{""source_low_shot_index"": 19}"
1,dc7e3e50ed9f61,procedural_proxy,label_drift,,4,purple_diamond,0,red_square,1,direct_label_preservation,procedural_proxy_generator_v1,proxy candidate for purple_diamond,prototype_gate,reject,low_confidence+prototype_label_mismatch,3,yellow_triangle,0.3689125696455842,44.46596473682815,0.21971252042483658,0.2632610217950143,,,"{""source_low_shot_index"": 19}"
1,272cae2320dfd9,procedural_proxy,useful,,4,purple_diamond,4,purple_diamond,0,direct_label_preservation,procedural_proxy_generator_v1,proxy candidate for purple_diamond,prototype_gate,reject,prototype_label_mismatch,2,blue_x,0.5385460260363677,39.61256104476791,0.2675142973856209,0.26967490698110375,,,"{""source_low_shot_index"": 19}"
1,9a3963bb37ede4,procedural_proxy,label_drift,,4,purple_diamond,3,yellow_triangle,1,direct_label_preservation,procedural_proxy_generator_v1,proxy candidate for purple_diamond,prototype_gate,reject,prototype_label_mismatch,0,red_square,0.9237806646796475,42.012786441807954,0.28687704248366014,0.17447709069711684,,,"{""source_low_shot_index"": 19}"
2,00ee86a13d04a9,procedural_proxy,label_drift,,0,red_square,3,yellow_triangle,1,direct_label_preservation,procedural_proxy_generator_v1,proxy candidate for red_square,prototype_gate,reject,prototype_label_mismatch,3,yellow_triangle,0.7058353704152691,61.26929000025263,0.22273539624183006,0.3209902811221059,,,"{""source_low_shot_index"": 0}"
2,5a1feb164be2d1,procedural_proxy,label_drift,,0,red_square,2,blue_x,1,direct_label_preservation,procedural_proxy_generator_v1,proxy candidate for red_square,prototype_gate,reject,prototype_label_mismatch,4,purple_diamond,0.8548022455675868,37.92358240057005,0.16325699550653597,0.20070768073125025,,,"{""source_low_shot_index"": 0}"
2,ab3d702c50419f,procedural_proxy,label_drift,,0,red_square,4,purple_diamond,1,direct_label_preservation,procedural_proxy_generator_v1,proxy candidate for red_square,prototype_gate,reject,prototype_label_mismatch,1,green_circle,0.9918782716978108,19.058898824288022,0.21774535334967324,0.17674755393636155,,,"{""source_low_shot_index"": 0}"
2,0399b9457fb404,procedural_proxy,artifact,,0,red_square,0,red_square,1,direct_label_preservation,procedural_proxy_generator_v1,proxy candidate for red_square,prototype_gate,reject,far_from_real_prototype+prototype_label_mismatch,2,blue_x,0.9209884341653038,135.1417458536493,0.5290083741830065,0.27964217916468503,,,"{""source_low_shot_index"": 0}"
2,6e8e5f1c85c6a0,procedural_proxy,label_drift,,0,red_square,2,blue_x,1,direct_label_preservation,procedural_proxy_generator_v1,proxy candidate for red_square,prototype_gate,retain,retain,0,red_square,0.5536223888218521,48.57648515141097,0.12586167279411764,0.21122642107373418,,,"{""source_low_shot_index"": 0}"
2,d3790be893564d,procedural_proxy,label_drift,,0,red_square,4,purple_diamond,1,direct_label_preservation,procedural_proxy_generator_v1,proxy candidate for red_square,prototype_gate,retain,retain,0,red_square,0.6550813527147591,39.27633793081558,0.16802747140522875,0.25936441672180843,,,"{""source_low_shot_index"": 0}"
2,680e1db477ab23,procedural_proxy,label_drift,,0,red_square,4,purple_diamond,1,direct_label_preservation,procedural_proxy_generator_v1,proxy candidate for red_square,prototype_gate,reject,prototype_label_mismatch,4,purple_diamond,0.793728860558076,40.31616023365574,0.24134369893790844,0.19747412803371484,,,"{""source_low_shot_index"": 0}"
2,4b1f0cdebc5faa,procedural_proxy,label_drift,,0,red_square,3,yellow_triangle,1,direct_label_preservation,procedural_proxy_generator_v1,proxy candidate for red_square,prototype_gate,reject,prototype_label_mismatch,2,blue_x,0.8069908795084502,40.80194670464308,0.3045700571895425,0.2401238511311171,,,"{""source_low_shot_index"": 0}"
2,3b6c985bb14416,procedural_proxy,label_drift,,0,red_square,2,blue_x,1,direct_label_preservation,procedural_proxy_generator_v1,proxy candidate for red_square,prototype_gate,reject,prototype_label_mismatch,2,blue_x,0.6238731201088469,33.440099115802674,0.23264910130718955,0.18641072160071862,,,"{""source_low_shot_index"": 0}"
2,a83122522d215d,procedural_proxy,useful,,0,red_square,0,red_square,0,direct_label_preservation,procedural_proxy_generator_v1,proxy candidate for red_square,prototype_gate,reject,prototype_label_mismatch,3,yellow_triangle,0.8949523450359959,29.62165496831136,0.20396497140522876,0.18507070956317223,,,"{""source_low_shot_index"": 0}"
2,2dd66a29c86458,procedural_proxy,artifact,,0,red_square,0,red_square,1,direct_label_preservation,procedural_proxy_generator_v1,proxy candidate for red_square,prototype_gate,reject,far_from_real_prototype+prototype_label_mismatch,3,yellow_triangle,0.5801304960608089,140.0469291013269,0.5446959252450979,0.2940073552414954,,,"{""source_low_shot_index"": 0}"
2,88d706820cf9d7,procedural_proxy,label_drift,,0,red_square,3,yellow_triangle,1,direct_label_preservation,procedural_proxy_generator_v1,proxy candidate for red_square,prototype_gate,reject,prototype_label_mismatch,3,yellow_triangle,0.960410779979737,65.37326315285733,0.2644416360294118,0.319947429665895,,,"{""source_low_shot_index"": 0}"
2,52b6211dac7289,procedural_proxy,label_drift,,0,red_square,3,yellow_triangle,1,direct_label_preservation,procedural_proxy_generator_v1,proxy candidate for red_square,prototype_gate,reject,prototype_label_mismatch,2,blue_x,0.7385398996947259,38.891582225223154,0.26587903390522877,0.11153583605348534,,,"{""source_low_shot_index"": 0}"
2,43303bd0e6cad0,procedural_proxy,useful,,0,red_square,0,red_square,0,direct_label_preservation,procedural_proxy_generator_v1,proxy candidate for red_square,prototype_gate,retain,retain,0,red_square,0.5355174790896281,38.93995358813321,0.21832107843137252,0.27842543247210716,,,"{""source_low_shot_index"": 0}"
2,91ab1863107f20,procedural_proxy,artifact,,0,red_square,0,red_square,1,direct_label_preservation,procedural_proxy_generator_v1,proxy candidate for red_square,prototype_gate,reject,far_from_real_prototype+prototype_label_mismatch,2,blue_x,0.8108185162339064,129.59360250056793,0.4883335886437908,0.2938682227210734,,,"{""source_low_shot_index"": 0}"
2,cbeea11dbf8bbf,procedural_proxy,useful,,0,red_square,0,red_square,0,direct_label_preservation,procedural_proxy_generator_v1,proxy candidate for red_square,prototype_gate,reject,low_confidence+prototype_label_mismatch,3,yellow_triangle,0.4524671787927512,43.61488620968103,0.23619153390522876,0.2416186254586706,,,"{""source_low_shot_index"": 0}"
2,85468f9a5c0e39,procedural_proxy,label_drift,,0,red_square,3,yellow_triangle,1,direct_label_preservation,procedural_proxy_generator_v1,proxy candidate for red_square,prototype_gate,retain,retain,0,red_square,0.9434724000031917,40.00533946519311,0.21917892156862742,0.3031417498024571,,,"{""source_low_shot_index"": 0}"
2,a1bde979163507,procedural_proxy,useful,,0,red_square,0,red_square,0,direct_label_preservation,procedural_proxy_generator_v1,proxy candidate for red_square,prototype_gate,retain,retain,0,red_square,0.9542804254949385,48.089293568857556,0.2006063623366013,0.24404175529580294,,,"{""source_low_shot_index"": 0}"
2,80b7a3fd95dc02,procedural_proxy,label_drift,,0,red_square,3,yellow_triangle,1,direct_label_preservation,procedural_proxy_generator_v1,proxy candidate for red_square,prototype_gate,reject,low_confidence+prototype_label_mismatch,2,blue_x,0.33598199269352236,57.491523255258095,0.24728987949346404,0.246557382729298,,,"{""source_low_shot_index"": 0}"
2,968475c899844a,procedural_proxy,label_drift,,0,red_square,3,yellow_triangle,1,direct_label_preservation,procedural_proxy_generator_v1,proxy candidate for red_square,prototype_gate,reject,prototype_label_mismatch,3,yellow_triangle,0.5698807336683138,57.487765523070664,0.2647594975490196,0.24891946807197282,,,"{""source_low_shot_index"": 0}"
2,06b9d8e6a3a914,procedural_proxy,artifact,,0,red_square,0,red_square,1,direct_label_preservation,procedural_proxy_generator_v1,proxy candidate for red_square,prototype_gate,reject,far_from_real_prototype+prototype_label_mismatch,2,blue_x,0.8109990630844323,129.49745410423043,0.49455422794117654,0.28839364666677136,,,"{""source_low_shot_index"": 1}"
2,a24c3cbf0f104f,procedural_proxy,label_drift,,0,red_square,1,green_circle,1,direct_label_preservation,procedural_proxy_generator_v1,proxy candidate for red_square,prototype_gate,reject,prototype_label_mismatch,2,blue_x,0.9778784846365286,39.99481965408994,0.23490987540849673,0.17956961813934305,,,"{""source_low_shot_index"": 1}"
2,89fff15ac66a7b,procedural_proxy,useful,,0,red_square,0,red_square,0,direct_label_preservation,procedural_proxy_generator_v1,proxy candidate for red_square,prototype_gate,reject,prototype_label_mismatch,2,blue_x,0.9281522662876543,55.1258230090957,0.26846915849673203,0.19211393706853896,,,"{""source_low_shot_index"": 1}"
2,cde8722f156494,procedural_proxy,label_drift,,0,red_square,2,blue_x,1,direct_label_preservation,procedural_proxy_generator_v1,proxy candidate for red_square,prototype_gate,reject,prototype_label_mismatch,3,yellow_triangle,0.6938990836415038,37.500074020208935,0.2442950878267974,0.1871628233350454,,,"{""source_low_shot_index"": 1}"
2,15050b34837b39,procedural_proxy,useful,,0,red_square,0,red_square,0,direct_label_preservation,procedural_proxy_generator_v1,proxy candidate for red_square,prototype_gate,reject,prototype_label_mismatch,3,yellow_triangle,0.8968243174169386,36.075544870555106,0.18931653390522873,0.15360018375680984,,,"{""source_low_shot_index"": 1}"
2,af2dc22f462bdd,procedural_proxy,label_drift,,0,red_square,2,blue_x,1,direct_label_preservation,procedural_proxy_generator_v1,proxy candidate for red_square,prototype_gate,reject,prototype_label_mismatch,3,yellow_triangle,0.8253545433081461,38.87393754750682,0.1709124795751634,0.17704581548842221,,,"{""source_low_shot_index"": 1}"
2,a6605b0e0efd1c,procedural_proxy,useful,,0,red_square,0,red_square,0,direct_label_preservation,procedural_proxy_generator_v1,proxy candidate for red_square,prototype_gate,reject,prototype_label_mismatch,2,blue_x,0.6942053676456188,60.23320708795131,0.3106541053921568,0.1561171839284498,,,"{""source_low_shot_index"": 1}"
2,c520e45108177f,procedural_proxy,artifact,,0,red_square,0,red_square,1,direct_label_preservation,procedural_proxy_generator_v1,proxy candidate for red_square,prototype_gate,reject,far_from_real_prototype+prototype_label_mismatch,3,yellow_triangle,0.7199138176845121,127.11214939695677,0.48240655637254903,0.29966887672010034,,,"{""source_low_shot_index"": 1}"
2,a2748fba7e92b3,procedural_proxy,label_drift,,0,red_square,2,blue_x,1,direct_label_preservation,procedural_proxy_generator_v1,proxy candidate for red_square,prototype_gate,reject,prototype_label_mismatch,1,green_circle,0.9709364112462824,30.177663566410033,0.22036994485294117,0.1849929710687135,,,"{""source_low_shot_index"": 1}"
2,6e5de3e4f46c6b,procedural_proxy,label_drift,,0,red_square,1,green_circle,1,direct_label_preservation,procedural_proxy_generator_v1,proxy candidate for red_square,prototype_gate,reject,low_confidence+prototype_label_mismatch,1,green_circle,0.4141003845680736,36.523966005944814,0.2466656454248366,0.2511803036019706,,,"{""source_low_shot_index"": 1}"
2,0cd0bbc6a07a59,procedural_proxy,artifact,,0,red_square,0,red_square,1,direct_label_preservation,procedural_proxy_generator_v1,proxy candidate for red_square,prototype_gate,reject,far_from_real_prototype+prototype_label_mismatch,2,blue_x,0.7579692077370417,134.6780548301655,0.5079695159313725,0.29170070730092795,,,"{""source_low_shot_index"": 1}"
2,f562e30eb9a4be,procedural_proxy,useful,,0,red_square,0,red_square,0,direct_label_preservation,procedural_proxy_generator_v1,proxy candidate for red_square,prototype_gate,reject,prototype_label_mismatch,2,blue_x,0.8169176976995823,41.259369864140425,0.2751838235294118,0.20959524167080357,,,"{""source_low_shot_index"": 1}"
2,a63c5100ddc24f,procedural_proxy,artifact,,0,red_square,0,red_square,1,direct_label_preservation,procedural_proxy_generator_v1,proxy candidate for red_square,prototype_gate,reject,far_from_real_prototype+prototype_label_mismatch,2,blue_x,0.7186545762102917,131.34351093134993,0.4991549223856209,0.29076644163746945,,,"{""source_low_shot_index"": 1}"
2,32aace55a72d54,procedural_proxy,artifact,,0,red_square,0,red_square,1,direct_label_preservation,procedural_proxy_generator_v1,proxy candidate for red_square,prototype_gate,reject,low_confidence+far_from_real_prototype+prototype_label_mismatch,2,blue_x,0.4963804677393792,132.96327560500842,0.5104256025326798,0.3003575702749866,,,"{""source_low_shot_index"": 1}"
2,b29bc9f7bc171b,procedural_proxy,label_drift,,0,red_square,2,blue_x,1,direct_label_preservation,procedural_proxy_generator_v1,proxy candidate for red_square,prototype_gate,reject,low_confidence+prototype_label_mismatch,1,green_circle,0.29954341171555277,43.46689359137251,0.20693040236928106,0.1646467945192544,,,"{""source_low_shot_index"": 1}"
2,77beef92e9840a,procedural_proxy,useful,,0,red_square,0,red_square,0,direct_label_preservation,procedural_proxy_generator_v1,proxy candidate for red_square,prototype_gate,retain,retain,0,red_square,0.9553284713180257,33.98209405949887,0.1801547181372549,0.23209057453871437,,,"{""source_low_shot_index"": 1}"
2,76f152de0bc635,procedural_proxy,label_drift,,0,red_square,1,green_circle,1,direct_label_preservation,procedural_proxy_generator_v1,proxy candidate for red_square,prototype_gate,reject,prototype_label_mismatch,4,purple_diamond,0.5772304193203526,54.48264894644449,0.21352124183006535,0.23444860240208293,,,"{""source_low_shot_index"": 1}"
2,5223c6d48a0fa5,procedural_proxy,label_drift,,0,red_square,1,green_circle,1,direct_label_preservation,procedural_proxy_generator_v1,proxy candidate for red_square,prototype_gate,reject,prototype_label_mismatch,2,blue_x,0.9193873580809744,33.835221498065366,0.23385544321895424,0.1786064345062041,,,"{""source_low_shot_index"": 1}"
2,0ae60cae1136fa,procedural_proxy,label_drift,,0,red_square,2,blue_x,1,direct_label_preservation,procedural_proxy_generator_v1,proxy candidate for red_square,prototype_gate,reject,prototype_label_mismatch,2,blue_x,0.9609737669253736,28.167707962985695,0.20508195465686274,0.12285708884947066,,,"{""source_low_shot_index"": 1}"
2,b9e7982f9a6219,procedural_proxy,label_drift,,0,red_square,2,blue_x,1,direct_label_preservation,procedural_proxy_generator_v1,proxy candidate for red_square,prototype_gate,reject,prototype_label_mismatch,2,blue_x,0.8465118341515152,36.50170454066432,0.22766927083333333,0.16808135243961086,,,"{""source_low_shot_index"": 1}"
2,07b426bdfb1a39,procedural_proxy,useful,,0,red_square,0,red_square,0,direct_label_preservation,procedural_proxy_generator_v1,proxy candidate for red_square,prototype_gate,reject,prototype_label_mismatch,2,blue_x,0.6354436694458917,31.13986205947871,0.24225388071895426,0.1754345626678647,,,"{""source_low_shot_index"": 2}"
2,07abd21607c147,procedural_proxy,label_drift,,0,red_square,3,yellow_triangle,1,direct_label_preservation,procedural_proxy_generator_v1,proxy candidate for red_square,prototype_gate,retain,retain,0,red_square,0.9924127932974142,27.388307337550078,0.14281173406862743,0.19641467841209898,,,"{""source_low_shot_index"": 2}"
2,1eb939b2fbdb97,procedural_proxy,useful,,0,red_square,0,red_square,0,direct_label_preservation,procedural_proxy_generator_v1,proxy candidate for red_square,prototype_gate,reject,prototype_label_mismatch,2,blue_x,0.8831019485505354,42.62362267416348,0.2500625510620915,0.1959174522808573,,,"{""source_low_shot_index"": 2}"
2,301001fc842984,procedural_proxy,label_drift,,0,red_square,1,green_circle,1,direct_label_preservation,procedural_proxy_generator_v1,proxy candidate for red_square,prototype_gate,retain,retain,0,red_square,0.9889594582576617,30.53058152634628,0.17023463031045752,0.2151553996540553,,,"{""source_low_shot_index"": 2}"
2,45e772be77017c,procedural_proxy,label_drift,,0,red_square,2,blue_x,1,direct_label_preservation,procedural_proxy_generator_v1,proxy candidate for red_square,prototype_gate,reject,prototype_label_mismatch,2,blue_x,0.986355433800614,37.62891354218289,0.26989762050653593,0.1765763079501339,,,"{""source_low_shot_index"": 2}"
2,5ade08c4b51369,procedural_proxy,useful,,0,red_square,0,red_square,0,direct_label_preservation,procedural_proxy_generator_v1,proxy candidate for red_square,prototype_gate,reject,prototype_label_mismatch,3,yellow_triangle,0.8511891794718716,45.405193338724416,0.2931781045751634,0.1937469338817775,,,"{""source_low_shot_index"": 2}"
2,9d009fac7f10e6,procedural_proxy,artifact,,0,red_square,0,red_square,1,direct_label_preservation,procedural_proxy_generator_v1,proxy candidate for red_square,prototype_gate,reject,far_from_real_prototype+prototype_label_mismatch,2,blue_x,0.7047961103025768,140.76915174133248,0.5463043811274509,0.2932001134678135,,,"{""source_low_shot_index"": 2}"
2,b44e9271afab8e,procedural_proxy,artifact,,0,red_square,0,red_square,1,direct_label_preservation,procedural_proxy_generator_v1,proxy candidate for red_square,prototype_gate,reject,far_from_real_prototype+prototype_label_mismatch,2,blue_x,0.9252136199722208,107.84457225099423,0.40854013480392154,0.2994204608268917,,,"{""source_low_shot_index"": 2}"
2,6ebacad0623fc5,procedural_proxy,label_drift,,0,red_square,4,purple_diamond,1,direct_label_preservation,procedural_proxy_generator_v1,proxy candidate for red_square,prototype_gate,reject,prototype_label_mismatch,3,yellow_triangle,0.7024607388919856,36.567327853525626,0.20643892973856204,0.23733405736214017,,,"{""source_low_shot_index"": 2}"
2,c03b13c900a266,procedural_proxy,label_drift,,0,red_square,4,purple_diamond,1,direct_label_preservation,procedural_proxy_generator_v1,proxy candidate for red_square,prototype_gate,reject,prototype_label_mismatch,3,yellow_triangle,0.7711294778913823,35.832730003647306,0.212960835375817,0.17023626571201655,,,"{""source_low_shot_index"": 2}"
2,def7a1fde1112a,procedural_proxy,label_drift,,0,red_square,2,blue_x,1,direct_label_preservation,procedural_proxy_generator_v1,proxy candidate for red_square,prototype_gate,reject,prototype_label_mismatch,2,blue_x,0.9711509008541995,26.682465342300574,0.18680555555555556,0.1496351743634764,,,"{""source_low_shot_index"": 2}"
2,3962c6570291de,procedural_proxy,label_drift,,0,red_square,4,purple_diamond,1,direct_label_preservation,procedural_proxy_generator_v1,proxy candidate for red_square,prototype_gate,reject,low_confidence+prototype_label_mismatch,1,green_circle,0.4732157281459521,42.99545852767967,0.16739302491830066,0.20279593806415774,,,"{""source_low_shot_index"": 2}"
2,a5442f6fd94277,procedural_proxy,label_drift,,0,red_square,2,blue_x,1,direct_label_preservation,procedural_proxy_generator_v1,proxy candidate for red_square,prototype_gate,reject,prototype_label_mismatch,2,blue_x,0.7748558681895714,36.00190025623037,0.1737796160130719,0.21499412550659425,,,"{""source_low_shot_index"": 2}"
2,3130bb493ca477,procedural_proxy,label_drift,,0,red_square,4,purple_diamond,1,direct_label_preservation,procedural_proxy_generator_v1,proxy candidate for red_square,prototype_gate,reject,prototype_label_mismatch,2,blue_x,0.9886317887657293,25.715468519528134,0.2416858149509804,0.19530177292415438,,,"{""source_low_shot_index"": 2}"
2,083576e0ce4ad8,procedural_proxy,label_drift,,0,red_square,1,green_circle,1,direct_label_preservation,procedural_proxy_generator_v1,proxy candidate for red_square,prototype_gate,reject,prototype_label_mismatch,1,green_circle,0.5498666786925546,38.72748446942108,0.23638046364379084,0.11893720147133865,,,"{""source_low_shot_index"": 2}"
2,7efee6cd44f27f,procedural_proxy,label_drift,,0,red_square,2,blue_x,1,direct_label_preservation,procedural_proxy_generator_v1,proxy candidate for red_square,prototype_gate,reject,prototype_label_mismatch,1,green_circle,0.8440990018369882,34.3218476691597,0.21582158905228757,0.18421864321122222,,,"{""source_low_shot_index"": 2}"
2,a9421a7f751dea,procedural_proxy,label_drift,,0,red_square,3,yellow_triangle,1,direct_label_preservation,procedural_proxy_generator_v1,proxy candidate for red_square,prototype_gate,reject,prototype_label_mismatch,3,yellow_triangle,0.6606590908962928,40.91927054530846,0.24728222017973858,0.24744172583128365,,,"{""source_low_shot_index"": 2}"
2,c020875508bb46,procedural_proxy,useful,,0,red_square,0,red_square,0,direct_label_preservation,procedural_proxy_generator_v1,proxy candidate for red_square,prototype_gate,retain,retain,0,red_square,0.7952041200959615,41.4426347701238,0.20594107434640527,0.23268853776240567,,,"{""source_low_shot_index"": 2}"
2,a6627c28b44884,procedural_proxy,artifact,,0,red_square,0,red_square,1,direct_label_preservation,procedural_proxy_generator_v1,proxy candidate for red_square,prototype_gate,reject,far_from_real_prototype+prototype_label_mismatch,2,blue_x,0.6364629669456668,121.36932218116263,0.4552083333333334,0.2656195203391038,,,"{""source_low_shot_index"": 2}"
2,5007e00b2b839b,procedural_proxy,label_drift,,0,red_square,1,green_circle,1,direct_label_preservation,procedural_proxy_generator_v1,proxy candidate for red_square,prototype_gate,reject,prototype_label_mismatch,1,green_circle,0.5724914504326464,32.3866999910483,0.13440819035947713,0.15069329642109655,,,"{""source_low_shot_index"": 2}"
2,004520e2145776,procedural_proxy,label_drift,,0,red_square,1,green_circle,1,direct_label_preservation,procedural_proxy_generator_v1,proxy candidate for red_square,prototype_gate,reject,prototype_label_mismatch,3,yellow_triangle,0.5638004800950301,34.69000027887222,0.2182559742647059,0.1296816855140069,,,"{""source_low_shot_index"": 3}"
2,d95833f5e11c24,procedural_proxy,label_drift,,0,red_square,1,green_circle,1,direct_label_preservation,procedural_proxy_generator_v1,proxy candidate for red_square,prototype_gate,reject,prototype_label_mismatch,3,yellow_triangle,0.5675381507688991,51.82865984288346,0.27155713848039215,0.2002497163694216,,,"{""source_low_shot_index"": 3}"
2,ee47b12b4be1b6,procedural_proxy,label_drift,,0,red_square,4,purple_diamond,1,direct_label_preservation,procedural_proxy_generator_v1,proxy candidate for red_square,prototype_gate,reject,prototype_label_mismatch,4,purple_diamond,0.9246028460175373,21.496095661735744,0.19297257965686274,0.17110845270700628,,,"{""source_low_shot_index"": 3}"
2,04548f918b37a3,procedural_proxy,artifact,,0,red_square,0,red_square,1,direct_label_preservation,procedural_proxy_generator_v1,proxy candidate for red_square,prototype_gate,reject,far_from_real_prototype+prototype_label_mismatch,2,blue_x,0.6928032895541443,128.36352721026554,0.4778390522875817,0.2548763883589814,,,"{""source_low_shot_index"": 3}"
2,22551d8adbaa71,procedural_proxy,label_drift,,0,red_square,2,blue_x,1,direct_label_preservation,procedural_proxy_generator_v1,proxy candidate for red_square,prototype_gate,reject,prototype_label_mismatch,1,green_circle,0.9041554112115847,37.5484199915652,0.24232664419934644,0.18245892930339985,,,"{""source_low_shot_index"": 3}"
2,3fd4052269c1e3,procedural_proxy,label_drift,,0,red_square,1,green_circle,1,direct_label_preservation,procedural_proxy_generator_v1,proxy candidate for red_square,prototype_gate,reject,prototype_label_mismatch,2,blue_x,0.8716070134881367,47.732798915914636,0.27559359681372547,0.19130356462637332,,,"{""source_low_shot_index"": 3}"
2,cad700cb5840cc,procedural_proxy,useful,,0,red_square,0,red_square,0,direct_label_preservation,procedural_proxy_generator_v1,proxy candidate for red_square,prototype_gate,retain,retain,0,red_square,0.5912063073212226,30.777583760502733,0.20782398897058826,0.19382073023275426,,,"{""source_low_shot_index"": 3}"
2,7e662bdffa0fcc,procedural_proxy,label_drift,,0,red_square,1,green_circle,1,direct_label_preservation,procedural_proxy_generator_v1,proxy candidate for red_square,prototype_gate,reject,prototype_label_mismatch,2,blue_x,0.9056894302851561,40.51844951981662,0.2735574959150327,0.11161237528238549,,,"{""source_low_shot_index"": 3}"
2,8516b01c205845,procedural_proxy,artifact,,0,red_square,0,red_square,1,direct_label_preservation,procedural_proxy_generator_v1,proxy candidate for red_square,prototype_gate,reject,far_from_real_prototype+prototype_label_mismatch,2,blue_x,0.7922196781084833,129.60606905953244,0.49188495710784313,0.28667561908276673,,,"{""source_low_shot_index"": 3}"
2,3b1e7fd69a3afb,procedural_proxy,label_drift,,0,red_square,1,green_circle,1,direct_label_preservation,procedural_proxy_generator_v1,proxy candidate for red_square,prototype_gate,reject,prototype_label_mismatch,1,green_circle,0.653306649940981,28.734163671603913,0.20429049223856208,0.16384478239461092,,,"{""source_low_shot_index"": 3}"
2,31e806dd575581,procedural_proxy,label_drift,,0,red_square,4,purple_diamond,1,direct_label_preservation,procedural_proxy_generator_v1,proxy candidate for red_square,prototype_gate,reject,prototype_label_mismatch,4,purple_diamond,0.7491627137317508,34.33611524072284,0.2281518075980392,0.24572005312020245,,,"{""source_low_shot_index"": 3}"
2,a489f12e1979ce,procedural_proxy,useful,,0,red_square,0,red_square,0,direct_label_preservation,procedural_proxy_generator_v1,proxy candidate for red_square,prototype_gate,reject,prototype_label_mismatch,2,blue_x,0.8540941161335243,36.10279158473035,0.21482332516339872,0.2134583627377187,,,"{""source_low_shot_index"": 3}"
2,9f8edc635f6fa4,procedural_proxy,label_drift,,0,red_square,3,yellow_triangle,1,direct_label_preservation,procedural_proxy_generator_v1,proxy candidate for red_square,prototype_gate,reject,low_confidence,0,red_square,0.4875158315810885,33.567222302714754,0.21397186478758168,0.21547363388554666,,,"{""source_low_shot_index"": 3}"
2,e422ac23607515,procedural_proxy,label_drift,,0,red_square,2,blue_x,1,direct_label_preservation,procedural_proxy_generator_v1,proxy candidate for red_square,prototype_gate,reject,prototype_label_mismatch,2,blue_x,0.9961186409268217,24.194647089076174,0.2080129187091503,0.13271391636661278,,,"{""source_low_shot_index"": 3}"
2,e0da637647d99e,procedural_proxy,useful,,0,red_square,0,red_square,0,direct_label_preservation,procedural_proxy_generator_v1,proxy candidate for red_square,prototype_gate,retain,retain,0,red_square,0.6581897487378616,44.72689814842467,0.19840175653594772,0.23473521482553622,,,"{""source_low_shot_index"": 3}"
2,452c7c7aebf342,procedural_proxy,label_drift,,0,red_square,4,purple_diamond,1,direct_label_preservation,procedural_proxy_generator_v1,proxy candidate for red_square,prototype_gate,retain,retain,0,red_square,0.9903317431132033,15.132956155641624,0.20514578227124183,0.17509428391988782,,,"{""source_low_shot_index"": 3}"
2,3dbf2f7cf0efee,procedural_proxy,label_drift,,0,red_square,3,yellow_triangle,1,direct_label_preservation,procedural_proxy_generator_v1,proxy candidate for red_square,prototype_gate,reject,prototype_label_mismatch,3,yellow_triangle,0.9882712731137894,36.39910273458703,0.3104179432189543,0.20332294051860456,,,"{""source_low_shot_index"": 3}"
2,7d94b66bd7ff70,procedural_proxy,useful,,0,red_square,0,red_square,0,direct_label_preservation,procedural_proxy_generator_v1,proxy candidate for red_square,prototype_gate,reject,prototype_label_mismatch,3,yellow_triangle,0.886526510188529,30.384118924316684,0.19630565767973854,0.18479478822010542,,,"{""source_low_shot_index"": 3}"
2,3d52349b2ff6de,procedural_proxy,label_drift,,0,red_square,2,blue_x,1,direct_label_preservation,procedural_proxy_generator_v1,proxy candidate for red_square,prototype_gate,reject,prototype_label_mismatch,1,green_circle,0.5133611694644586,30.278021510633934,0.24553972630718957,0.12846155858517788,,,"{""source_low_shot_index"": 3}"
2,27a6a4b124b6a8,procedural_proxy,label_drift,,0,red_square,2,blue_x,1,direct_label_preservation,procedural_proxy_generator_v1,proxy candidate for red_square,prototype_gate,reject,prototype_label_mismatch,2,blue_x,0.8776277508754742,38.13643696724444,0.25237311070261437,0.18359914871516742,,,"{""source_low_shot_index"": 3}"
2,fb6f5c73213102,procedural_proxy,label_drift,,1,green_circle,4,purple_diamond,1,direct_label_preservation,procedural_proxy_generator_v1,proxy candidate for green_circle,prototype_gate,reject,low_confidence+prototype_label_mismatch,4,purple_diamond,0.4696951474203654,39.414784711402554,0.21985677083333335,0.2074664130948127,,,"{""source_low_shot_index"": 4}"
2,708604d55d47ba,procedural_proxy,label_drift,,1,green_circle,3,yellow_triangle,1,direct_label_preservation,procedural_proxy_generator_v1,proxy candidate for green_circle,prototype_gate,reject,prototype_label_mismatch,3,yellow_triangle,0.9058628971156899,29.891159562355295,0.2105455984477124,0.26038651417962894,,,"{""source_low_shot_index"": 4}"
2,11ef7ecff7b29f,procedural_proxy,label_drift,,1,green_circle,0,red_square,1,direct_label_preservation,procedural_proxy_generator_v1,proxy candidate for green_circle,prototype_gate,reject,low_confidence+prototype_label_mismatch,4,purple_diamond,0.48266464582971697,52.957821825915396,0.2954363255718954,0.2550757644201823,,,"{""source_low_shot_index"": 4}"
2,a5b847f4d422d6,procedural_proxy,label_drift,,1,green_circle,4,purple_diamond,1,direct_label_preservation,procedural_proxy_generator_v1,proxy candidate for green_circle,prototype_gate,reject,prototype_label_mismatch,4,purple_diamond,0.9410358279731116,35.75855418387054,0.2323057087418301,0.21242326997033484,,,"{""source_low_shot_index"": 4}"
2,41480ef0fc322f,procedural_proxy,label_drift,,1,green_circle,3,yellow_triangle,1,direct_label_preservation,procedural_proxy_generator_v1,proxy candidate for green_circle,prototype_gate,reject,prototype_label_mismatch,3,yellow_triangle,0.8847466522043803,38.910360743703656,0.2183121425653595,0.25590277344436213,,,"{""source_low_shot_index"": 4}"
2,68bef2c57d81b0,procedural_proxy,label_drift,,1,green_circle,0,red_square,1,direct_label_preservation,procedural_proxy_generator_v1,proxy candidate for green_circle,prototype_gate,reject,prototype_label_mismatch,2,blue_x,0.8100896879883391,42.90757517718067,0.2503523284313725,0.2002667117389087,,,"{""source_low_shot_index"": 4}"
2,3d58d59ad8b756,procedural_proxy,useful,,1,green_circle,1,green_circle,0,direct_label_preservation,procedural_proxy_generator_v1,proxy candidate for green_circle,prototype_gate,reject,prototype_label_mismatch,2,blue_x,0.9400769826246239,27.651505302366857,0.19783369076797386,0.18435757883686774,,,"{""source_low_shot_index"": 4}"
2,f0a745ae3d95a5,procedural_proxy,label_drift,,1,green_circle,4,purple_diamond,1,direct_label_preservation,procedural_proxy_generator_v1,proxy candidate for green_circle,prototype_gate,reject,prototype_label_mismatch,4,purple_diamond,0.8710688721255117,42.073771030601655,0.18480392156862746,0.26955217042542723,,,"{""source_low_shot_index"": 4}"
2,338d8f6a850ae9,procedural_proxy,label_drift,,1,green_circle,0,red_square,1,direct_label_preservation,procedural_proxy_generator_v1,proxy candidate for green_circle,prototype_gate,reject,prototype_label_mismatch,0,red_square,0.9840278933559263,23.007395338938693,0.17363025939542484,0.16980703757210228,,,"{""source_low_shot_index"": 4}"
2,00578c4485cea2,procedural_proxy,useful,,1,green_circle,1,green_circle,0,direct_label_preservation,procedural_proxy_generator_v1,proxy candidate for green_circle,prototype_gate,retain,retain,1,green_circle,0.8586663548291963,46.52251125811193,0.1870442708333333,0.22545611108469757,,,"{""source_low_shot_index"": 4}"
2,08f7487d458110,procedural_proxy,label_drift,,1,green_circle,3,yellow_triangle,1,direct_label_preservation,procedural_proxy_generator_v1,proxy candidate for green_circle,prototype_gate,reject,prototype_label_mismatch,3,yellow_triangle,0.999039508286196,40.65315281016788,0.2664700776143791,0.22127767938586837,,,"{""source_low_shot_index"": 4}"
2,1a3cce8afbf3e1,procedural_proxy,label_drift,,1,green_circle,0,red_square,1,direct_label_preservation,procedural_proxy_generator_v1,proxy candidate for green_circle,prototype_gate,reject,prototype_label_mismatch,3,yellow_triangle,0.6544547537730103,42.276923774785764,0.19776858660130717,0.24496292609395717,,,"{""source_low_shot_index"": 4}"
2,5b7d77a95492d3,procedural_proxy,label_drift,,1,green_circle,2,blue_x,1,direct_label_preservation,procedural_proxy_generator_v1,proxy candidate for green_circle,prototype_gate,retain,retain,1,green_circle,0.9115419226784425,22.084209735970234,0.17110396241830061,0.12697188085922612,,,"{""source_low_shot_index"": 4}"
2,57e84be92777e8,procedural_proxy,label_drift,,1,green_circle,0,red_square,1,direct_label_preservation,procedural_proxy_generator_v1,proxy candidate for green_circle,prototype_gate,reject,prototype_label_mismatch,4,purple_diamond,0.5438622838563995,41.386138466009896,0.2537390216503268,0.26708415583073836,,,"{""source_low_shot_index"": 4}"
2,02a22319e585b4,procedural_proxy,artifact,,1,green_circle,1,green_circle,1,direct_label_preservation,procedural_proxy_generator_v1,proxy candidate for green_circle,prototype_gate,reject,far_from_real_prototype+prototype_label_mismatch,2,blue_x,0.7046636117469363,133.30476772625383,0.4959086499183007,0.28646849962616133,,,"{""source_low_shot_index"": 4}"
2,6dd9e57994a6d1,procedural_proxy,label_drift,,1,green_circle,3,yellow_triangle,1,direct_label_preservation,procedural_proxy_generator_v1,proxy candidate for green_circle,prototype_gate,reject,low_confidence+prototype_label_mismatch,2,blue_x,0.4041943954526561,42.80912573866452,0.1844809538398693,0.20680828073677843,,,"{""source_low_shot_index"": 4}"
2,47a979906b5d80,procedural_proxy,label_drift,,1,green_circle,0,red_square,1,direct_label_preservation,procedural_proxy_generator_v1,proxy candidate for green_circle,prototype_gate,reject,prototype_label_mismatch,3,yellow_triangle,0.6481777337743568,56.83918400100801,0.2982689950980392,0.23617172184149662,,,"{""source_low_shot_index"": 4}"
2,639180b70ffae8,procedural_proxy,artifact,,1,green_circle,1,green_circle,1,direct_label_preservation,procedural_proxy_generator_v1,proxy candidate for green_circle,prototype_gate,reject,far_from_real_prototype+prototype_label_mismatch,2,blue_x,0.8621808662095893,128.51777032180382,0.503836039624183,0.28969888856546333,,,"{""source_low_shot_index"": 4}"
2,095349f1cde58f,procedural_proxy,label_drift,,1,green_circle,4,purple_diamond,1,direct_label_preservation,procedural_proxy_generator_v1,proxy candidate for green_circle,prototype_gate,retain,retain,1,green_circle,0.6197046891633742,49.984079410614946,0.24283471200980392,0.2941188275764393,,,"{""source_low_shot_index"": 4}"
2,19b7d626590308,procedural_proxy,artifact,,1,green_circle,1,green_circle,1,direct_label_preservation,procedural_proxy_generator_v1,proxy candidate for green_circle,prototype_gate,reject,far_from_real_prototype+prototype_label_mismatch,2,blue_x,0.741361075786894,132.7664118599446,0.49798432393790854,0.29088797641254044,,,"{""source_low_shot_index"": 4}"
2,08c23f68113c80,procedural_proxy,useful,,1,green_circle,1,green_circle,0,direct_label_preservation,procedural_proxy_generator_v1,proxy candidate for green_circle,prototype_gate,retain,retain,1,green_circle,0.984971757207322,22.66784817155003,0.18655535130718956,0.16063289695420535,,,"{""source_low_shot_index"": 5}"
2,a94c041609c901,procedural_proxy,label_drift,,1,green_circle,3,yellow_triangle,1,direct_label_preservation,procedural_proxy_generator_v1,proxy candidate for green_circle,prototype_gate,reject,prototype_label_mismatch,3,yellow_triangle,0.9637005514432613,22.58497272701414,0.255358966503268,0.17663349019313035,,,"{""source_low_shot_index"": 5}"
2,6aeb6e1342b93e,procedural_proxy,label_drift,,1,green_circle,0,red_square,1,direct_label_preservation,procedural_proxy_generator_v1,proxy candidate for green_circle,prototype_gate,reject,prototype_label_mismatch,0,red_square,0.7306312385677374,39.93339065681154,0.18922334558823528,0.18572988876529395,,,"{""source_low_shot_index"": 5}"
2,ba10500f35c352,procedural_proxy,label_drift,,1,green_circle,0,red_square,1,direct_label_preservation,procedural_proxy_generator_v1,proxy candidate for green_circle,prototype_gate,reject,low_confidence+prototype_label_mismatch,3,yellow_triangle,0.47681066647416587,44.995560072691056,0.20052083333333334,0.22856223167027237,,,"{""source_low_shot_index"": 5}"
2,db7ad17fae54aa,procedural_proxy,label_drift,,1,green_circle,2,blue_x,1,direct_label_preservation,procedural_proxy_generator_v1,proxy candidate for green_circle,prototype_gate,reject,prototype_label_mismatch,2,blue_x,0.9850192614263092,26.800451212000162,0.1756140216503268,0.13952650229257618,,,"{""source_low_shot_index"": 5}"
2,05261ecc5846f1,procedural_proxy,label_drift,,1,green_circle,3,yellow_triangle,1,direct_label_preservation,procedural_proxy_generator_v1,proxy candidate for green_circle,prototype_gate,reject,prototype_label_mismatch,0,red_square,0.8829502947498072,39.41727548826419,0.16906020220588236,0.25704141577972145,,,"{""source_low_shot_index"": 5}"
2,7297a66aebb8d2,procedural_proxy,label_drift,,1,green_circle,4,purple_diamond,1,direct_label_preservation,procedural_proxy_generator_v1,proxy candidate for green_circle,prototype_gate,reject,low_confidence+prototype_label_mismatch,4,purple_diamond,0.44679988121235037,50.676942438174045,0.31080856821895425,0.22417367279967537,,,"{""source_low_shot_index"": 5}"
2,a0f6afb84fe47c,procedural_proxy,useful,,1,green_circle,1,green_circle,0,direct_label_preservation,procedural_proxy_generator_v1,proxy candidate for green_circle,prototype_gate,retain,retain,1,green_circle,0.842357994741107,29.083126791260828,0.23058619281045753,0.1581547600182268,,,"{""source_low_shot_index"": 5}"
2,b6546da0c80c7d,procedural_proxy,label_drift,,1,green_circle,4,purple_diamond,1,direct_label_preservation,procedural_proxy_generator_v1,proxy candidate for green_circle,prototype_gate,reject,low_confidence+prototype_label_mismatch,0,red_square,0.4441849617162508,55.357029512950675,0.23431755514705885,0.2798482330945972,,,"{""source_low_shot_index"": 5}"
2,77901f399bc9be,procedural_proxy,artifact,,1,green_circle,1,green_circle,1,direct_label_preservation,procedural_proxy_generator_v1,proxy candidate for green_circle,prototype_gate,reject,far_from_real_prototype+prototype_label_mismatch,2,blue_x,0.7173366305131894,132.35064823701933,0.5041053921568627,0.2900234963277309,,,"{""source_low_shot_index"": 5}"
2,4f27ad00bb0834,procedural_proxy,label_drift,,1,green_circle,4,purple_diamond,1,direct_label_preservation,procedural_proxy_generator_v1,proxy candidate for green_circle,prototype_gate,reject,prototype_label_mismatch,2,blue_x,0.9932617760659125,25.471113358082096,0.22372983047385622,0.10877961120459341,,,"{""source_low_shot_index"": 5}"
2,2e6caaebea80b9,procedural_proxy,label_drift,,1,green_circle,3,yellow_triangle,1,direct_label_preservation,procedural_proxy_generator_v1,proxy candidate for green_circle,prototype_gate,retain,retain,1,green_circle,0.610034376791865,42.20429101327583,0.2507186989379085,0.22255407312277742,,,"{""source_low_shot_index"": 5}"
2,dbd05f6e778062,procedural_proxy,useful,,1,green_circle,1,green_circle,0,direct_label_preservation,procedural_proxy_generator_v1,proxy candidate for green_circle,prototype_gate,retain,retain,1,green_circle,0.7874590552519758,41.72376887657307,0.2579427083333334,0.16341474113690965,,,"{""source_low_shot_index"": 5}"
2,f0f9e34ad9d95e,procedural_proxy,label_drift,,1,green_circle,0,red_square,1,direct_label_preservation,procedural_proxy_generator_v1,proxy candidate for green_circle,prototype_gate,reject,prototype_label_mismatch,3,yellow_triangle,0.9745747452384794,46.28898335631715,0.24612949346405225,0.2241433012667313,,,"{""source_low_shot_index"": 5}"
2,99b1835c5f5989,procedural_proxy,label_drift,,1,green_circle,3,yellow_triangle,1,direct_label_preservation,procedural_proxy_generator_v1,proxy candidate for green_circle,prototype_gate,reject,low_confidence+prototype_label_mismatch,0,red_square,0.3898033184363401,27.915690687557518,0.2263250612745098,0.21838994930702643,,,"{""source_low_shot_index"": 5}"
2,42391fd80834d7,procedural_proxy,useful,,1,green_circle,1,green_circle,0,direct_label_preservation,procedural_proxy_generator_v1,proxy candidate for green_circle,prototype_gate,retain,retain,1,green_circle,0.9407820356236899,21.843931854836065,0.1924938725490196,0.18633184253379537,,,"{""source_low_shot_index"": 5}"
2,c6d1ceffe97b5d,procedural_proxy,label_drift,,1,green_circle,2,blue_x,1,direct_label_preservation,procedural_proxy_generator_v1,proxy candidate for green_circle,prototype_gate,reject,prototype_label_mismatch,2,blue_x,0.9867033132292097,41.12356294779183,0.26884574142156864,0.15239784819298902,,,"{""source_low_shot_index"": 5}"
2,f057fe14adef0f,procedural_proxy,useful,,1,green_circle,1,green_circle,0,direct_label_preservation,procedural_proxy_generator_v1,proxy candidate for green_circle,prototype_gate,retain,retain,1,green_circle,0.8853151493748507,23.349385664444842,0.1757276348039216,0.15900330709212432,,,"{""source_low_shot_index"": 5}"
2,d4db750ace5fe1,procedural_proxy,label_drift,,1,green_circle,4,purple_diamond,1,direct_label_preservation,procedural_proxy_generator_v1,proxy candidate for green_circle,prototype_gate,reject,low_confidence+prototype_label_mismatch,4,purple_diamond,0.39649753234852203,35.80913780065534,0.18147850285947711,0.17037832983737444,,,"{""source_low_shot_index"": 5}"
2,804fe3823df5f8,procedural_proxy,artifact,,1,green_circle,1,green_circle,1,direct_label_preservation,procedural_proxy_generator_v1,proxy candidate for green_circle,prototype_gate,reject,far_from_real_prototype+prototype_label_mismatch,2,blue_x,0.9168999544480078,115.33894155185172,0.43267335580065364,0.2797741689996549,,,"{""source_low_shot_index"": 5}"
2,993cb7fbf7d3fd,procedural_proxy,label_drift,,1,green_circle,4,purple_diamond,1,direct_label_preservation,procedural_proxy_generator_v1,proxy candidate for green_circle,prototype_gate,reject,prototype_label_mismatch,2,blue_x,0.6582116462762455,35.61303035353976,0.2953571793300654,0.2110360311774018,,,"{""source_low_shot_index"": 6}"
2,60d39fe491312b,procedural_proxy,useful,,1,green_circle,1,green_circle,0,direct_label_preservation,procedural_proxy_generator_v1,proxy candidate for green_circle,prototype_gate,retain,retain,1,green_circle,0.560424746445138,40.69216541374201,0.24920215482026142,0.2359411564011918,,,"{""source_low_shot_index"": 6}"
2,a852e33ad10770,procedural_proxy,label_drift,,1,green_circle,3,yellow_triangle,1,direct_label_preservation,procedural_proxy_generator_v1,proxy candidate for green_circle,prototype_gate,reject,prototype_label_mismatch,3,yellow_triangle,0.5770882298450968,47.34492970955838,0.25817376429738564,0.28980063553976165,,,"{""source_low_shot_index"": 6}"
2,6c8490c4d6acd3,procedural_proxy,label_drift,,1,green_circle,4,purple_diamond,1,direct_label_preservation,procedural_proxy_generator_v1,proxy candidate for green_circle,prototype_gate,reject,prototype_label_mismatch,4,purple_diamond,0.8860307010808414,26.56607418494147,0.22573018790849672,0.26263163657834715,,,"{""source_low_shot_index"": 6}"
2,0f15db8a52d34e,procedural_proxy,label_drift,,1,green_circle,0,red_square,1,direct_label_preservation,procedural_proxy_generator_v1,proxy candidate for green_circle,prototype_gate,reject,prototype_label_mismatch,4,purple_diamond,0.9373631352980699,48.19371602449396,0.3000242544934641,0.28704850456797043,,,"{""source_low_shot_index"": 6}"
2,6cdbfe2b9825cf,procedural_proxy,label_drift,,1,green_circle,0,red_square,1,direct_label_preservation,procedural_proxy_generator_v1,proxy candidate for green_circle,prototype_gate,reject,prototype_label_mismatch,0,red_square,0.9693029793965502,29.971917236031228,0.1491230085784314,0.19571845612920027,,,"{""source_low_shot_index"": 6}"
2,c878e1e578e24b,procedural_proxy,label_drift,,1,green_circle,3,yellow_triangle,1,direct_label_preservation,procedural_proxy_generator_v1,proxy candidate for green_circle,prototype_gate,reject,prototype_label_mismatch,3,yellow_triangle,0.7461869678728021,37.10284832208434,0.28896165236928106,0.16865010987982001,,,"{""source_low_shot_index"": 6}"
2,cbc9927c5329bb,procedural_proxy,label_drift,,1,green_circle,0,red_square,1,direct_label_preservation,procedural_proxy_generator_v1,proxy candidate for green_circle,prototype_gate,reject,prototype_label_mismatch,0,red_square,0.9309325989870872,53.46459630513768,0.14454146241830065,0.23833584336315003,,,"{""source_low_shot_index"": 6}"
2,5b9450a97274b4,procedural_proxy,label_drift,,1,green_circle,0,red_square,1,direct_label_preservation,procedural_proxy_generator_v1,proxy candidate for green_circle,prototype_gate,reject,prototype_label_mismatch,4,purple_diamond,0.5970054869910952,40.099849100400974,0.22173202614379087,0.22045139940096253,,,"{""source_low_shot_index"": 6}"
2,3a664dddc03a40,procedural_proxy,useful,,1,green_circle,1,green_circle,0,direct_label_preservation,procedural_proxy_generator_v1,proxy candidate for green_circle,prototype_gate,retain,retain,1,green_circle,0.9631411237008072,34.58477193763057,0.27127885008169933,0.15042637532682876,,,"{""source_low_shot_index"": 6}"
2,3fa05313141cd0,procedural_proxy,label_drift,,1,green_circle,4,purple_diamond,1,direct_label_preservation,procedural_proxy_generator_v1,proxy candidate for green_circle,prototype_gate,reject,prototype_label_mismatch,4,purple_diamond,0.8606642852415601,47.09719476802763,0.26521650326797386,0.23400372860545376,,,"{""source_low_shot_index"": 6}"
2,ccacb5d709ec88,procedural_proxy,label_drift,,1,green_circle,2,blue_x,1,direct_label_preservation,procedural_proxy_generator_v1,proxy candidate for green_circle,prototype_gate,reject,prototype_label_mismatch,2,blue_x,0.9557317080257435,42.524752108073535,0.2605251736111111,0.18947400299724243,,,"{""source_low_shot_index"": 6}"
2,f2e8bb558c65bc,procedural_proxy,useful,,1,green_circle,1,green_circle,0,direct_label_preservation,procedural_proxy_generator_v1,proxy candidate for green_circle,prototype_gate,reject,prototype_label_mismatch,0,red_square,0.5064755165494457,33.63927998826522,0.14256663602941178,0.14733040958858407,,,"{""source_low_shot_index"": 6}"
2,505bd71efe96cd,procedural_proxy,label_drift,,1,green_circle,2,blue_x,1,direct_label_preservation,procedural_proxy_generator_v1,proxy candidate for green_circle,prototype_gate,reject,prototype_label_mismatch,3,yellow_triangle,0.5480871728006422,38.75634391251194,0.1966375612745098,0.184829106205931,,,"{""source_low_shot_index"": 6}"
2,3a0b8e248d601f,procedural_proxy,label_drift,,1,green_circle,3,yellow_triangle,1,direct_label_preservation,procedural_proxy_generator_v1,proxy candidate for green_circle,prototype_gate,reject,prototype_label_mismatch,0,red_square,0.6070443428874304,38.4905713081511,0.22632123161764706,0.273474977123084,,,"{""source_low_shot_index"": 6}"
2,4d5555041c01bc,procedural_proxy,label_drift,,1,green_circle,2,blue_x,1,direct_label_preservation,procedural_proxy_generator_v1,proxy candidate for green_circle,prototype_gate,reject,prototype_label_mismatch,2,blue_x,0.9932570226382235,19.22186004680287,0.1984413296568627,0.1326493311274339,,,"{""source_low_shot_index"": 6}"
2,17700c9123a27e,procedural_proxy,label_drift,,1,green_circle,2,blue_x,1,direct_label_preservation,procedural_proxy_generator_v1,proxy candidate for green_circle,prototype_gate,reject,prototype_label_mismatch,3,yellow_triangle,0.9801141135382346,31.91019084321184,0.2065372242647059,0.1578193857756626,,,"{""source_low_shot_index"": 6}"
2,69368fb977ad1e,procedural_proxy,label_drift,,1,green_circle,4,purple_diamond,1,direct_label_preservation,procedural_proxy_generator_v1,proxy candidate for green_circle,prototype_gate,reject,prototype_label_mismatch,0,red_square,0.545940828951575,36.505452024142635,0.18864762050653594,0.16660563687517602,,,"{""source_low_shot_index"": 6}"
2,0e1b75d58c293a,procedural_proxy,label_drift,,1,green_circle,3,yellow_triangle,1,direct_label_preservation,procedural_proxy_generator_v1,proxy candidate for green_circle,prototype_gate,reject,prototype_label_mismatch,2,blue_x,0.7286457723257068,37.29744175132952,0.19343213848039217,0.18300304540854692,,,"{""source_low_shot_index"": 6}"
2,428066a7a4f635,procedural_proxy,useful,,1,green_circle,1,green_circle,0,direct_label_preservation,procedural_proxy_generator_v1,proxy candidate for green_circle,prototype_gate,reject,prototype_label_mismatch,2,blue_x,0.5274060357511654,27.183182879652165,0.24639373978758172,0.17024916649542618,,,"{""source_low_shot_index"": 6}"
2,eeba9f1a50ef38,procedural_proxy,artifact,,1,green_circle,1,green_circle,1,direct_label_preservation,procedural_proxy_generator_v1,proxy candidate for green_circle,prototype_gate,reject,far_from_real_prototype+prototype_label_mismatch,2,blue_x,0.7732681944823914,132.60658385786508,0.5001544628267974,0.29000815078012965,,,"{""source_low_shot_index"": 7}"
2,bef9c140085a7a,procedural_proxy,label_drift,,1,green_circle,3,yellow_triangle,1,direct_label_preservation,procedural_proxy_generator_v1,proxy candidate for green_circle,prototype_gate,retain,retain,1,green_circle,0.9852109441281879,22.71217087967927,0.2012497446895425,0.13930104540683333,,,"{""source_low_shot_index"": 7}"
2,25cd60721e9bce,procedural_proxy,useful,,1,green_circle,1,green_circle,0,direct_label_preservation,procedural_proxy_generator_v1,proxy candidate for green_circle,prototype_gate,reject,prototype_label_mismatch,2,blue_x,0.9421993107413811,32.73792910657437,0.18187551062091503,0.13311449662527794,,,"{""source_low_shot_index"": 7}"
2,63e12a65163225,procedural_proxy,useful,,1,green_circle,1,green_circle,0,direct_label_preservation,procedural_proxy_generator_v1,proxy candidate for green_circle,prototype_gate,reject,low_confidence,1,green_circle,0.4587260245319647,51.974978933874446,0.20590916053921568,0.24908250132569737,,,"{""source_low_shot_index"": 7}"
2,8613d0a7504437,procedural_proxy,label_drift,,1,green_circle,0,red_square,1,direct_label_preservation,procedural_proxy_generator_v1,proxy candidate for green_circle,prototype_gate,reject,prototype_label_mismatch,2,blue_x,0.6796962800092796,44.515331795766244,0.2775390625,0.2296777874423353,,,"{""source_low_shot_index"": 7}"
2,94a685d5c2b822,procedural_proxy,useful,,1,green_circle,1,green_circle,0,direct_label_preservation,procedural_proxy_generator_v1,proxy candidate for green_circle,prototype_gate,retain,retain,1,green_circle,0.523367555612475,41.34483908028289,0.21572967728758172,0.21821186879917034,,,"{""source_low_shot_index"": 7}"
2,bbaf5481aae140,procedural_proxy,label_drift,,1,green_circle,0,red_square,1,direct_label_preservation,procedural_proxy_generator_v1,proxy candidate for green_circle,prototype_gate,reject,prototype_label_mismatch,0,red_square,0.9574285029684074,49.9381350671187,0.21399611928104575,0.2767327942128653,,,"{""source_low_shot_index"": 7}"
2,181ff25eb3927a,procedural_proxy,label_drift,,1,green_circle,4,purple_diamond,1,direct_label_preservation,procedural_proxy_generator_v1,proxy candidate for green_circle,prototype_gate,reject,prototype_label_mismatch,4,purple_diamond,0.8122759539909709,38.911057499735975,0.267077716503268,0.19574077658131286,,,"{""source_low_shot_index"": 7}"
2,d95351e7800fa4,procedural_proxy,artifact,,1,green_circle,1,green_circle,1,direct_label_preservation,procedural_proxy_generator_v1,proxy candidate for green_circle,prototype_gate,reject,low_confidence+far_from_real_prototype+prototype_label_mismatch,2,blue_x,0.4977628490388149,110.6902646990065,0.41918019812091495,0.2873200420348242,,,"{""source_low_shot_index"": 7}"
2,746f16a557001c,procedural_proxy,label_drift,,1,green_circle,3,yellow_triangle,1,direct_label_preservation,procedural_proxy_generator_v1,proxy candidate for green_circle,prototype_gate,reject,prototype_label_mismatch,3,yellow_triangle,0.9984381726075546,29.110243778770347,0.27266263276143793,0.26676540680340105,,,"{""source_low_shot_index"": 7}"
2,a3bd36f0d98963,procedural_proxy,label_drift,,1,green_circle,2,blue_x,1,direct_label_preservation,procedural_proxy_generator_v1,proxy candidate for green_circle,prototype_gate,reject,prototype_label_mismatch,2,blue_x,0.9757867436724252,25.461444427504187,0.21071027369281045,0.18580702627719053,,,"{""source_low_shot_index"": 7}"
2,505c59d146ccd9,procedural_proxy,label_drift,,1,green_circle,4,purple_diamond,1,direct_label_preservation,procedural_proxy_generator_v1,proxy candidate for green_circle,prototype_gate,reject,prototype_label_mismatch,4,purple_diamond,0.7810971991570594,25.42725397932267,0.20731464460784313,0.22009005799819742,,,"{""source_low_shot_index"": 7}"
2,77389e90bf309d,procedural_proxy,label_drift,,1,green_circle,0,red_square,1,direct_label_preservation,procedural_proxy_generator_v1,proxy candidate for green_circle,prototype_gate,reject,prototype_label_mismatch,3,yellow_triangle,0.7500372602889301,37.982178217579325,0.2466133067810458,0.20567229975757106,,,"{""source_low_shot_index"": 7}"
2,2c707f415aef02,procedural_proxy,label_drift,,1,green_circle,4,purple_diamond,1,direct_label_preservation,procedural_proxy_generator_v1,proxy candidate for green_circle,prototype_gate,reject,prototype_label_mismatch,0,red_square,0.9902011058353095,29.170388873869953,0.15431602328431374,0.19895970046473213,,,"{""source_low_shot_index"": 7}"
2,6596185620f946,procedural_proxy,label_drift,,1,green_circle,4,purple_diamond,1,direct_label_preservation,procedural_proxy_generator_v1,proxy candidate for green_circle,prototype_gate,reject,prototype_label_mismatch,2,blue_x,0.7668654848483182,29.951644996233345,0.24323171977124183,0.2424265996238554,,,"{""source_low_shot_index"": 7}"
2,c7e57a6b0fae67,procedural_proxy,label_drift,,1,green_circle,4,purple_diamond,1,direct_label_preservation,procedural_proxy_generator_v1,proxy candidate for green_circle,prototype_gate,reject,prototype_label_mismatch,2,blue_x,0.9535002019058365,27.933768586919562,0.2317797691993464,0.1802202381637891,,,"{""source_low_shot_index"": 7}"
2,b5e3e8d0429af4,procedural_proxy,label_drift,,1,green_circle,2,blue_x,1,direct_label_preservation,procedural_proxy_generator_v1,proxy candidate for green_circle,prototype_gate,reject,prototype_label_mismatch,2,blue_x,0.7971229620452828,38.58874008827527,0.26084431168300654,0.14346736629985615,,,"{""source_low_shot_index"": 7}"
2,e2b51c281a822d,procedural_proxy,label_drift,,1,green_circle,3,yellow_triangle,1,direct_label_preservation,procedural_proxy_generator_v1,proxy candidate for green_circle,prototype_gate,reject,prototype_label_mismatch,3,yellow_triangle,0.9278561680483902,34.41336853382987,0.2103298611111111,0.21691895072279063,,,"{""source_low_shot_index"": 7}"
2,c13a7baa00eddb,procedural_proxy,artifact,,1,green_circle,1,green_circle,1,direct_label_preservation,procedural_proxy_generator_v1,proxy candidate for green_circle,prototype_gate,reject,far_from_real_prototype+prototype_label_mismatch,2,blue_x,0.9697784838672446,131.15030233058647,0.5044130412581699,0.29791082523782475,,,"{""source_low_shot_index"": 7}"
2,9fe785585239ff,procedural_proxy,label_drift,,1,green_circle,4,purple_diamond,1,direct_label_preservation,procedural_proxy_generator_v1,proxy candidate for green_circle,prototype_gate,reject,prototype_label_mismatch,2,blue_x,0.5023069665086273,35.72974079333825,0.167828329248366,0.16839047564922863,,,"{""source_low_shot_index"": 7}"
2,4b699d546754ff,procedural_proxy,label_drift,,2,blue_x,4,purple_diamond,1,direct_label_preservation,procedural_proxy_generator_v1,proxy candidate for blue_x,prototype_gate,retain,retain,2,blue_x,0.6566012007197656,35.88891234969382,0.21670368668300655,0.21712350529805205,,,"{""source_low_shot_index"": 8}"
2,d1be6c59809075,procedural_proxy,label_drift,,2,blue_x,0,red_square,1,direct_label_preservation,procedural_proxy_generator_v1,proxy candidate for blue_x,prototype_gate,reject,prototype_label_mismatch,3,yellow_triangle,0.7855644779995635,58.699090941785826,0.3118681066176471,0.29390687116836134,,,"{""source_low_shot_index"": 8}"
2,0524cdbf563b7e,procedural_proxy,label_drift,,2,blue_x,0,red_square,1,direct_label_preservation,procedural_proxy_generator_v1,proxy candidate for blue_x,prototype_gate,reject,prototype_label_mismatch,3,yellow_triangle,0.6867282750928123,38.646597303218925,0.24462060866013072,0.24844409691497713,,,"{""source_low_shot_index"": 8}"
2,3193813e6f2a25,procedural_proxy,label_drift,,2,blue_x,1,green_circle,1,direct_label_preservation,procedural_proxy_generator_v1,proxy candidate for blue_x,prototype_gate,reject,prototype_label_mismatch,1,green_circle,0.8403923016156637,47.08241150367286,0.23915058210784315,0.19494944265987718,,,"{""source_low_shot_index"": 8}"
2,187ab83cb6c8c3,procedural_proxy,useful,,2,blue_x,2,blue_x,0,direct_label_preservation,procedural_proxy_generator_v1,proxy candidate for blue_x,prototype_gate,reject,prototype_label_mismatch,3,yellow_triangle,0.6642948273123518,36.37222760022475,0.20291947508169936,0.19703139042827755,,,"{""source_low_shot_index"": 8}"
2,869931dd19f9d2,procedural_proxy,label_drift,,2,blue_x,4,purple_diamond,1,direct_label_preservation,procedural_proxy_generator_v1,proxy candidate for blue_x,prototype_gate,reject,prototype_label_mismatch,3,yellow_triangle,0.6361639859913767,38.38129731788722,0.2261437908496732,0.22352939683426928,,,"{""source_low_shot_index"": 8}"
2,02ccd70a3aeada,procedural_proxy,useful,,2,blue_x,2,blue_x,0,direct_label_preservation,procedural_proxy_generator_v1,proxy candidate for blue_x,prototype_gate,reject,low_confidence+prototype_label_mismatch,0,red_square,0.4602441833506796,41.38982414353299,0.14581673815359478,0.21493052919701772,,,"{""source_low_shot_index"": 8}"
2,c4ada888bf05b2,procedural_proxy,label_drift,,2,blue_x,1,green_circle,1,direct_label_preservation,procedural_proxy_generator_v1,proxy candidate for blue_x,prototype_gate,reject,prototype_label_mismatch,1,green_circle,0.7596647025185347,31.951030119503674,0.22106183619281047,0.1897408532975689,,,"{""source_low_shot_index"": 8}"
2,4214ec622e9fb4,procedural_proxy,label_drift,,2,blue_x,1,green_circle,1,direct_label_preservation,procedural_proxy_generator_v1,proxy candidate for blue_x,prototype_gate,reject,prototype_label_mismatch,1,green_circle,0.7192427844767169,41.33853274499719,0.19424274918300655,0.1803103400808659,,,"{""source_low_shot_index"": 8}"
2,0c33424e86e029,procedural_proxy,label_drift,,2,blue_x,4,purple_diamond,1,direct_label_preservation,procedural_proxy_generator_v1,proxy candidate for blue_x,prototype_gate,retain,retain,2,blue_x,0.6740722311921289,21.206427132401515,0.21923636642156863,0.15413557872610953,,,"{""source_low_shot_index"": 8}"
2,c94da51536af27,procedural_proxy,label_drift,,2,blue_x,4,purple_diamond,1,direct_label_preservation,procedural_proxy_generator_v1,proxy candidate for blue_x,prototype_gate,reject,prototype_label_mismatch,3,yellow_triangle,0.8937813695841933,34.0007955550701,0.276782066993464,0.1572592934270253,,,"{""source_low_shot_index"": 8}"
2,8898aea95fc82c,procedural_proxy,label_drift,,2,blue_x,4,purple_diamond,1,direct_label_preservation,procedural_proxy_generator_v1,proxy candidate for blue_x,prototype_gate,reject,prototype_label_mismatch,4,purple_diamond,0.971157258503191,23.277182289816064,0.2346392463235294,0.24355391183623282,,,"{""source_low_shot_index"": 8}"
2,98614f7e266620,procedural_proxy,useful,,2,blue_x,2,blue_x,0,direct_label_preservation,procedural_proxy_generator_v1,proxy candidate for blue_x,prototype_gate,reject,prototype_label_mismatch,4,purple_diamond,0.6531816404459099,30.831906499767978,0.16325061274509803,0.18897568713192342,,,"{""source_low_shot_index"": 8}"
2,5e7e46234ef647,procedural_proxy,label_drift,,2,blue_x,1,green_circle,1,direct_label_preservation,procedural_proxy_generator_v1,proxy candidate for blue_x,prototype_gate,reject,prototype_label_mismatch,1,green_circle,0.8889115744489664,25.07483507729451,0.2211971507352941,0.1697460445958998,,,"{""source_low_shot_index"": 8}"
2,8dcbff096ff7f0,procedural_proxy,label_drift,,2,blue_x,3,yellow_triangle,1,direct_label_preservation,procedural_proxy_generator_v1,proxy candidate for blue_x,prototype_gate,retain,retain,2,blue_x,0.9730883871225483,44.73121014431949,0.17773692810457517,0.17244009628532023,,,"{""source_low_shot_index"": 8}"
2,68d350d8a02709,procedural_proxy,label_drift,,2,blue_x,1,green_circle,1,direct_label_preservation,procedural_proxy_generator_v1,proxy candidate for blue_x,prototype_gate,reject,prototype_label_mismatch,1,green_circle,0.7403107672859964,26.074529866809115,0.2114315257352941,0.1672314001522201,,,"{""source_low_shot_index"": 8}"
2,5b47fc9b235eb1,procedural_proxy,label_drift,,2,blue_x,0,red_square,1,direct_label_preservation,procedural_proxy_generator_v1,proxy candidate for blue_x,prototype_gate,retain,retain,2,blue_x,0.8786334559993187,43.45719058623353,0.25266927083333335,0.19797096818065346,,,"{""source_low_shot_index"": 8}"
2,208d3b7d7ceef2,procedural_proxy,label_drift,,2,blue_x,1,green_circle,1,direct_label_preservation,procedural_proxy_generator_v1,proxy candidate for blue_x,prototype_gate,reject,prototype_label_mismatch,1,green_circle,0.9563764552171211,43.38774492398906,0.20255055147058823,0.20184529791697983,,,"{""source_low_shot_index"": 8}"
2,c04a029565d869,procedural_proxy,useful,,2,blue_x,2,blue_x,0,direct_label_preservation,procedural_proxy_generator_v1,proxy candidate for blue_x,prototype_gate,retain,retain,2,blue_x,0.9790266410104942,26.608189465921082,0.18117723651960785,0.1824265254699635,,,"{""source_low_shot_index"": 8}"
2,25985e7d88e13d,procedural_proxy,label_drift,,2,blue_x,3,yellow_triangle,1,direct_label_preservation,procedural_proxy_generator_v1,proxy candidate for blue_x,prototype_gate,reject,prototype_label_mismatch,1,green_circle,0.5164845632184561,66.94917897657606,0.2699269812091503,0.30435203556274404,,,"{""source_low_shot_index"": 8}"
2,a986f1a7002a59,procedural_proxy,artifact,,2,blue_x,2,blue_x,1,direct_label_preservation,procedural_proxy_generator_v1,proxy candidate for blue_x,prototype_gate,reject,far_from_real_prototype,2,blue_x,0.7355994069018921,129.24470213358813,0.4905815972222222,0.29212165100813503,,,"{""source_low_shot_index"": 9}"
2,54dbb14622ee78,procedural_proxy,label_drift,,2,blue_x,3,yellow_triangle,1,direct_label_preservation,procedural_proxy_generator_v1,proxy candidate for blue_x,prototype_gate,reject,prototype_label_mismatch,3,yellow_triangle,0.8913858023245314,45.81415769658108,0.2822789011437909,0.2260455661761426,,,"{""source_low_shot_index"": 9}"
2,cb3d3e9153d3ad,procedural_proxy,artifact,,2,blue_x,2,blue_x,1,direct_label_preservation,procedural_proxy_generator_v1,proxy candidate for blue_x,prototype_gate,reject,far_from_real_prototype,2,blue_x,0.7710266326503916,133.70110845535604,0.49699499591503266,0.2889989649453866,,,"{""source_low_shot_index"": 9}"
2,2a069d7233dcbe,procedural_proxy,useful,,2,blue_x,2,blue_x,0,direct_label_preservation,procedural_proxy_generator_v1,proxy candidate for blue_x,prototype_gate,reject,prototype_label_mismatch,1,green_circle,0.9286251241841067,30.155132368114774,0.18691789215686275,0.1944077274949323,,,"{""source_low_shot_index"": 9}"
2,fcd2291d4d589a,procedural_proxy,label_drift,,2,blue_x,0,red_square,1,direct_label_preservation,procedural_proxy_generator_v1,proxy candidate for blue_x,prototype_gate,reject,prototype_label_mismatch,4,purple_diamond,0.6745848400205161,62.346086688457746,0.2936236213235294,0.31912878677005413,,,"{""source_low_shot_index"": 9}"
2,1c6c946057d9a9,procedural_proxy,useful,,2,blue_x,2,blue_x,0,direct_label_preservation,procedural_proxy_generator_v1,proxy candidate for blue_x,prototype_gate,retain,retain,2,blue_x,0.9013653684505057,24.233458292652966,0.2093188316993464,0.12978778191282989,,,"{""source_low_shot_index"": 9}"
2,8a7eb994e46ee7,procedural_proxy,artifact,,2,blue_x,2,blue_x,1,direct_label_preservation,procedural_proxy_generator_v1,proxy candidate for blue_x,prototype_gate,reject,far_from_real_prototype+prototype_label_mismatch,3,yellow_triangle,0.7030532464600187,137.09554571891,0.5381127450980393,0.31163637392181,,,"{""source_low_shot_index"": 9}"
2,453ef964904d0a,procedural_proxy,label_drift,,2,blue_x,4,purple_diamond,1,direct_label_preservation,procedural_proxy_generator_v1,proxy candidate for blue_x,prototype_gate,reject,prototype_label_mismatch,4,purple_diamond,0.7666164380204146,34.28044994965347,0.27966324550653593,0.2833578020337212,,,"{""source_low_shot_index"": 9}"
2,bd6f27b88e4b98,procedural_proxy,label_drift,,2,blue_x,3,yellow_triangle,1,direct_label_preservation,procedural_proxy_generator_v1,proxy candidate for blue_x,prototype_gate,reject,prototype_label_mismatch,3,yellow_triangle,0.9562594501081995,57.630400883728235,0.2474941278594771,0.32666534159436783,,,"{""source_low_shot_index"": 9}"
2,6a70873674e06b,procedural_proxy,useful,,2,blue_x,2,blue_x,0,direct_label_preservation,procedural_proxy_generator_v1,proxy candidate for blue_x,prototype_gate,retain,retain,2,blue_x,0.9830875827822784,35.70115488101691,0.2393688725490196,0.20011257165096008,,,"{""source_low_shot_index"": 9}"
2,432b8891166c5f,procedural_proxy,useful,,2,blue_x,2,blue_x,0,direct_label_preservation,procedural_proxy_generator_v1,proxy candidate for blue_x,prototype_gate,retain,retain,2,blue_x,0.9651238912038145,25.05191354741865,0.2002923304738562,0.19854345560452544,,,"{""source_low_shot_index"": 9}"
2,a270c39b90f757,procedural_proxy,label_drift,,2,blue_x,3,yellow_triangle,1,direct_label_preservation,procedural_proxy_generator_v1,proxy candidate for blue_x,prototype_gate,reject,prototype_label_mismatch,1,green_circle,0.6731767416757145,47.00034707392258,0.23940972222222223,0.2053564039396931,,,"{""source_low_shot_index"": 9}"
2,5a330184806c8f,procedural_proxy,useful,,2,blue_x,2,blue_x,0,direct_label_preservation,procedural_proxy_generator_v1,proxy candidate for blue_x,prototype_gate,retain,retain,2,blue_x,0.979263439274588,25.50090761027779,0.2232919730392157,0.19476622215121434,,,"{""source_low_shot_index"": 9}"
2,be096f22f98d5d,procedural_proxy,label_drift,,2,blue_x,4,purple_diamond,1,direct_label_preservation,procedural_proxy_generator_v1,proxy candidate for blue_x,prototype_gate,reject,low_confidence+prototype_label_mismatch,4,purple_diamond,0.4585316187365673,51.49932140277843,0.3098294526143791,0.2303519975884616,,,"{""source_low_shot_index"": 9}"
2,d12db104aa30ff,procedural_proxy,label_drift,,2,blue_x,4,purple_diamond,1,direct_label_preservation,procedural_proxy_generator_v1,proxy candidate for blue_x,prototype_gate,reject,prototype_label_mismatch,4,purple_diamond,0.7649761296759812,41.665775544631195,0.2878076491013072,0.2007719939749991,,,"{""source_low_shot_index"": 9}"
2,806a488ee50a55,procedural_proxy,label_drift,,2,blue_x,4,purple_diamond,1,direct_label_preservation,procedural_proxy_generator_v1,proxy candidate for blue_x,prototype_gate,reject,prototype_label_mismatch,4,purple_diamond,0.8972136130474978,28.710477210168307,0.2021969464869281,0.23278410047760686,,,"{""source_low_shot_index"": 9}"
2,7a6dd0c819e87b,procedural_proxy,artifact,,2,blue_x,2,blue_x,1,direct_label_preservation,procedural_proxy_generator_v1,proxy candidate for blue_x,prototype_gate,reject,far_from_real_prototype,2,blue_x,0.667451819200552,131.02578439674647,0.49923406862745096,0.2918374542236145,,,"{""source_low_shot_index"": 9}"
2,8e7f394239a507,procedural_proxy,label_drift,,2,blue_x,1,green_circle,1,direct_label_preservation,procedural_proxy_generator_v1,proxy candidate for blue_x,prototype_gate,reject,prototype_label_mismatch,1,green_circle,0.870365064878244,36.49884011521163,0.17420853758169932,0.18281071569908594,,,"{""source_low_shot_index"": 9}"
2,aec1a5c73e4e44,procedural_proxy,label_drift,,2,blue_x,1,green_circle,1,direct_label_preservation,procedural_proxy_generator_v1,proxy candidate for blue_x,prototype_gate,retain,retain,2,blue_x,0.9867437870770038,48.07438390553405,0.29061478758169934,0.2026165242476673,,,"{""source_low_shot_index"": 9}"
2,47edb3429025a3,procedural_proxy,label_drift,,2,blue_x,1,green_circle,1,direct_label_preservation,procedural_proxy_generator_v1,proxy candidate for blue_x,prototype_gate,reject,prototype_label_mismatch,3,yellow_triangle,0.9279433943670954,60.76478841037511,0.3452103758169935,0.1918377133753773,,,"{""source_low_shot_index"": 9}"
2,d67436b72d91e1,procedural_proxy,label_drift,,2,blue_x,1,green_circle,1,direct_label_preservation,procedural_proxy_generator_v1,proxy candidate for blue_x,prototype_gate,reject,prototype_label_mismatch,1,green_circle,0.9054349454730618,44.036860207772975,0.25887331495098037,0.14333549917535385,,,"{""source_low_shot_index"": 10}"
2,b00046feba1588,procedural_proxy,label_drift,,2,blue_x,0,red_square,1,direct_label_preservation,procedural_proxy_generator_v1,proxy candidate for blue_x,prototype_gate,reject,prototype_label_mismatch,0,red_square,0.8830980328488945,39.17154104446709,0.21133067810457518,0.2705998199412221,,,"{""source_low_shot_index"": 10}"
2,4513dfa3459e83,procedural_proxy,useful,,2,blue_x,2,blue_x,0,direct_label_preservation,procedural_proxy_generator_v1,proxy candidate for blue_x,prototype_gate,reject,prototype_label_mismatch,3,yellow_triangle,0.7821715468435798,37.80482706007279,0.21635391135620916,0.16593152280291917,,,"{""source_low_shot_index"": 10}"
2,163d4949fce286,procedural_proxy,label_drift,,2,blue_x,0,red_square,1,direct_label_preservation,procedural_proxy_generator_v1,proxy candidate for blue_x,prototype_gate,reject,prototype_label_mismatch,0,red_square,0.590062960396626,32.365973164591125,0.21476332720588234,0.14452526930997228,,,"{""source_low_shot_index"": 10}"
2,e42def74f66950,procedural_proxy,label_drift,,2,blue_x,4,purple_diamond,1,direct_label_preservation,procedural_proxy_generator_v1,proxy candidate for blue_x,prototype_gate,retain,retain,2,blue_x,0.9829890305839645,35.20566577488973,0.284289470996732,0.15158823129301502,,,"{""source_low_shot_index"": 10}"
2,aa1c6aa1c0c1ef,procedural_proxy,useful,,2,blue_x,2,blue_x,0,direct_label_preservation,procedural_proxy_generator_v1,proxy candidate for blue_x,prototype_gate,reject,prototype_label_mismatch,4,purple_diamond,0.8866963667195857,31.58494612118603,0.165054381127451,0.18952501705714506,,,"{""source_low_shot_index"": 10}"
2,b4965e2fd8cf07,procedural_proxy,useful,,2,blue_x,2,blue_x,0,direct_label_preservation,procedural_proxy_generator_v1,proxy candidate for blue_x,prototype_gate,reject,prototype_label_mismatch,4,purple_diamond,0.5532721508671705,27.92699921090047,0.18393203635620914,0.153602798070749,,,"{""source_low_shot_index"": 10}"
2,6049b6a5074a31,procedural_proxy,label_drift,,2,blue_x,1,green_circle,1,direct_label_preservation,procedural_proxy_generator_v1,proxy candidate for blue_x,prototype_gate,reject,prototype_label_mismatch,1,green_circle,0.9804664787388129,32.82113532950913,0.1661049836601307,0.17833251728073732,,,"{""source_low_shot_index"": 10}"
2,b8d8e214ea587b,procedural_proxy,useful,,2,blue_x,2,blue_x,0,direct_label_preservation,procedural_proxy_generator_v1,proxy candidate for blue_x,prototype_gate,retain,retain,2,blue_x,0.8565327916844141,51.885410513896865,0.215750102124183,0.1833751228405111,,,"{""source_low_shot_index"": 10}"
2,588ab9ec1e7087,procedural_proxy,artifact,,2,blue_x,2,blue_x,1,direct_label_preservation,procedural_proxy_generator_v1,proxy candidate for blue_x,prototype_gate,reject,far_from_real_prototype,2,blue_x,0.9267839112841773,128.75818166080157,0.49938214869281045,0.296513945837917,,,"{""source_low_shot_index"": 10}"
2,68cb4e136bb5d6,procedural_proxy,label_drift,,2,blue_x,1,green_circle,1,direct_label_preservation,procedural_proxy_generator_v1,proxy candidate for blue_x,prototype_gate,reject,prototype_label_mismatch,1,green_circle,0.9681566518002326,23.047906321114237,0.19622906454248365,0.17570545861069103,,,"{""source_low_shot_index"": 10}"
2,8fbfbf9fe557ca,procedural_proxy,label_drift,,2,blue_x,1,green_circle,1,direct_label_preservation,procedural_proxy_generator_v1,proxy candidate for blue_x,prototype_gate,reject,low_confidence+prototype_label_mismatch,1,green_circle,0.4813580289252334,45.76865035383845,0.19128114787581704,0.20913497742259168,,,"{""source_low_shot_index"": 10}"
2,0e269dd69c673e,procedural_proxy,label_drift,,2,blue_x,0,red_square,1,direct_label_preservation,procedural_proxy_generator_v1,proxy candidate for blue_x,prototype_gate,reject,prototype_label_mismatch,0,red_square,0.5947286254275033,39.26875749195693,0.18959737540849675,0.19717176792110758,,,"{""source_low_shot_index"": 10}"
2,65bc7c61c4253f,procedural_proxy,label_drift,,2,blue_x,1,green_circle,1,direct_label_preservation,procedural_proxy_generator_v1,proxy candidate for blue_x,prototype_gate,reject,prototype_label_mismatch,1,green_circle,0.6798945416426543,31.334712364768134,0.17842371323529413,0.19096105033924116,,,"{""source_low_shot_index"": 10}"
2,1d887ffe9bfc00,procedural_proxy,artifact,,2,blue_x,2,blue_x,1,direct_label_preservation,procedural_proxy_generator_v1,proxy candidate for blue_x,prototype_gate,reject,far_from_real_prototype,2,blue_x,0.8028134779087495,130.8832423257433,0.4950852736928104,0.2923019678564986,,,"{""source_low_shot_index"": 10}"
2,670988278c1797,procedural_proxy,useful,,2,blue_x,2,blue_x,0,direct_label_preservation,procedural_proxy_generator_v1,proxy candidate for blue_x,prototype_gate,retain,retain,2,blue_x,0.9668810170500075,44.612115084665554,0.20594235089869284,0.18151371914152958,,,"{""source_low_shot_index"": 10}"
2,70aac022c94731,procedural_proxy,label_drift,,2,blue_x,4,purple_diamond,1,direct_label_preservation,procedural_proxy_generator_v1,proxy candidate for blue_x,prototype_gate,reject,prototype_label_mismatch,4,purple_diamond,0.8022971720847899,40.55469819655352,0.2629404105392157,0.27149915365721666,,,"{""source_low_shot_index"": 10}"
2,35843f2421349f,procedural_proxy,label_drift,,2,blue_x,1,green_circle,1,direct_label_preservation,procedural_proxy_generator_v1,proxy candidate for blue_x,prototype_gate,reject,prototype_label_mismatch,0,red_square,0.76672387198496,43.522062741286746,0.26516416462418296,0.27493784510002983,,,"{""source_low_shot_index"": 10}"
2,1b89899ce00028,procedural_proxy,label_drift,,2,blue_x,1,green_circle,1,direct_label_preservation,procedural_proxy_generator_v1,proxy candidate for blue_x,prototype_gate,reject,prototype_label_mismatch,3,yellow_triangle,0.9879305705370083,49.71312763439391,0.30710784313725487,0.22160084393292062,,,"{""source_low_shot_index"": 10}"
2,e76ea28d03bc9a,procedural_proxy,useful,,2,blue_x,2,blue_x,0,direct_label_preservation,procedural_proxy_generator_v1,proxy candidate for blue_x,prototype_gate,reject,prototype_label_mismatch,1,green_circle,0.9825672191537815,39.80443834170849,0.2307202308006536,0.18474187815763748,,,"{""source_low_shot_index"": 10}"
2,aed62e8f350747,procedural_proxy,label_drift,,2,blue_x,1,green_circle,1,direct_label_preservation,procedural_proxy_generator_v1,proxy candidate for blue_x,prototype_gate,reject,prototype_label_mismatch,1,green_circle,0.9887293202865124,30.413110281962425,0.16149024714052287,0.17241195996469347,,,"{""source_low_shot_index"": 11}"
2,2a6d13ecb2a9d9,procedural_proxy,label_drift,,2,blue_x,1,green_circle,1,direct_label_preservation,procedural_proxy_generator_v1,proxy candidate for blue_x,prototype_gate,reject,prototype_label_mismatch,3,yellow_triangle,0.8503462851300106,33.7435854345281,0.29375638276143795,0.21010648406019547,,,"{""source_low_shot_index"": 11}"
2,a3cd2542c11ba8,procedural_proxy,useful,,2,blue_x,2,blue_x,0,direct_label_preservation,procedural_proxy_generator_v1,proxy candidate for blue_x,prototype_gate,reject,prototype_label_mismatch,4,purple_diamond,0.7187199337183577,41.77070749757805,0.1812908496732026,0.21438549876823565,,,"{""source_low_shot_index"": 11}"
2,7fcd36d7853b8c,procedural_proxy,artifact,,2,blue_x,2,blue_x,1,direct_label_preservation,procedural_proxy_generator_v1,proxy candidate for blue_x,prototype_gate,reject,far_from_real_prototype,2,blue_x,0.6704167157982444,124.16977122892268,0.47014016544117637,0.2789582061480973,,,"{""source_low_shot_index"": 11}"
2,c356a84eb1dd82,procedural_proxy,label_drift,,2,blue_x,3,yellow_triangle,1,direct_label_preservation,procedural_proxy_generator_v1,proxy candidate for blue_x,prototype_gate,reject,prototype_label_mismatch,0,red_square,0.9782645592058224,36.45759710264506,0.14859579248366012,0.20516724010473886,,,"{""source_low_shot_index"": 11}"
2,d462ab9de1344c,procedural_proxy,useful,,2,blue_x,2,blue_x,0,direct_label_preservation,procedural_proxy_generator_v1,proxy candidate for blue_x,prototype_gate,reject,prototype_label_mismatch,4,purple_diamond,0.8994769568155531,29.26210195124321,0.1781198937908497,0.1770449335838326,,,"{""source_low_shot_index"": 11}"
2,9447ecc1a2d063,procedural_proxy,label_drift,,2,blue_x,4,purple_diamond,1,direct_label_preservation,procedural_proxy_generator_v1,proxy candidate for blue_x,prototype_gate,reject,prototype_label_mismatch,4,purple_diamond,0.9716770845038548,33.1785858708196,0.25908905228758167,0.26506322629946205,,,"{""source_low_shot_index"": 11}"
2,2246e6fb13ca32,procedural_proxy,label_drift,,2,blue_x,1,green_circle,1,direct_label_preservation,procedural_proxy_generator_v1,proxy candidate for blue_x,prototype_gate,reject,prototype_label_mismatch,1,green_circle,0.8793725975198459,36.25306033816864,0.20034083946078432,0.146975429001689,,,"{""source_low_shot_index"": 11}"
2,11e9dda4af9e5c,procedural_proxy,useful,,2,blue_x,2,blue_x,0,direct_label_preservation,procedural_proxy_generator_v1,proxy candidate for blue_x,prototype_gate,reject,prototype_label_mismatch,4,purple_diamond,0.5549142662908692,33.04738716595869,0.22220945669934636,0.18577135195560104,,,"{""source_low_shot_index"": 11}"
2,4c5492ccc81b13,procedural_proxy,label_drift,,2,blue_x,1,green_circle,1,direct_label_preservation,procedural_proxy_generator_v1,proxy candidate for blue_x,prototype_gate,retain,retain,2,blue_x,0.9716232090693303,38.22278942280823,0.22191329656862746,0.20097516469483082,,,"{""source_low_shot_index"": 11}"
2,d2e529b8f64708,procedural_proxy,label_drift,,2,blue_x,3,yellow_triangle,1,direct_label_preservation,procedural_proxy_generator_v1,proxy candidate for blue_x,prototype_gate,reject,prototype_label_mismatch,0,red_square,0.8828754654407599,28.78864615559774,0.18566942401960787,0.23699563984872793,,,"{""source_low_shot_index"": 11}"
2,2fb09f1bf624e5,procedural_proxy,label_drift,,2,blue_x,4,purple_diamond,1,direct_label_preservation,procedural_proxy_generator_v1,proxy candidate for blue_x,prototype_gate,reject,prototype_label_mismatch,0,red_square,0.5315981631925547,43.267825426078204,0.19464741625816995,0.24458408058334818,,,"{""source_low_shot_index"": 11}"
2,8c14bfce75b8ed,procedural_proxy,label_drift,,2,blue_x,3,yellow_triangle,1,direct_label_preservation,procedural_proxy_generator_v1,proxy candidate for blue_x,prototype_gate,reject,prototype_label_mismatch,1,green_circle,0.8830897307761615,27.39202033031509,0.20379263684640522,0.18966299167235706,,,"{""source_low_shot_index"": 11}"
2,1d797246b043ec,procedural_proxy,label_drift,,2,blue_x,1,green_circle,1,direct_label_preservation,procedural_proxy_generator_v1,proxy candidate for blue_x,prototype_gate,retain,retain,2,blue_x,0.9977177557531363,22.215917304089245,0.20926011029411765,0.13179004083989648,,,"{""source_low_shot_index"": 11}"
2,957f96cee0d238,procedural_proxy,label_drift,,2,blue_x,3,yellow_triangle,1,direct_label_preservation,procedural_proxy_generator_v1,proxy candidate for blue_x,prototype_gate,reject,prototype_label_mismatch,3,yellow_triangle,0.6729975977141069,33.85360816759544,0.24262791053921565,0.17708865044991665,,,"{""source_low_shot_index"": 11}"
2,8b8cd8d4ce549f,procedural_proxy,label_drift,,2,blue_x,1,green_circle,1,direct_label_preservation,procedural_proxy_generator_v1,proxy candidate for blue_x,prototype_gate,reject,prototype_label_mismatch,0,red_square,0.6816586306012077,36.2295800370209,0.24169219771241832,0.21486929894417886,,,"{""source_low_shot_index"": 11}"
2,278ad4757000eb,procedural_proxy,useful,,2,blue_x,2,blue_x,0,direct_label_preservation,procedural_proxy_generator_v1,proxy candidate for blue_x,prototype_gate,reject,prototype_label_mismatch,1,green_circle,0.9054843231398536,45.77352969209882,0.20342881944444446,0.19669716383056599,,,"{""source_low_shot_index"": 11}"
2,f067a083ec8f5b,procedural_proxy,useful,,2,blue_x,2,blue_x,0,direct_label_preservation,procedural_proxy_generator_v1,proxy candidate for blue_x,prototype_gate,reject,prototype_label_mismatch,1,green_circle,0.5077631050013633,47.50997385999095,0.2689504187091503,0.14854736100629526,,,"{""source_low_shot_index"": 11}"
2,fe4cfe6a045bc2,procedural_proxy,label_drift,,2,blue_x,3,yellow_triangle,1,direct_label_preservation,procedural_proxy_generator_v1,proxy candidate for blue_x,prototype_gate,reject,prototype_label_mismatch,3,yellow_triangle,0.9951663152456971,35.05213019546903,0.2675206801470588,0.29047974246146774,,,"{""source_low_shot_index"": 11}"
2,d32259e51aa8e6,procedural_proxy,label_drift,,2,blue_x,3,yellow_triangle,1,direct_label_preservation,procedural_proxy_generator_v1,proxy candidate for blue_x,prototype_gate,reject,prototype_label_mismatch,0,red_square,0.737887740800738,38.69561555595954,0.23898335375816993,0.282832776128246,,,"{""source_low_shot_index"": 11}"
2,e4e1c496eb26eb,procedural_proxy,artifact,,3,yellow_triangle,3,yellow_triangle,1,direct_label_preservation,procedural_proxy_generator_v1,proxy candidate for yellow_triangle,prototype_gate,reject,far_from_real_prototype,3,yellow_triangle,0.6972099744853828,133.86759461225927,0.5176240808823529,0.2962097087294332,,,"{""source_low_shot_index"": 12}"
2,9cdf80208a277a,procedural_proxy,label_drift,,3,yellow_triangle,4,purple_diamond,1,direct_label_preservation,procedural_proxy_generator_v1,proxy candidate for yellow_triangle,prototype_gate,reject,prototype_label_mismatch,2,blue_x,0.9814973367270607,23.30851012724739,0.2523220486111111,0.16613416092746613,,,"{""source_low_shot_index"": 12}"
2,abe79f7aec0824,procedural_proxy,artifact,,3,yellow_triangle,3,yellow_triangle,1,direct_label_preservation,procedural_proxy_generator_v1,proxy candidate for yellow_triangle,prototype_gate,reject,far_from_real_prototype+prototype_label_mismatch,2,blue_x,0.7896312817504061,130.20863902171527,0.4925832312091503,0.29132076421152187,,,"{""source_low_shot_index"": 12}"
2,8425c6ed81b8c5,procedural_proxy,label_drift,,3,yellow_triangle,4,purple_diamond,1,direct_label_preservation,procedural_proxy_generator_v1,proxy candidate for yellow_triangle,prototype_gate,reject,low_confidence+prototype_label_mismatch,4,purple_diamond,0.4019873895815145,42.65749980303166,0.20944138071895424,0.21317130717688484,,,"{""source_low_shot_index"": 12}"
2,3e3584a3d62ba5,procedural_proxy,useful,,3,yellow_triangle,3,yellow_triangle,0,direct_label_preservation,procedural_proxy_generator_v1,proxy candidate for yellow_triangle,prototype_gate,retain,retain,3,yellow_triangle,0.6158273266035937,37.1216813969136,0.2539841196895425,0.18212327407188827,,,"{""source_low_shot_index"": 12}"
2,22407dea0a2f0f,procedural_proxy,artifact,,3,yellow_triangle,3,yellow_triangle,1,direct_label_preservation,procedural_proxy_generator_v1,proxy candidate for yellow_triangle,prototype_gate,reject,far_from_real_prototype,3,yellow_triangle,0.7345907527477786,122.57620178030821,0.46983251633986933,0.3042970541544701,,,"{""source_low_shot_index"": 12}"
2,c6e2eab5791634,procedural_proxy,label_drift,,3,yellow_triangle,4,purple_diamond,1,direct_label_preservation,procedural_proxy_generator_v1,proxy candidate for yellow_triangle,prototype_gate,reject,low_confidence+prototype_label_mismatch,1,green_circle,0.49620509463728063,36.84960754405138,0.1955371732026144,0.18283978983949736,,,"{""source_low_shot_index"": 12}"
2,f46aeef1c56e98,procedural_proxy,label_drift,,3,yellow_triangle,0,red_square,1,direct_label_preservation,procedural_proxy_generator_v1,proxy candidate for yellow_triangle,prototype_gate,retain,retain,3,yellow_triangle,0.6150071693220485,33.78391333383837,0.21965252246732025,0.22010987303465743,,,"{""source_low_shot_index"": 12}"
2,06eb76c087949b,procedural_proxy,artifact,,3,yellow_triangle,3,yellow_triangle,1,direct_label_preservation,procedural_proxy_generator_v1,proxy candidate for yellow_triangle,prototype_gate,reject,far_from_real_prototype+prototype_label_mismatch,2,blue_x,0.7978363624768109,131.46294479640082,0.49602609272875825,0.2882688946001627,,,"{""source_low_shot_index"": 12}"
2,7fac393ccd0d0b,procedural_proxy,label_drift,,3,yellow_triangle,0,red_square,1,direct_label_preservation,procedural_proxy_generator_v1,proxy candidate for yellow_triangle,prototype_gate,reject,prototype_label_mismatch,1,green_circle,0.917008672704559,26.316509854645062,0.18222145629084965,0.15640479239138524,,,"{""source_low_shot_index"": 12}"
2,c2b76261ea18cd,procedural_proxy,useful,,3,yellow_triangle,3,yellow_triangle,0,direct_label_preservation,procedural_proxy_generator_v1,proxy candidate for yellow_triangle,prototype_gate,reject,prototype_label_mismatch,1,green_circle,0.6171110043133845,40.51451426985127,0.22172181372549024,0.2649874942388361,,,"{""source_low_shot_index"": 12}"
2,7b40f31cb32a7f,procedural_proxy,label_drift,,3,yellow_triangle,4,purple_diamond,1,direct_label_preservation,procedural_proxy_generator_v1,proxy candidate for yellow_triangle,prototype_gate,reject,prototype_label_mismatch,4,purple_diamond,0.9366807419084565,38.46747451667011,0.23440819035947713,0.179935923155864,,,"{""source_low_shot_index"": 12}"
2,438832e5404760,procedural_proxy,label_drift,,3,yellow_triangle,1,green_circle,1,direct_label_preservation,procedural_proxy_generator_v1,proxy candidate for yellow_triangle,prototype_gate,reject,prototype_label_mismatch,1,green_circle,0.979130316768744,29.403113508712956,0.1860217524509804,0.17458717220671283,,,"{""source_low_shot_index"": 12}"
2,d659a814a28f90,procedural_proxy,label_drift,,3,yellow_triangle,1,green_circle,1,direct_label_preservation,procedural_proxy_generator_v1,proxy candidate for yellow_triangle,prototype_gate,reject,prototype_label_mismatch,1,green_circle,0.8299695686864009,25.868741042425878,0.20762357026143793,0.16787940009547822,,,"{""source_low_shot_index"": 12}"
2,9a04afde26560b,procedural_proxy,label_drift,,3,yellow_triangle,4,purple_diamond,1,direct_label_preservation,procedural_proxy_generator_v1,proxy candidate for yellow_triangle,prototype_gate,reject,prototype_label_mismatch,2,blue_x,0.922727171000974,33.64578393297534,0.2784288194444445,0.22016767278445537,,,"{""source_low_shot_index"": 12}"
2,fd55dc57ac2178,procedural_proxy,useful,,3,yellow_triangle,3,yellow_triangle,0,direct_label_preservation,procedural_proxy_generator_v1,proxy candidate for yellow_triangle,prototype_gate,retain,retain,3,yellow_triangle,0.9142357627653923,31.288762436752812,0.23610600490196076,0.2428595319013507,,,"{""source_low_shot_index"": 12}"
2,b79a07087771f2,procedural_proxy,label_drift,,3,yellow_triangle,4,purple_diamond,1,direct_label_preservation,procedural_proxy_generator_v1,proxy candidate for yellow_triangle,prototype_gate,reject,prototype_label_mismatch,0,red_square,0.5995791178569148,54.769154117595555,0.2206201491013072,0.2951997073326359,,,"{""source_low_shot_index"": 12}"
2,97481a072e8855,procedural_proxy,label_drift,,3,yellow_triangle,1,green_circle,1,direct_label_preservation,procedural_proxy_generator_v1,proxy candidate for yellow_triangle,prototype_gate,reject,prototype_label_mismatch,1,green_circle,0.9333419888607061,20.454181768673728,0.17579018586601305,0.15176274062417652,,,"{""source_low_shot_index"": 12}"
2,a9f06a83a4655f,procedural_proxy,label_drift,,3,yellow_triangle,1,green_circle,1,direct_label_preservation,procedural_proxy_generator_v1,proxy candidate for yellow_triangle,prototype_gate,reject,prototype_label_mismatch,2,blue_x,0.6859810164726777,28.6720626343247,0.2448235804738562,0.12418324073871773,,,"{""source_low_shot_index"": 12}"
2,d5fa9958d256bf,procedural_proxy,useful,,3,yellow_triangle,3,yellow_triangle,0,direct_label_preservation,procedural_proxy_generator_v1,proxy candidate for yellow_triangle,prototype_gate,reject,low_confidence,3,yellow_triangle,0.35098860923113834,32.709211246959555,0.24281939338235292,0.200861105818055,,,"{""source_low_shot_index"": 12}"
2,d0dbab56fef6ed,procedural_proxy,label_drift,,3,yellow_triangle,0,red_square,1,direct_label_preservation,procedural_proxy_generator_v1,proxy candidate for yellow_triangle,prototype_gate,reject,prototype_label_mismatch,0,red_square,0.9961643248018085,34.51366704791553,0.20017488766339872,0.24844121974369182,,,"{""source_low_shot_index"": 13}"
2,3da12985deb049,procedural_proxy,label_drift,,3,yellow_triangle,1,green_circle,1,direct_label_preservation,procedural_proxy_generator_v1,proxy candidate for yellow_triangle,prototype_gate,reject,low_confidence+prototype_label_mismatch,4,purple_diamond,0.45942925959881875,42.710159793795974,0.3058491625816993,0.2704709870548468,,,"{""source_low_shot_index"": 13}"
2,72cc322d1f8bc3,procedural_proxy,label_drift,,3,yellow_triangle,2,blue_x,1,direct_label_preservation,procedural_proxy_generator_v1,proxy candidate for yellow_triangle,prototype_gate,retain,retain,3,yellow_triangle,0.8584394863220005,30.649819144899958,0.19595077614379086,0.2063223873937261,,,"{""source_low_shot_index"": 13}"
2,9c1dd61ff4146d,procedural_proxy,label_drift,,3,yellow_triangle,1,green_circle,1,direct_label_preservation,procedural_proxy_generator_v1,proxy candidate for yellow_triangle,prototype_gate,reject,prototype_label_mismatch,4,purple_diamond,0.7214425506684166,33.697420584803076,0.1887459150326797,0.23371270715300618,,,"{""source_low_shot_index"": 13}"
2,1764621d999c63,procedural_proxy,label_drift,,3,yellow_triangle,1,green_circle,1,direct_label_preservation,procedural_proxy_generator_v1,proxy candidate for yellow_triangle,prototype_gate,reject,prototype_label_mismatch,1,green_circle,0.9937008143789584,38.086409575921884,0.23984757965686276,0.1963493231800211,,,"{""source_low_shot_index"": 13}"
2,02cd627f381700,procedural_proxy,label_drift,,3,yellow_triangle,4,purple_diamond,1,direct_label_preservation,procedural_proxy_generator_v1,proxy candidate for yellow_triangle,prototype_gate,reject,prototype_label_mismatch,1,green_circle,0.9978907517905701,35.829712715030055,0.20337903390522874,0.16743916099623082,,,"{""source_low_shot_index"": 13}"
2,2fa90f66a33e56,procedural_proxy,label_drift,,3,yellow_triangle,1,green_circle,1,direct_label_preservation,procedural_proxy_generator_v1,proxy candidate for yellow_triangle,prototype_gate,reject,prototype_label_mismatch,2,blue_x,0.7192995196900223,30.262127611330573,0.25630744485294116,0.22294899601134266,,,"{""source_low_shot_index"": 13}"
2,9579157acfcde4,procedural_proxy,useful,,3,yellow_triangle,3,yellow_triangle,0,direct_label_preservation,procedural_proxy_generator_v1,proxy candidate for yellow_triangle,prototype_gate,retain,retain,3,yellow_triangle,0.909561465504423,37.050868867680435,0.3119778901143791,0.22313520210613302,,,"{""source_low_shot_index"": 13}"
2,6c4d9673925673,procedural_proxy,useful,,3,yellow_triangle,3,yellow_triangle,0,direct_label_preservation,procedural_proxy_generator_v1,proxy candidate for yellow_triangle,prototype_gate,retain,retain,3,yellow_triangle,0.9498530363691007,25.86436543063362,0.2610587724673203,0.21974303574433318,,,"{""source_low_shot_index"": 13}"
2,7f747dfddb879c,procedural_proxy,useful,,3,yellow_triangle,3,yellow_triangle,0,direct_label_preservation,procedural_proxy_generator_v1,proxy candidate for yellow_triangle,prototype_gate,retain,retain,3,yellow_triangle,0.9676709266464624,40.64986944197292,0.24996042687908496,0.27213785421012715,,,"{""source_low_shot_index"": 13}"
2,6b9744bbc104db,procedural_proxy,useful,,3,yellow_triangle,3,yellow_triangle,0,direct_label_preservation,procedural_proxy_generator_v1,proxy candidate for yellow_triangle,prototype_gate,reject,low_confidence,3,yellow_triangle,0.4404049505297606,30.5602543445877,0.2551840788398693,0.27476241860994793,,,"{""source_low_shot_index"": 13}"
2,3781a432c4d8d4,procedural_proxy,label_drift,,3,yellow_triangle,4,purple_diamond,1,direct_label_preservation,procedural_proxy_generator_v1,proxy candidate for yellow_triangle,prototype_gate,reject,prototype_label_mismatch,4,purple_diamond,0.9484486174041151,32.29664651802455,0.2506599775326797,0.22231529896831398,,,"{""source_low_shot_index"": 13}"
2,d309a763977b66,procedural_proxy,label_drift,,3,yellow_triangle,1,green_circle,1,direct_label_preservation,procedural_proxy_generator_v1,proxy candidate for yellow_triangle,prototype_gate,reject,prototype_label_mismatch,0,red_square,0.886360732941503,30.954543282681026,0.16616115196078432,0.19106062867278772,,,"{""source_low_shot_index"": 13}"
2,2d0215f33c1d6c,procedural_proxy,label_drift,,3,yellow_triangle,2,blue_x,1,direct_label_preservation,procedural_proxy_generator_v1,proxy candidate for yellow_triangle,prototype_gate,reject,prototype_label_mismatch,0,red_square,0.9424474689052421,44.386961269859896,0.18267590890522875,0.28081293524101925,,,"{""source_low_shot_index"": 13}"
2,67578864d35d0f,procedural_proxy,label_drift,,3,yellow_triangle,4,purple_diamond,1,direct_label_preservation,procedural_proxy_generator_v1,proxy candidate for yellow_triangle,prototype_gate,reject,prototype_label_mismatch,0,red_square,0.6258163263997234,40.03557807631372,0.26537096609477123,0.3084488925514013,,,"{""source_low_shot_index"": 13}"
2,4b304f26569111,procedural_proxy,useful,,3,yellow_triangle,3,yellow_triangle,0,direct_label_preservation,procedural_proxy_generator_v1,proxy candidate for yellow_triangle,prototype_gate,reject,prototype_label_mismatch,2,blue_x,0.8927317186136356,40.06444453705484,0.28157424428104577,0.1850035230843207,,,"{""source_low_shot_index"": 13}"
2,a78be1e87ae314,procedural_proxy,useful,,3,yellow_triangle,3,yellow_triangle,0,direct_label_preservation,procedural_proxy_generator_v1,proxy candidate for yellow_triangle,prototype_gate,reject,prototype_label_mismatch,0,red_square,0.5285933136181477,44.07739186917016,0.18867315155228756,0.2797273714802707,,,"{""source_low_shot_index"": 13}"
2,eecd80c45dbbed,procedural_proxy,label_drift,,3,yellow_triangle,4,purple_diamond,1,direct_label_preservation,procedural_proxy_generator_v1,proxy candidate for yellow_triangle,prototype_gate,reject,prototype_label_mismatch,2,blue_x,0.9419342953888156,33.15586906029613,0.27015803717320264,0.1620027899692938,,,"{""source_low_shot_index"": 13}"
2,d46bb7230f083e,procedural_proxy,label_drift,,3,yellow_triangle,4,purple_diamond,1,direct_label_preservation,procedural_proxy_generator_v1,proxy candidate for yellow_triangle,prototype_gate,reject,low_confidence+prototype_label_mismatch,4,purple_diamond,0.4902748248502825,32.41490836014819,0.19974979575163399,0.20636114153971727,,,"{""source_low_shot_index"": 13}"
2,e24aa38ecf4551,procedural_proxy,label_drift,,3,yellow_triangle,0,red_square,1,direct_label_preservation,procedural_proxy_generator_v1,proxy candidate for yellow_triangle,prototype_gate,retain,retain,3,yellow_triangle,0.7444542887693254,34.44631588027116,0.24021777982026146,0.16244808868542507,,,"{""source_low_shot_index"": 13}"
2,8bab55d97d0349,procedural_proxy,useful,,3,yellow_triangle,3,yellow_triangle,0,direct_label_preservation,procedural_proxy_generator_v1,proxy candidate for yellow_triangle,prototype_gate,reject,prototype_label_mismatch,0,red_square,0.5467521363821815,36.12048972990804,0.27888710171568626,0.271644726151434,,,"{""source_low_shot_index"": 14}"
2,be28abea3c4bdf,procedural_proxy,label_drift,,3,yellow_triangle,4,purple_diamond,1,direct_label_preservation,procedural_proxy_generator_v1,proxy candidate for yellow_triangle,prototype_gate,reject,prototype_label_mismatch,0,red_square,0.6176911257595142,44.52437083703534,0.16972273284313724,0.23497585326320714,,,"{""source_low_shot_index"": 14}"
2,2b9fcf74cda19f,procedural_proxy,label_drift,,3,yellow_triangle,4,purple_diamond,1,direct_label_preservation,procedural_proxy_generator_v1,proxy candidate for yellow_triangle,prototype_gate,reject,prototype_label_mismatch,4,purple_diamond,0.7774991719640396,27.902637958599634,0.26440589256535946,0.20091955707783693,,,"{""source_low_shot_index"": 14}"
2,ea78e4bc8135db,procedural_proxy,label_drift,,3,yellow_triangle,0,red_square,1,direct_label_preservation,procedural_proxy_generator_v1,proxy candidate for yellow_triangle,prototype_gate,reject,prototype_label_mismatch,0,red_square,0.8939389221278832,33.82826586293462,0.2541002859477124,0.21345374698401004,,,"{""source_low_shot_index"": 14}"
2,748255c00d43d0,procedural_proxy,label_drift,,3,yellow_triangle,0,red_square,1,direct_label_preservation,procedural_proxy_generator_v1,proxy candidate for yellow_triangle,prototype_gate,retain,retain,3,yellow_triangle,0.6142999166828496,47.09809104889188,0.23233379289215686,0.25717855540065615,,,"{""source_low_shot_index"": 14}"
2,26378e8b12e574,procedural_proxy,label_drift,,3,yellow_triangle,1,green_circle,1,direct_label_preservation,procedural_proxy_generator_v1,proxy candidate for yellow_triangle,prototype_gate,reject,low_confidence+prototype_label_mismatch,2,blue_x,0.4238183553679151,33.11939252906257,0.18647875816993462,0.13808669357408437,,,"{""source_low_shot_index"": 14}"
2,9d60779bea5c85,procedural_proxy,label_drift,,3,yellow_triangle,4,purple_diamond,1,direct_label_preservation,procedural_proxy_generator_v1,proxy candidate for yellow_triangle,prototype_gate,reject,prototype_label_mismatch,4,purple_diamond,0.9452865504126258,21.19390422239242,0.243929993872549,0.19452027787746007,,,"{""source_low_shot_index"": 14}"
2,5c759808603892,procedural_proxy,label_drift,,3,yellow_triangle,2,blue_x,1,direct_label_preservation,procedural_proxy_generator_v1,proxy candidate for yellow_triangle,prototype_gate,retain,retain,3,yellow_triangle,0.5536541220192471,35.786750429103364,0.2344886131535948,0.12625502125957444,,,"{""source_low_shot_index"": 14}"
2,b7773c1771554d,procedural_proxy,label_drift,,3,yellow_triangle,1,green_circle,1,direct_label_preservation,procedural_proxy_generator_v1,proxy candidate for yellow_triangle,prototype_gate,reject,prototype_label_mismatch,0,red_square,0.5027784737159884,46.75719481801721,0.22074397467320261,0.2605395053897277,,,"{""source_low_shot_index"": 14}"
2,ec13cfd047a0f6,procedural_proxy,artifact,,3,yellow_triangle,3,yellow_triangle,1,direct_label_preservation,procedural_proxy_generator_v1,proxy candidate for yellow_triangle,prototype_gate,reject,far_from_real_prototype+prototype_label_mismatch,2,blue_x,0.8403006684156344,130.11111293921937,0.49467550040849667,0.28738434774752347,,,"{""source_low_shot_index"": 14}"
2,bb7ea37a01fd4b,procedural_proxy,label_drift,,3,yellow_triangle,2,blue_x,1,direct_label_preservation,procedural_proxy_generator_v1,proxy candidate for yellow_triangle,prototype_gate,reject,prototype_label_mismatch,1,green_circle,0.8909098175466437,48.11521710208187,0.16857894199346404,0.18466378669925299,,,"{""source_low_shot_index"": 14}"
2,7024f01337de0c,procedural_proxy,label_drift,,3,yellow_triangle,4,purple_diamond,1,direct_label_preservation,procedural_proxy_generator_v1,proxy candidate for yellow_triangle,prototype_gate,reject,prototype_label_mismatch,1,green_circle,0.9768268931443711,37.08999750021789,0.23265676062091503,0.18889099887047556,,,"{""source_low_shot_index"": 14}"
2,1f3e2d7287e032,procedural_proxy,artifact,,3,yellow_triangle,3,yellow_triangle,1,direct_label_preservation,procedural_proxy_generator_v1,proxy candidate for yellow_triangle,prototype_gate,reject,far_from_real_prototype+prototype_label_mismatch,2,blue_x,0.7694967728941734,132.4675739899395,0.49397084354575166,0.28644721803071405,,,"{""source_low_shot_index"": 14}"
2,75a9f6ea8e4363,procedural_proxy,label_drift,,3,yellow_triangle,1,green_circle,1,direct_label_preservation,procedural_proxy_generator_v1,proxy candidate for yellow_triangle,prototype_gate,reject,prototype_label_mismatch,2,blue_x,0.5738232570240378,34.566179976538955,0.22664802900326797,0.21916055112912108,,,"{""source_low_shot_index"": 14}"
2,0b6876d107af69,procedural_proxy,useful,,3,yellow_triangle,3,yellow_triangle,0,direct_label_preservation,procedural_proxy_generator_v1,proxy candidate for yellow_triangle,prototype_gate,reject,prototype_label_mismatch,0,red_square,0.8432055468752577,34.29167499312983,0.1806283190359477,0.2081777804882328,,,"{""source_low_shot_index"": 14}"
2,283db6ed37ad4d,procedural_proxy,label_drift,,3,yellow_triangle,4,purple_diamond,1,direct_label_preservation,procedural_proxy_generator_v1,proxy candidate for yellow_triangle,prototype_gate,reject,prototype_label_mismatch,2,blue_x,0.865094728802944,31.100363835916312,0.213101256127451,0.1680899102702855,,,"{""source_low_shot_index"": 14}"
2,b8e0176bd967ee,procedural_proxy,useful,,3,yellow_triangle,3,yellow_triangle,0,direct_label_preservation,procedural_proxy_generator_v1,proxy candidate for yellow_triangle,prototype_gate,reject,prototype_label_mismatch,0,red_square,0.6179349960324405,55.1986207854014,0.20146675857843135,0.28841176250383455,,,"{""source_low_shot_index"": 14}"
2,18ec07c951db25,procedural_proxy,useful,,3,yellow_triangle,3,yellow_triangle,0,direct_label_preservation,procedural_proxy_generator_v1,proxy candidate for yellow_triangle,prototype_gate,retain,retain,3,yellow_triangle,0.8102721996180381,37.24433170159776,0.2739800347222222,0.22457328739221663,,,"{""source_low_shot_index"": 14}"
2,0d989477fec6ab,procedural_proxy,useful,,3,yellow_triangle,3,yellow_triangle,0,direct_label_preservation,procedural_proxy_generator_v1,proxy candidate for yellow_triangle,prototype_gate,retain,retain,3,yellow_triangle,0.9983894488303887,31.54081032209462,0.30339818218954245,0.2492712256775413,,,"{""source_low_shot_index"": 14}"
2,5fdf903be15c3e,procedural_proxy,label_drift,,3,yellow_triangle,2,blue_x,1,direct_label_preservation,procedural_proxy_generator_v1,proxy candidate for yellow_triangle,prototype_gate,reject,prototype_label_mismatch,2,blue_x,0.8501332641365628,36.42210302528305,0.2604958129084967,0.12376398093318153,,,"{""source_low_shot_index"": 14}"
2,e3405aed69a83c,procedural_proxy,useful,,3,yellow_triangle,3,yellow_triangle,0,direct_label_preservation,procedural_proxy_generator_v1,proxy candidate for yellow_triangle,prototype_gate,reject,prototype_label_mismatch,1,green_circle,0.5209797709206553,60.34864967416281,0.21768152573529412,0.2953914728934173,,,"{""source_low_shot_index"": 15}"
2,7dec73a9909d4d,procedural_proxy,label_drift,,3,yellow_triangle,2,blue_x,1,direct_label_preservation,procedural_proxy_generator_v1,proxy candidate for yellow_triangle,prototype_gate,retain,retain,3,yellow_triangle,0.8591181711096844,42.38322591907118,0.27076695261437905,0.15353541290707642,,,"{""source_low_shot_index"": 15}"
2,3bae7925b90f20,procedural_proxy,label_drift,,3,yellow_triangle,4,purple_diamond,1,direct_label_preservation,procedural_proxy_generator_v1,proxy candidate for yellow_triangle,prototype_gate,reject,prototype_label_mismatch,0,red_square,0.5809696008057443,22.630714682037592,0.19919066584967324,0.1650744112247834,,,"{""source_low_shot_index"": 15}"
2,1efefd5fe51340,procedural_proxy,label_drift,,3,yellow_triangle,4,purple_diamond,1,direct_label_preservation,procedural_proxy_generator_v1,proxy candidate for yellow_triangle,prototype_gate,retain,retain,3,yellow_triangle,0.7634417750361313,36.56144790464392,0.20834482230392157,0.1689785340569922,,,"{""source_low_shot_index"": 15}"
2,da456b9cdbfc9e,procedural_proxy,label_drift,,3,yellow_triangle,1,green_circle,1,direct_label_preservation,procedural_proxy_generator_v1,proxy candidate for yellow_triangle,prototype_gate,reject,prototype_label_mismatch,1,green_circle,0.9898688574186885,24.512967425236287,0.1772811989379085,0.18436306634853347,,,"{""source_low_shot_index"": 15}"
2,7e304f2d260602,procedural_proxy,label_drift,,3,yellow_triangle,0,red_square,1,direct_label_preservation,procedural_proxy_generator_v1,proxy candidate for yellow_triangle,prototype_gate,reject,prototype_label_mismatch,0,red_square,0.834366542377647,40.209179095124114,0.2240859885620915,0.2543542038361966,,,"{""source_low_shot_index"": 15}"
2,86bb1446f1f89b,procedural_proxy,label_drift,,3,yellow_triangle,0,red_square,1,direct_label_preservation,procedural_proxy_generator_v1,proxy candidate for yellow_triangle,prototype_gate,reject,prototype_label_mismatch,0,red_square,0.8564500647481287,24.674934392678853,0.24342192606209148,0.22266585603171915,,,"{""source_low_shot_index"": 15}"
2,53b26e022e5385,procedural_proxy,label_drift,,3,yellow_triangle,0,red_square,1,direct_label_preservation,procedural_proxy_generator_v1,proxy candidate for yellow_triangle,prototype_gate,reject,prototype_label_mismatch,0,red_square,0.7782933417157697,33.06741019323793,0.21419909109477123,0.24601677476780107,,,"{""source_low_shot_index"": 15}"
2,572cc2ce451232,procedural_proxy,useful,,3,yellow_triangle,3,yellow_triangle,0,direct_label_preservation,procedural_proxy_generator_v1,proxy candidate for yellow_triangle,prototype_gate,retain,retain,3,yellow_triangle,0.9885179297602237,21.641522977785794,0.20006510416666667,0.20253145399732164,,,"{""source_low_shot_index"": 15}"
2,c4c6c22e297071,procedural_proxy,label_drift,,3,yellow_triangle,2,blue_x,1,direct_label_preservation,procedural_proxy_generator_v1,proxy candidate for yellow_triangle,prototype_gate,reject,prototype_label_mismatch,1,green_circle,0.6600329746586114,47.24945773068009,0.2633374183006536,0.17868425814629063,,,"{""source_low_shot_index"": 15}"
2,881c092c92f5c9,procedural_proxy,useful,,3,yellow_triangle,3,yellow_triangle,0,direct_label_preservation,procedural_proxy_generator_v1,proxy candidate for yellow_triangle,prototype_gate,retain,retain,3,yellow_triangle,0.6158911078703186,45.698253205818624,0.2748659620098039,0.25325435797589335,,,"{""source_low_shot_index"": 15}"
2,cd98354941a4b8,procedural_proxy,label_drift,,3,yellow_triangle,2,blue_x,1,direct_label_preservation,procedural_proxy_generator_v1,proxy candidate for yellow_triangle,prototype_gate,reject,low_confidence+prototype_label_mismatch,0,red_square,0.46676678861985427,44.06993682790755,0.1929202410130719,0.24828892683711556,,,"{""source_low_shot_index"": 15}"
2,cdd0e0318ebac4,procedural_proxy,label_drift,,3,yellow_triangle,2,blue_x,1,direct_label_preservation,procedural_proxy_generator_v1,proxy candidate for yellow_triangle,prototype_gate,reject,prototype_label_mismatch,0,red_square,0.6097094310248355,43.578531316016544,0.13295547385620912,0.18440343549482055,,,"{""source_low_shot_index"": 15}"
2,8421af2d785764,procedural_proxy,useful,,3,yellow_triangle,3,yellow_triangle,0,direct_label_preservation,procedural_proxy_generator_v1,proxy candidate for yellow_triangle,prototype_gate,reject,prototype_label_mismatch,0,red_square,0.5799452646246692,45.8097363094192,0.18614685457516342,0.2857607063408212,,,"{""source_low_shot_index"": 15}"
2,490e5f06cd0af2,procedural_proxy,useful,,3,yellow_triangle,3,yellow_triangle,0,direct_label_preservation,procedural_proxy_generator_v1,proxy candidate for yellow_triangle,prototype_gate,retain,retain,3,yellow_triangle,0.9879430468298439,31.799045846070587,0.2736328125,0.22168072516907153,,,"{""source_low_shot_index"": 15}"
2,befc175237f3fa,procedural_proxy,label_drift,,3,yellow_triangle,1,green_circle,1,direct_label_preservation,procedural_proxy_generator_v1,proxy candidate for yellow_triangle,prototype_gate,reject,prototype_label_mismatch,1,green_circle,0.9033000623644192,27.966665832295185,0.1926470588235294,0.14833038904974202,,,"{""source_low_shot_index"": 15}"
2,cc69e5f72f7fab,procedural_proxy,label_drift,,3,yellow_triangle,0,red_square,1,direct_label_preservation,procedural_proxy_generator_v1,proxy candidate for yellow_triangle,prototype_gate,reject,prototype_label_mismatch,0,red_square,0.9914761216163175,28.740398901281075,0.1983532475490196,0.22896821189293526,,,"{""source_low_shot_index"": 15}"
2,9326d57583895d,procedural_proxy,label_drift,,3,yellow_triangle,4,purple_diamond,1,direct_label_preservation,procedural_proxy_generator_v1,proxy candidate for yellow_triangle,prototype_gate,reject,prototype_label_mismatch,1,green_circle,0.6177147733953932,33.903849407288206,0.22951899509803922,0.16256088884909073,,,"{""source_low_shot_index"": 15}"
2,766aac722907aa,procedural_proxy,label_drift,,3,yellow_triangle,2,blue_x,1,direct_label_preservation,procedural_proxy_generator_v1,proxy candidate for yellow_triangle,prototype_gate,reject,prototype_label_mismatch,2,blue_x,0.9566869051252818,25.3772439044869,0.20193142361111108,0.1906814678892215,,,"{""source_low_shot_index"": 15}"
2,64be80869c5d6e,procedural_proxy,label_drift,,3,yellow_triangle,0,red_square,1,direct_label_preservation,procedural_proxy_generator_v1,proxy candidate for yellow_triangle,prototype_gate,reject,prototype_label_mismatch,2,blue_x,0.5702077060952215,45.893115481980274,0.2840124591503268,0.168670044889882,,,"{""source_low_shot_index"": 15}"
2,ce98070928495a,procedural_proxy,label_drift,,4,purple_diamond,0,red_square,1,direct_label_preservation,procedural_proxy_generator_v1,proxy candidate for purple_diamond,prototype_gate,reject,prototype_label_mismatch,0,red_square,0.927254528176387,28.819289991898778,0.163546772875817,0.18052220204097022,,,"{""source_low_shot_index"": 16}"
2,13cfc46d6d54e8,procedural_proxy,label_drift,,4,purple_diamond,2,blue_x,1,direct_label_preservation,procedural_proxy_generator_v1,proxy candidate for purple_diamond,prototype_gate,reject,low_confidence+prototype_label_mismatch,0,red_square,0.4702406441534272,43.49653396979575,0.13937397875816993,0.21601121397035025,,,"{""source_low_shot_index"": 16}"
2,e7c8fd24944caf,procedural_proxy,label_drift,,4,purple_diamond,1,green_circle,1,direct_label_preservation,procedural_proxy_generator_v1,proxy candidate for purple_diamond,prototype_gate,reject,prototype_label_mismatch,1,green_circle,0.9962231072685952,39.395079772266165,0.20662913602941177,0.2457393427757609,,,"{""source_low_shot_index"": 16}"
2,c318ddc68ac659,procedural_proxy,useful,,4,purple_diamond,4,purple_diamond,0,direct_label_preservation,procedural_proxy_generator_v1,proxy candidate for purple_diamond,prototype_gate,reject,prototype_label_mismatch,1,green_circle,0.5301636072634032,42.07012022698848,0.2823682598039216,0.23489994933341377,,,"{""source_low_shot_index"": 16}"
2,15c8aec1c8e31c,procedural_proxy,label_drift,,4,purple_diamond,3,yellow_triangle,1,direct_label_preservation,procedural_proxy_generator_v1,proxy candidate for purple_diamond,prototype_gate,reject,prototype_label_mismatch,0,red_square,0.9326191992439163,28.272521485280095,0.20299223856209148,0.192488317377088,,,"{""source_low_shot_index"": 16}"
2,b13465e4d1960d,procedural_proxy,useful,,4,purple_diamond,4,purple_diamond,0,direct_label_preservation,procedural_proxy_generator_v1,proxy candidate for purple_diamond,prototype_gate,reject,prototype_label_mismatch,2,blue_x,0.939560433853723,38.30567698164626,0.21828150531045754,0.19316783262743764,,,"{""source_low_shot_index"": 16}"
2,fb26a47d70fa6c,procedural_proxy,useful,,4,purple_diamond,4,purple_diamond,0,direct_label_preservation,procedural_proxy_generator_v1,proxy candidate for purple_diamond,prototype_gate,reject,prototype_label_mismatch,2,blue_x,0.5460258152743823,45.999999026919475,0.296765216503268,0.15496793608413326,,,"{""source_low_shot_index"": 16}"
2,b7860da01c6158,procedural_proxy,label_drift,,4,purple_diamond,3,yellow_triangle,1,direct_label_preservation,procedural_proxy_generator_v1,proxy candidate for purple_diamond,prototype_gate,reject,prototype_label_mismatch,0,red_square,0.8521702428564505,19.181984381554898,0.20270884395424837,0.1823110190124175,,,"{""source_low_shot_index"": 16}"
2,946363dcc32aac,procedural_proxy,label_drift,,4,purple_diamond,3,yellow_triangle,1,direct_label_preservation,procedural_proxy_generator_v1,proxy candidate for purple_diamond,prototype_gate,reject,prototype_label_mismatch,0,red_square,0.5445011304070192,24.95773448598877,0.20756612540849673,0.24833188987809113,,,"{""source_low_shot_index"": 16}"
2,6d6d5abdd0cbd6,procedural_proxy,label_drift,,4,purple_diamond,2,blue_x,1,direct_label_preservation,procedural_proxy_generator_v1,proxy candidate for purple_diamond,prototype_gate,reject,prototype_label_mismatch,1,green_circle,0.6698600518143082,33.61348779513525,0.21881765727124183,0.14585036344499322,,,"{""source_low_shot_index"": 16}"
2,80868f75fab1ac,procedural_proxy,label_drift,,4,purple_diamond,2,blue_x,1,direct_label_preservation,procedural_proxy_generator_v1,proxy candidate for purple_diamond,prototype_gate,reject,prototype_label_mismatch,0,red_square,0.9805620536090727,23.645867626426682,0.1417049632352941,0.1302928783006403,,,"{""source_low_shot_index"": 16}"
2,9ac5c38fa5f2ed,procedural_proxy,label_drift,,4,purple_diamond,0,red_square,1,direct_label_preservation,procedural_proxy_generator_v1,proxy candidate for purple_diamond,prototype_gate,reject,prototype_label_mismatch,2,blue_x,0.7794170229623152,48.95043604279554,0.28016237745098044,0.17169858892442413,,,"{""source_low_shot_index"": 16}"
2,0f883bd2f64a4b,procedural_proxy,label_drift,,4,purple_diamond,0,red_square,1,direct_label_preservation,procedural_proxy_generator_v1,proxy candidate for purple_diamond,prototype_gate,reject,low_confidence+prototype_label_mismatch,1,green_circle,0.3509336377000379,52.056009953617256,0.24185814950980392,0.19701122557173184,,,"{""source_low_shot_index"": 16}"
2,e4671e7be94bd7,procedural_proxy,artifact,,4,purple_diamond,4,purple_diamond,1,direct_label_preservation,procedural_proxy_generator_v1,proxy candidate for purple_diamond,prototype_gate,reject,far_from_real_prototype+prototype_label_mismatch,2,blue_x,0.796673524535018,133.2126558028535,0.5041896446078431,0.28672191217247206,,,"{""source_low_shot_index"": 16}"
2,50708df2765b19,procedural_proxy,label_drift,,4,purple_diamond,2,blue_x,1,direct_label_preservation,procedural_proxy_generator_v1,proxy candidate for purple_diamond,prototype_gate,reject,prototype_label_mismatch,3,yellow_triangle,0.989997785746851,30.33015708373059,0.2310866013071895,0.188953284171379,,,"{""source_low_shot_index"": 16}"
2,fa4f90d9b0806c,procedural_proxy,label_drift,,4,purple_diamond,3,yellow_triangle,1,direct_label_preservation,procedural_proxy_generator_v1,proxy candidate for purple_diamond,prototype_gate,reject,prototype_label_mismatch,3,yellow_triangle,0.939153768471019,25.165243926551977,0.21926062091503265,0.17614612960109297,,,"{""source_low_shot_index"": 16}"
2,53f6e97bc89cad,procedural_proxy,artifact,,4,purple_diamond,4,purple_diamond,1,direct_label_preservation,procedural_proxy_generator_v1,proxy candidate for purple_diamond,prototype_gate,reject,far_from_real_prototype+prototype_label_mismatch,2,blue_x,0.7943141868694273,111.74898930185991,0.4200827205882353,0.29599150275774133,,,"{""source_low_shot_index"": 16}"
2,84d383ed1c717d,procedural_proxy,label_drift,,4,purple_diamond,3,yellow_triangle,1,direct_label_preservation,procedural_proxy_generator_v1,proxy candidate for purple_diamond,prototype_gate,reject,low_confidence+prototype_label_mismatch,2,blue_x,0.45551899649525734,35.51183250668093,0.27027292687908494,0.25026755375243165,,,"{""source_low_shot_index"": 16}"
2,aa2dcfcb3d3f8d,procedural_proxy,label_drift,,4,purple_diamond,0,red_square,1,direct_label_preservation,procedural_proxy_generator_v1,proxy candidate for purple_diamond,prototype_gate,retain,retain,4,purple_diamond,0.5062391742994655,37.26495728860538,0.22715737336601308,0.26278086555195124,,,"{""source_low_shot_index"": 16}"
2,41dbee28db339f,procedural_proxy,label_drift,,4,purple_diamond,3,yellow_triangle,1,direct_label_preservation,procedural_proxy_generator_v1,proxy candidate for purple_diamond,prototype_gate,reject,prototype_label_mismatch,3,yellow_triangle,0.9686865548958489,29.1105309035814,0.20724443423202618,0.20496636949780814,,,"{""source_low_shot_index"": 16}"
2,7bb4fae48ad410,procedural_proxy,label_drift,,4,purple_diamond,1,green_circle,1,direct_label_preservation,procedural_proxy_generator_v1,proxy candidate for purple_diamond,prototype_gate,reject,prototype_label_mismatch,1,green_circle,0.9569476608476866,28.839132423731623,0.25294500612745097,0.1318547722815342,,,"{""source_low_shot_index"": 17}"
2,22632f97868fbd,procedural_proxy,artifact,,4,purple_diamond,4,purple_diamond,1,direct_label_preservation,procedural_proxy_generator_v1,proxy candidate for purple_diamond,prototype_gate,reject,far_from_real_prototype+prototype_label_mismatch,2,blue_x,0.9421840023909493,130.06951381114015,0.508734170751634,0.2861829804056149,,,"{""source_low_shot_index"": 17}"
2,4e016b500d78f3,procedural_proxy,label_drift,,4,purple_diamond,1,green_circle,1,direct_label_preservation,procedural_proxy_generator_v1,proxy candidate for purple_diamond,prototype_gate,reject,prototype_label_mismatch,1,green_circle,0.5087597247430534,34.220763705766736,0.18683363970588238,0.15394198480493893,,,"{""source_low_shot_index"": 17}"
2,bb7802288800e6,procedural_proxy,useful,,4,purple_diamond,4,purple_diamond,0,direct_label_preservation,procedural_proxy_generator_v1,proxy candidate for purple_diamond,prototype_gate,retain,retain,4,purple_diamond,0.724078317711996,41.48271891336879,0.20994561887254903,0.2898390278194754,,,"{""source_low_shot_index"": 17}"
2,61a51e47f7b850,procedural_proxy,label_drift,,4,purple_diamond,2,blue_x,1,direct_label_preservation,procedural_proxy_generator_v1,proxy candidate for purple_diamond,prototype_gate,retain,retain,4,purple_diamond,0.6285280697981321,25.052545711259704,0.18483838848039214,0.1813763305102739,,,"{""source_low_shot_index"": 17}"
2,596216a01a60cc,procedural_proxy,label_drift,,4,purple_diamond,0,red_square,1,direct_label_preservation,procedural_proxy_generator_v1,proxy candidate for purple_diamond,prototype_gate,reject,low_confidence+prototype_label_mismatch,0,red_square,0.3653672628760879,37.87849734220811,0.25613000408496733,0.19060041768806432,,,"{""source_low_shot_index"": 17}"
2,2bee36ee8333ea,procedural_proxy,label_drift,,4,purple_diamond,1,green_circle,1,direct_label_preservation,procedural_proxy_generator_v1,proxy candidate for purple_diamond,prototype_gate,reject,prototype_label_mismatch,1,green_circle,0.9077342939413067,32.29159767847012,0.2513288909313725,0.17582564067247192,,,"{""source_low_shot_index"": 17}"
2,6b98ea30fa51f9,procedural_proxy,useful,,4,purple_diamond,4,purple_diamond,0,direct_label_preservation,procedural_proxy_generator_v1,proxy candidate for purple_diamond,prototype_gate,reject,low_confidence+prototype_label_mismatch,3,yellow_triangle,0.3881435889098034,46.07616562933845,0.3150250204248366,0.23121117824018483,,,"{""source_low_shot_index"": 17}"
2,d8fc25d55fba65,procedural_proxy,label_drift,,4,purple_diamond,3,yellow_triangle,1,direct_label_preservation,procedural_proxy_generator_v1,proxy candidate for purple_diamond,prototype_gate,reject,prototype_label_mismatch,3,yellow_triangle,0.7413737316322718,25.235492984534652,0.20309691584967324,0.2126277658820634,,,"{""source_low_shot_index"": 17}"
2,27583534ac5097,procedural_proxy,label_drift,,4,purple_diamond,2,blue_x,1,direct_label_preservation,procedural_proxy_generator_v1,proxy candidate for purple_diamond,prototype_gate,reject,prototype_label_mismatch,1,green_circle,0.9891137512262482,36.538431815634645,0.1849239174836601,0.16003891045982777,,,"{""source_low_shot_index"": 17}"
2,e9c721195c1bdc,procedural_proxy,useful,,4,purple_diamond,4,purple_diamond,0,direct_label_preservation,procedural_proxy_generator_v1,proxy candidate for purple_diamond,prototype_gate,reject,prototype_label_mismatch,2,blue_x,0.9126051106290025,33.85222149384291,0.22026143790849675,0.16802447356672082,,,"{""source_low_shot_index"": 17}"
2,fbabb6ef18ac17,procedural_proxy,label_drift,,4,purple_diamond,0,red_square,1,direct_label_preservation,procedural_proxy_generator_v1,proxy candidate for purple_diamond,prototype_gate,reject,prototype_label_mismatch,3,yellow_triangle,0.9905465209020489,34.27663930182509,0.2334277982026144,0.16256853378653394,,,"{""source_low_shot_index"": 17}"
2,b3d5cbe2ed471a,procedural_proxy,label_drift,,4,purple_diamond,1,green_circle,1,direct_label_preservation,procedural_proxy_generator_v1,proxy candidate for purple_diamond,prototype_gate,reject,low_confidence+prototype_label_mismatch,1,green_circle,0.3731782282172462,40.99411440556592,0.24435763888888892,0.17257177112623298,,,"{""source_low_shot_index"": 17}"
2,56b788ef05b5a9,procedural_proxy,label_drift,,4,purple_diamond,1,green_circle,1,direct_label_preservation,procedural_proxy_generator_v1,proxy candidate for purple_diamond,prototype_gate,reject,prototype_label_mismatch,1,green_circle,0.9890378785345965,25.408858930020575,0.18923866421568628,0.1872886760143889,,,"{""source_low_shot_index"": 17}"
2,4760c642c2c6cb,procedural_proxy,label_drift,,4,purple_diamond,2,blue_x,1,direct_label_preservation,procedural_proxy_generator_v1,proxy candidate for purple_diamond,prototype_gate,reject,prototype_label_mismatch,1,green_circle,0.8437101324799859,40.373939373369446,0.2402994791666667,0.17062280675861438,,,"{""source_low_shot_index"": 17}"
2,637c1c4f9d796d,procedural_proxy,label_drift,,4,purple_diamond,2,blue_x,1,direct_label_preservation,procedural_proxy_generator_v1,proxy candidate for purple_diamond,prototype_gate,reject,prototype_label_mismatch,2,blue_x,0.9409813938810832,34.264614523550826,0.22834712009803923,0.20781545568778437,,,"{""source_low_shot_index"": 17}"
2,d4c97353839849,procedural_proxy,artifact,,4,purple_diamond,4,purple_diamond,1,direct_label_preservation,procedural_proxy_generator_v1,proxy candidate for purple_diamond,prototype_gate,reject,far_from_real_prototype+prototype_label_mismatch,2,blue_x,0.801662261216338,131.93801625171224,0.4989340788398693,0.289139732593432,,,"{""source_low_shot_index"": 17}"
2,4658880ca24d6e,procedural_proxy,useful,,4,purple_diamond,4,purple_diamond,0,direct_label_preservation,procedural_proxy_generator_v1,proxy candidate for purple_diamond,prototype_gate,retain,retain,4,purple_diamond,0.5564640084206623,28.029101930584694,0.20231821895424837,0.1735544574878024,,,"{""source_low_shot_index"": 17}"
2,d79389c4cea30c,procedural_proxy,label_drift,,4,purple_diamond,1,green_circle,1,direct_label_preservation,procedural_proxy_generator_v1,proxy candidate for purple_diamond,prototype_gate,reject,low_confidence+prototype_label_mismatch,2,blue_x,0.439997317285406,24.366013494543523,0.18733787785947711,0.15098225101567556,,,"{""source_low_shot_index"": 17}"
2,925655b3cef7d3,procedural_proxy,label_drift,,4,purple_diamond,3,yellow_triangle,1,direct_label_preservation,procedural_proxy_generator_v1,proxy candidate for purple_diamond,prototype_gate,reject,low_confidence+prototype_label_mismatch,0,red_square,0.495998907324406,38.39458496785872,0.21013965482026142,0.2230128580549438,,,"{""source_low_shot_index"": 17}"
2,089a57fbfc071b,procedural_proxy,useful,,4,purple_diamond,4,purple_diamond,0,direct_label_preservation,procedural_proxy_generator_v1,proxy candidate for purple_diamond,prototype_gate,reject,prototype_label_mismatch,1,green_circle,0.7881555689628875,46.529489900847395,0.2600285947712418,0.24453587405628874,,,"{""source_low_shot_index"": 18}"
2,2ced783b70f14a,procedural_proxy,label_drift,,4,purple_diamond,2,blue_x,1,direct_label_preservation,procedural_proxy_generator_v1,proxy candidate for purple_diamond,prototype_gate,reject,prototype_label_mismatch,2,blue_x,0.998028561636476,33.61233362758929,0.2590635212418301,0.12789700296838147,,,"{""source_low_shot_index"": 18}"
2,15ee06eb283896,procedural_proxy,label_drift,,4,purple_diamond,3,yellow_triangle,1,direct_label_preservation,procedural_proxy_generator_v1,proxy candidate for purple_diamond,prototype_gate,reject,prototype_label_mismatch,3,yellow_triangle,0.9992314515907945,26.350643283596938,0.2377578635620915,0.215384349676646,,,"{""source_low_shot_index"": 18}"
2,e6abe3dda046fd,procedural_proxy,label_drift,,4,purple_diamond,2,blue_x,1,direct_label_preservation,procedural_proxy_generator_v1,proxy candidate for purple_diamond,prototype_gate,reject,prototype_label_mismatch,2,blue_x,0.5979279554128722,34.8514286568219,0.21930019403594772,0.1768239542240811,,,"{""source_low_shot_index"": 18}"
2,5a569e905f05dd,procedural_proxy,useful,,4,purple_diamond,4,purple_diamond,0,direct_label_preservation,procedural_proxy_generator_v1,proxy candidate for purple_diamond,prototype_gate,reject,prototype_label_mismatch,2,blue_x,0.9781812851138958,24.086619216886564,0.24254238153594773,0.14885308112208218,,,"{""source_low_shot_index"": 18}"
2,b367ece6f4a5f2,procedural_proxy,label_drift,,4,purple_diamond,3,yellow_triangle,1,direct_label_preservation,procedural_proxy_generator_v1,proxy candidate for purple_diamond,prototype_gate,reject,prototype_label_mismatch,3,yellow_triangle,0.5858488925572951,38.00210331787238,0.2673406862745098,0.2457716769078138,,,"{""source_low_shot_index"": 18}"
2,c8ce0fd3bfd400,procedural_proxy,artifact,,4,purple_diamond,4,purple_diamond,1,direct_label_preservation,procedural_proxy_generator_v1,proxy candidate for purple_diamond,prototype_gate,reject,far_from_real_prototype+prototype_label_mismatch,2,blue_x,0.6954400885713579,131.84116286602324,0.4996208639705883,0.29018014943465925,,,"{""source_low_shot_index"": 18}"
2,65e45fe91d9f64,procedural_proxy,label_drift,,4,purple_diamond,0,red_square,1,direct_label_preservation,procedural_proxy_generator_v1,proxy candidate for purple_diamond,prototype_gate,reject,prototype_label_mismatch,3,yellow_triangle,0.9878913492793626,30.267065553895673,0.24698861315359477,0.21936746917836838,,,"{""source_low_shot_index"": 18}"
2,162df15b1ddb25,procedural_proxy,label_drift,,4,purple_diamond,1,green_circle,1,direct_label_preservation,procedural_proxy_generator_v1,proxy candidate for purple_diamond,prototype_gate,reject,prototype_label_mismatch,2,blue_x,0.9900263679744739,27.287442659760313,0.25507684844771245,0.20128452809985245,,,"{""source_low_shot_index"": 18}"
2,81395e518e1c7a,procedural_proxy,label_drift,,4,purple_diamond,3,yellow_triangle,1,direct_label_preservation,procedural_proxy_generator_v1,proxy candidate for purple_diamond,prototype_gate,reject,prototype_label_mismatch,0,red_square,0.5833813950739984,22.85574540534457,0.1889450571895425,0.1755244723646346,,,"{""source_low_shot_index"": 18}"
2,a77856eee5c286,procedural_proxy,label_drift,,4,purple_diamond,2,blue_x,1,direct_label_preservation,procedural_proxy_generator_v1,proxy candidate for purple_diamond,prototype_gate,reject,prototype_label_mismatch,3,yellow_triangle,0.566229957202811,41.85796497079045,0.2512701695261438,0.2050272350454718,,,"{""source_low_shot_index"": 18}"
2,38edd667cd83da,procedural_proxy,label_drift,,4,purple_diamond,1,green_circle,1,direct_label_preservation,procedural_proxy_generator_v1,proxy candidate for purple_diamond,prototype_gate,reject,prototype_label_mismatch,1,green_circle,0.9258444032765533,38.79306420696391,0.18302440767973857,0.1582942800266706,,,"{""source_low_shot_index"": 18}"
2,cb99b15593b796,procedural_proxy,useful,,4,purple_diamond,4,purple_diamond,0,direct_label_preservation,procedural_proxy_generator_v1,proxy candidate for purple_diamond,prototype_gate,retain,retain,4,purple_diamond,0.6257564807540924,45.29369490353887,0.2639361213235294,0.27274790219715817,,,"{""source_low_shot_index"": 18}"
2,730eb725638065,procedural_proxy,label_drift,,4,purple_diamond,2,blue_x,1,direct_label_preservation,procedural_proxy_generator_v1,proxy candidate for purple_diamond,prototype_gate,reject,prototype_label_mismatch,1,green_circle,0.9351102100189099,37.08012374958873,0.1586141748366013,0.19132932401175234,,,"{""source_low_shot_index"": 18}"
2,bcd3610d292b6e,procedural_proxy,artifact,,4,purple_diamond,4,purple_diamond,1,direct_label_preservation,procedural_proxy_generator_v1,proxy candidate for purple_diamond,prototype_gate,reject,far_from_real_prototype+prototype_label_mismatch,2,blue_x,0.7812142741159904,128.18986013397887,0.48804125816993454,0.2887276616633165,,,"{""source_low_shot_index"": 18}"
2,e0a4e8a1a1dd14,procedural_proxy,label_drift,,4,purple_diamond,2,blue_x,1,direct_label_preservation,procedural_proxy_generator_v1,proxy candidate for purple_diamond,prototype_gate,reject,prototype_label_mismatch,2,blue_x,0.6328312937319861,35.25118005255744,0.2540045445261438,0.18884505863293116,,,"{""source_low_shot_index"": 18}"
2,cb8741594c9016,procedural_proxy,label_drift,,4,purple_diamond,3,yellow_triangle,1,direct_label_preservation,procedural_proxy_generator_v1,proxy candidate for purple_diamond,prototype_gate,reject,prototype_label_mismatch,3,yellow_triangle,0.9914849880220824,41.956253573600215,0.2667432598039216,0.1950957404858937,,,"{""source_low_shot_index"": 18}"
2,7fa3cec309aa73,procedural_proxy,label_drift,,4,purple_diamond,3,yellow_triangle,1,direct_label_preservation,procedural_proxy_generator_v1,proxy candidate for purple_diamond,prototype_gate,reject,prototype_label_mismatch,3,yellow_triangle,0.9991866143994114,22.371770621962177,0.25233226102941175,0.18839407725328844,,,"{""source_low_shot_index"": 18}"
2,dfad7b8ac1dbe0,procedural_proxy,artifact,,4,purple_diamond,4,purple_diamond,1,direct_label_preservation,procedural_proxy_generator_v1,proxy candidate for purple_diamond,prototype_gate,reject,far_from_real_prototype+prototype_label_mismatch,2,blue_x,0.9285938415716063,122.10856365649151,0.48463924632352945,0.32013820475653176,,,"{""source_low_shot_index"": 18}"
2,99333cbc8ca05a,procedural_proxy,label_drift,,4,purple_diamond,2,blue_x,1,direct_label_preservation,procedural_proxy_generator_v1,proxy candidate for purple_diamond,prototype_gate,reject,prototype_label_mismatch,1,green_circle,0.5943583559207386,37.864412804185974,0.19907194648692808,0.2141337720752303,,,"{""source_low_shot_index"": 18}"
2,61a5e46598129c,procedural_proxy,label_drift,,4,purple_diamond,3,yellow_triangle,1,direct_label_preservation,procedural_proxy_generator_v1,proxy candidate for purple_diamond,prototype_gate,reject,prototype_label_mismatch,3,yellow_triangle,0.6092974098881436,34.7688540381713,0.20017233455882355,0.2519036068346617,,,"{""source_low_shot_index"": 19}"
2,a994c19fc7c7fd,procedural_proxy,useful,,4,purple_diamond,4,purple_diamond,0,direct_label_preservation,procedural_proxy_generator_v1,proxy candidate for purple_diamond,prototype_gate,reject,prototype_label_mismatch,2,blue_x,0.6168468656563664,40.8079769204132,0.2484106924019608,0.2491827714952247,,,"{""source_low_shot_index"": 19}"
2,638c5ddc7f2d6e,procedural_proxy,label_drift,,4,purple_diamond,0,red_square,1,direct_label_preservation,procedural_proxy_generator_v1,proxy candidate for purple_diamond,prototype_gate,reject,prototype_label_mismatch,3,yellow_triangle,0.7828443784142862,42.58763828602634,0.24463209763071894,0.22071431845679396,,,"{""source_low_shot_index"": 19}"
2,922e4879d2570f,procedural_proxy,useful,,4,purple_diamond,4,purple_diamond,0,direct_label_preservation,procedural_proxy_generator_v1,proxy candidate for purple_diamond,prototype_gate,retain,retain,4,purple_diamond,0.9811866593808681,25.559237766052554,0.21501353145424837,0.22134583720136322,,,"{""source_low_shot_index"": 19}"
2,b16f3af4d431bc,procedural_proxy,label_drift,,4,purple_diamond,3,yellow_triangle,1,direct_label_preservation,procedural_proxy_generator_v1,proxy candidate for purple_diamond,prototype_gate,reject,prototype_label_mismatch,3,yellow_triangle,0.9987835498445654,22.881082382708485,0.23555836397058827,0.2467705096056514,,,"{""source_low_shot_index"": 19}"
2,4b6d949dd6f611,procedural_proxy,useful,,4,purple_diamond,4,purple_diamond,0,direct_label_preservation,procedural_proxy_generator_v1,proxy candidate for purple_diamond,prototype_gate,retain,retain,4,purple_diamond,0.9673815181689248,41.41444060226953,0.22382557189542482,0.26885726700153945,,,"{""source_low_shot_index"": 19}"
2,8a0f67c4bd1742,procedural_proxy,label_drift,,4,purple_diamond,0,red_square,1,direct_label_preservation,procedural_proxy_generator_v1,proxy candidate for purple_diamond,prototype_gate,reject,prototype_label_mismatch,1,green_circle,0.5978434948782156,38.75327478776437,0.22374004289215685,0.16353926966091528,,,"{""source_low_shot_index"": 19}"
2,1d3b4d20b5e7f8,procedural_proxy,useful,,4,purple_diamond,4,purple_diamond,0,direct_label_preservation,procedural_proxy_generator_v1,proxy candidate for purple_diamond,prototype_gate,reject,low_confidence,4,purple_diamond,0.3336785602443718,45.57920154500942,0.2777471405228758,0.20322370196768816,,,"{""source_low_shot_index"": 19}"
2,62adfb786b550e,procedural_proxy,label_drift,,4,purple_diamond,0,red_square,1,direct_label_preservation,procedural_proxy_generator_v1,proxy candidate for purple_diamond,prototype_gate,reject,prototype_label_mismatch,3,yellow_triangle,0.9846149998656196,35.68543314002223,0.30883374183006534,0.2583557529707177,,,"{""source_low_shot_index"": 19}"
2,fdb8e17189c394,procedural_proxy,useful,,4,purple_diamond,4,purple_diamond,0,direct_label_preservation,procedural_proxy_generator_v1,proxy candidate for purple_diamond,prototype_gate,retain,retain,4,purple_diamond,0.8571505428229547,24.05646903459834,0.2536088133169934,0.21969035857109706,,,"{""source_low_shot_index"": 19}"
2,411e900d72701d,procedural_proxy,useful,,4,purple_diamond,4,purple_diamond,0,direct_label_preservation,procedural_proxy_generator_v1,proxy candidate for purple_diamond,prototype_gate,reject,prototype_label_mismatch,2,blue_x,0.9901691659948555,29.703353852613155,0.2247625612745098,0.1716464027479138,,,"{""source_low_shot_index"": 19}"
2,58e101d0315908,procedural_proxy,label_drift,,4,purple_diamond,2,blue_x,1,direct_label_preservation,procedural_proxy_generator_v1,proxy candidate for purple_diamond,prototype_gate,reject,prototype_label_mismatch,0,red_square,0.9133719356864841,23.486556759828808,0.1498251123366013,0.1305326246233643,,,"{""source_low_shot_index"": 19}"
2,a15cdc41c9ed8c,procedural_proxy,label_drift,,4,purple_diamond,2,blue_x,1,direct_label_preservation,procedural_proxy_generator_v1,proxy candidate for purple_diamond,prototype_gate,reject,prototype_label_mismatch,1,green_circle,0.9319193568717833,40.00180611943663,0.1697393280228758,0.21255384744726216,,,"{""source_low_shot_index"": 19}"
2,1dd61b1c352804,procedural_proxy,label_drift,,4,purple_diamond,1,green_circle,1,direct_label_preservation,procedural_proxy_generator_v1,proxy candidate for purple_diamond,prototype_gate,reject,prototype_label_mismatch,1,green_circle,0.958808662322455,29.452134917376284,0.14891620710784315,0.13290576991538047,,,"{""source_low_shot_index"": 19}"
2,cd86cce0a14a20,procedural_proxy,label_drift,,4,purple_diamond,1,green_circle,1,direct_label_preservation,procedural_proxy_generator_v1,proxy candidate for purple_diamond,prototype_gate,reject,prototype_label_mismatch,1,green_circle,0.9388884578490615,38.87363672380112,0.21517693014705883,0.16098269796940415,,,"{""source_low_shot_index"": 19}"
2,3d8531dc3fa9ee,procedural_proxy,useful,,4,purple_diamond,4,purple_diamond,0,direct_label_preservation,procedural_proxy_generator_v1,proxy candidate for purple_diamond,prototype_gate,reject,low_confidence+prototype_label_mismatch,1,green_circle,0.3925435993730802,51.66572868984308,0.26485523897058827,0.28237933571038415,,,"{""source_low_shot_index"": 19}"
2,6ba7c750e3baee,procedural_proxy,artifact,,4,purple_diamond,4,purple_diamond,1,direct_label_preservation,procedural_proxy_generator_v1,proxy candidate for purple_diamond,prototype_gate,reject,far_from_real_prototype+prototype_label_mismatch,2,blue_x,0.8237036367789319,131.48659550203925,0.5000051062091503,0.2879860588876074,,,"{""source_low_shot_index"": 19}"
2,ca21bd8087f53c,procedural_proxy,useful,,4,purple_diamond,4,purple_diamond,0,direct_label_preservation,procedural_proxy_generator_v1,proxy candidate for purple_diamond,prototype_gate,reject,prototype_label_mismatch,2,blue_x,0.5069270685220151,43.76153673817028,0.31642284517973857,0.1669214463476199,,,"{""source_low_shot_index"": 19}"
2,4126f955d34d68,procedural_proxy,label_drift,,4,purple_diamond,3,yellow_triangle,1,direct_label_preservation,procedural_proxy_generator_v1,proxy candidate for purple_diamond,prototype_gate,reject,low_confidence+prototype_label_mismatch,3,yellow_triangle,0.3303131627927924,40.90402719966736,0.26546160130718954,0.2419808093904619,,,"{""source_low_shot_index"": 19}"
2,5397a293f42c3a,procedural_proxy,label_drift,,4,purple_diamond,0,red_square,1,direct_label_preservation,procedural_proxy_generator_v1,proxy candidate for purple_diamond,prototype_gate,retain,retain,4,purple_diamond,0.5386925772965522,38.628322764551505,0.18902420343137252,0.17888639074370896,,,"{""source_low_shot_index"": 19}"
